StudyInstanceUID,vendor,model,field,n_series,n_slices,gb,poor,any3d,rows_med,lang,gold,site_proxy
1.2.826.0.1.3680043.8.498.10004873229099053869093324292195817260,PHILIPS,Ingenia,1.5,5,94,0.061649706,False,False,560.0,es,False,es|PHILIPS
1.2.826.0.1.3680043.8.498.10004945927472656027199792075652399585,SIEMENS,MAGNETOM Vida,3.0,5,166,0.153066702,False,False,640.0,nl,False,nl|SIEMENS
1.2.826.0.1.3680043.8.498.10009278692606631573540062909909132231,SIEMENS,MAGNETOM Lumina,3.0,5,200,0.069521424,False,False,416.0,es,False,es|SIEMENS
1.2.826.0.1.3680043.8.498.10009639203170750274174707434356622764,SIEMENS,Aera,1.5,10,419,0.1697917,False,True,512.0,en,False,en|SIEMENS
1.2.826.0.1.3680043.8.498.10013663742400736029415768216599146542,SIEMENS,MAGNETOM Aera,1.5,5,188,0.052566452,False,False,384.0,fr,False,fr|SIEMENS
1.2.826.0.1.3680043.8.498.10018552945042470316597008531304016339,GE,SIGNA Artist,1.5,6,198,0.218921564,False,False,512.0,es,False,es|GE
1.2.826.0.1.3680043.8.498.10018749256316287542884435387067561101,CANON/TOSHIBA,Vantage,,5,110,0.072614128,True,False,512.0,en,False,en|CANON/TOSHIBA
1.2.826.0.1.3680043.8.498.10021179701366615563817491713738306606,PHILIPS,Ingenia,3.0,6,241,0.26574632,False,False,784.0,cyrillic,False,cyrillic|PHILIPS
1.2.826.0.1.3680043.8.498.10021288557171866794624317186288618513,GE,SIGNA Explorer,1.5,6,138,0.072565198,False,False,512.0,tr,False,tr|GE
1.2.826.0.1.3680043.8.498.10025765742726180988537955593315007559,CANON/TOSHIBA,Vantage,,5,159,0.101052708,True,False,512.0,en,False,en|CANON/TOSHIBA
1.2.826.0.1.3680043.8.498.10026410865298348818136520318965356394,SIEMENS,MAGNETOM Vida,3.0,4,130,0.059193514,False,False,480.0,en,False,en|SIEMENS
1.2.826.0.1.3680043.8.498.10029168398037940681915299760479434938,SIEMENS,Skyra,3.0,6,192,0.104350254,False,False,512.0,es,False,es|SIEMENS
1.2.826.0.1.3680043.8.498.10029520033957968044048068502185417806,SIEMENS,Aera,1.5,8,206,0.118671812,False,False,640.0,en,False,en|SIEMENS
1.2.826.0.1.3680043.8.498.10039686090738454718354181337513293981,SIEMENS,SonataVision,1.5,5,105,0.042978236,False,False,384.0,greek,False,greek|SIEMENS
1.2.826.0.1.3680043.8.498.10048842414095994814596043262132965018,GE,Signa HDxt,,5,98,0.051483112,True,False,512.0,en,False,en|GE
1.2.826.0.1.3680043.8.498.10058298717414171145622092128156266866,SIEMENS,MAGNETOM Prisma,3.0,4,136,0.116662652,False,False,588.0,greek,False,greek|SIEMENS
1.2.826.0.1.3680043.8.498.10059200627175320481920009076697103801,PHILIPS,Ingenia,1.5,5,96,0.078039258,False,False,576.0,es,False,es|PHILIPS
1.2.826.0.1.3680043.8.498.10061120822929703004201627784850458401,PHILIPS,Ingenia,1.5,5,155,0.089129882,False,False,528.0,hr/bs/sr,False,hr/bs/sr|PHILIPS
1.2.826.0.1.3680043.8.498.10064642360075735959136394136507408269,GE,SIGNA EXCITE,,5,84,0.044127338,True,False,512.0,en,False,en|GE
1.2.826.0.1.3680043.8.498.10066945398485042741116657288959323922,SIEMENS,Aera,1.5,10,423,0.173071712,False,True,512.0,en,False,en|SIEMENS
1.2.826.0.1.3680043.8.498.10077497528995409346950814927366582736,CANON/TOSHIBA,Vantage,,5,143,0.098669044,True,False,564.0,en,False,en|CANON/TOSHIBA
1.2.826.0.1.3680043.8.498.10077803906105306230229342168184970097,SIEMENS,SonataVision,1.5,4,78,0.041465434,False,False,512.0,greek,False,greek|SIEMENS
1.2.826.0.1.3680043.8.498.10081117556977868957150377234052259018,SIEMENS,Aera,1.5,8,223,0.136865272,False,False,640.0,en,False,en|SIEMENS
1.2.826.0.1.3680043.8.498.10085187975213640798228717119613397941,PHILIPS,Achieva dStream,1.5,5,586,0.460050494,False,True,560.0,en,False,en|PHILIPS
1.2.826.0.1.3680043.8.498.10087350795575215080051569638065974347,PHILIPS,Ingenia,3.0,4,130,0.068355494,False,False,512.0,en,False,en|PHILIPS
1.2.826.0.1.3680043.8.498.10088120558600684332737135714636269365,PHILIPS,Achieva dStream,1.5,6,194,0.090146332,False,True,440.0,tr,False,tr|PHILIPS
1.2.826.0.1.3680043.8.498.10088707526476055079083082931629995449,PHILIPS,Ingenia,1.5,5,156,0.081961958,False,False,512.0,hr/bs/sr,False,hr/bs/sr|PHILIPS
1.2.826.0.1.3680043.8.498.10090136633727522725960302994815319097,GE,SIGNA EXCITE,1.5,7,224,0.11774697,False,False,512.0,en,False,en|GE
1.2.826.0.1.3680043.8.498.10090631811016939819371208464230332678,PHILIPS,Ingenia,3.0,4,133,0.06624613,False,False,512.0,en,False,en|PHILIPS
1.2.826.0.1.3680043.8.498.10095687747295410396510538520594649149,SIEMENS,MAGNETOM Sempra,1.5,5,164,0.040673366,False,False,320.0,es,True,es|SIEMENS
1.2.826.0.1.3680043.8.498.10096063158753121251217031021181036863,GE,SIGNA Architect,3.0,8,438,0.522844824,False,True,1024.0,tr,False,tr|GE
1.2.826.0.1.3680043.8.498.10096216489317602387766193675918767557,PHILIPS,Ingenia,1.5,6,172,0.090877884,False,False,520.0,hr/bs/sr,False,hr/bs/sr|PHILIPS
1.2.826.0.1.3680043.8.498.10096919689272424388113819845481617364,SIEMENS,Aera,1.5,5,154,0.027192386,False,False,320.0,tr,False,tr|SIEMENS
1.2.826.0.1.3680043.8.498.10100718559177860518999368876392117659,GE,SIGNA Voyager,1.5,5,177,0.04941331,False,False,256.0,en,False,en|GE
1.2.826.0.1.3680043.8.498.10112440805412493412191181061985753636,SIEMENS,Skyra,3.0,5,164,0.043394032,False,False,320.0,es,False,es|SIEMENS
1.2.826.0.1.3680043.8.498.10118623027360228027776975311765133100,GE,SIGNA EXCITE,1.5,8,208,0.109337078,False,False,512.0,en,False,en|GE
1.2.826.0.1.3680043.8.498.10120841513315425967980213160839994882,PHILIPS,Ingenia,3.0,6,171,0.13173093,False,False,656.0,cyrillic,False,cyrillic|PHILIPS
1.2.826.0.1.3680043.8.498.10121558854084271154265851933273260339,GE,SIGNA Explorer,1.5,5,131,0.061022914,False,False,512.0,tr,False,tr|GE
1.2.826.0.1.3680043.8.498.10123751739767586025744123799948754343,GE,SIGNA Explorer,1.5,5,114,0.041857316,False,False,512.0,tr,False,tr|GE
1.2.826.0.1.3680043.8.498.10124063607403942330156450768015985834,PHILIPS,Ingenia,1.5,5,166,0.095331668,False,False,512.0,hr/bs/sr,False,hr/bs/sr|PHILIPS
1.2.826.0.1.3680043.8.498.10124701778993602117271554854098856833,SIEMENS,MAGNETOM Vida,3.0,4,145,0.06626419,False,False,480.0,en,False,en|SIEMENS
1.2.826.0.1.3680043.8.498.10128954897472795975323353442305671586,PHILIPS,Ingenia,1.5,6,170,0.097519578,False,False,528.0,hr/bs/sr,False,hr/bs/sr|PHILIPS
1.2.826.0.1.3680043.8.498.10129462959695121379466274688956171166,PHILIPS,Ingenia,1.5,5,150,0.076277324,False,False,480.0,hr/bs/sr,False,hr/bs/sr|PHILIPS
1.2.826.0.1.3680043.8.498.10132169498032330070492330913783717864,GE,Optima MR450w,1.5,5,146,0.119830868,False,False,640.0,en,False,en|GE
1.2.826.0.1.3680043.8.498.10133843191898064967257276100779798471,PHILIPS,Ingenia,3.0,5,112,0.097089342,False,False,640.0,es,False,es|PHILIPS
1.2.826.0.1.3680043.8.498.10135587809070718435691939321937314104,GE,SIGNA Artist,1.5,5,173,0.201059262,False,False,512.0,es,False,es|GE
1.2.826.0.1.3680043.8.498.10136486417446492428821313562961937182,SIEMENS,Aera,1.5,5,161,0.025981488,False,False,256.0,tr,False,tr|SIEMENS
1.2.826.0.1.3680043.8.498.10143536655047216390592811329604738314,SIEMENS,Aera,1.5,11,452,0.18719986,False,True,512.0,en,False,en|SIEMENS
1.2.826.0.1.3680043.8.498.10144735099702632881322032871591573824,SIEMENS,MAGNETOM Skyra,3.0,4,229,0.032860956,False,True,352.0,en,False,en|SIEMENS
1.2.826.0.1.3680043.8.498.10147180484860577398303524379319212586,SIEMENS,Aera,1.5,5,127,0.026193692,False,False,320.0,tr,False,tr|SIEMENS
1.2.826.0.1.3680043.8.498.10147717839726734017869499799005084725,GE,SIGNA Architect,3.0,10,587,0.497382614,False,True,1024.0,tr,False,tr|GE
1.2.826.0.1.3680043.8.498.10148037169326559689992758180208780221,PHILIPS,Ingenia,3.0,4,118,0.058353442,False,False,512.0,en,False,en|PHILIPS
1.2.826.0.1.3680043.8.498.10148517526101576084961355066637531019,PHILIPS,Ingenia,1.5,6,185,0.104726396,False,False,512.0,hr/bs/sr,False,hr/bs/sr|PHILIPS
1.2.826.0.1.3680043.8.498.10149967031679082348901055550415519790,SIEMENS,MAGNETOM Sempra,1.5,5,166,0.041366856,False,False,320.0,es,False,es|SIEMENS
1.2.826.0.1.3680043.8.498.10150914432481980534086434136814789205,PHILIPS,Ingenia,3.0,6,176,0.135673258,False,False,640.0,cyrillic,False,cyrillic|PHILIPS
1.2.826.0.1.3680043.8.498.10155611590208164695256621422536643320,PHILIPS,Ingenia Ambition X,1.5,8,276,0.182043398,False,False,544.0,en,False,en|PHILIPS
1.2.826.0.1.3680043.8.498.10157549662917062273945150928668828930,PHILIPS,Achieva dStream,1.5,5,582,0.460315706,False,True,560.0,en,False,en|PHILIPS
1.2.826.0.1.3680043.8.498.10158178668962379857908493434842864484,FUJI/HITACHI,OASIS_Velocity,1.16,4,114,0.04539465,False,False,464.0,en,False,en|FUJI/HITACHI
1.2.826.0.1.3680043.8.498.10159551371305936155888341171022480536,PHILIPS,Ingenia,3.0,4,118,0.05836087,False,False,512.0,en,False,en|PHILIPS
1.2.826.0.1.3680043.8.498.10161011217774350674534600439166319161,PHILIPS,Ingenia,3.0,4,126,0.066252198,False,False,512.0,en,False,en|PHILIPS
1.2.826.0.1.3680043.8.498.10162168547770229150261479353227398478,GE,SIGNA Artist,1.5,5,214,0.25407275,False,False,512.0,es,False,es|GE
1.2.826.0.1.3680043.8.498.10162720374291180196973998234794414415,PHILIPS,Achieva dStream,1.5,5,112,0.071875072,False,False,512.0,es,False,es|PHILIPS
1.2.826.0.1.3680043.8.498.10165669527316708372190215034240922433,PHILIPS,Ingenia,3.0,4,110,0.054151782,False,False,512.0,en,False,en|PHILIPS
1.2.826.0.1.3680043.8.498.10170898615867673028696505248839028269,PHILIPS,Achieva dStream,3.0,9,273,0.222245674,False,False,640.0,en,True,en|PHILIPS
1.2.826.0.1.3680043.8.498.10181119664728335020976262955776463973,GE,SIGNA Voyager,1.5,5,152,0.042167022,False,False,256.0,en,False,en|GE
1.2.826.0.1.3680043.8.498.10181291283712008544475048457589664787,PHILIPS,Ingenia Ambition X,1.5,9,252,0.145400596,False,False,512.0,en,False,en|PHILIPS
1.2.826.0.1.3680043.8.498.10182565688010898600749222617373997197,SIEMENS,MAGNETOM Sola,1.5,5,146,0.1107329,False,False,640.0,nl,False,nl|SIEMENS
1.2.826.0.1.3680043.8.498.10183939841890895037058579455663880292,GE,SIGNA Explorer,1.5,6,181,0.26975418,False,True,1024.0,tr,False,tr|GE
1.2.826.0.1.3680043.8.498.10189392162056736163704940747328177364,SIEMENS,Skyra,3.0,9,282,0.083035438,False,False,384.0,es,False,es|SIEMENS
1.2.826.0.1.3680043.8.498.10190506315646895064803936408630113507,PHILIPS,Achieva dStream,1.5,5,586,0.459948578,False,True,560.0,en,False,en|PHILIPS
1.2.826.0.1.3680043.8.498.10197515493414564227930855210542221039,PHILIPS,Achieva dStream,1.5,4,401,0.308050368,False,True,536.0,en,False,en|PHILIPS
1.2.826.0.1.3680043.8.498.10197565004992937722841731691775578390,PHILIPS,Achieva dStream,1.5,7,150,0.110415232,False,False,640.0,es,False,es|PHILIPS
1.2.826.0.1.3680043.8.498.10199522802568420589167284753473646773,PHILIPS,Ingenia,3.0,5,99,0.074254194,False,False,512.0,es,False,es|PHILIPS
1.2.826.0.1.3680043.8.498.10201197020583611347810070328854760801,SIEMENS,SonataVision,1.5,5,102,0.044941486,False,False,384.0,greek,False,greek|SIEMENS
1.2.826.0.1.3680043.8.498.10201660732108909756259359440298787775,SIEMENS,MAGNETOM Vida,3.0,5,166,0.153066014,False,False,640.0,nl,False,nl|SIEMENS
1.2.826.0.1.3680043.8.498.10205592316907266136938526795826751183,SIEMENS,MAGNETOM Aera,1.5,4,150,0.04121382,False,False,384.0,fr,False,fr|SIEMENS
1.2.826.0.1.3680043.8.498.10207134048598925821261298801127950516,SIEMENS,MAGNETOM Aera,1.5,4,162,0.044679194,False,False,384.0,fr,False,fr|SIEMENS
1.2.826.0.1.3680043.8.498.10209387047693448282446870911381660585,SIEMENS,SonataVision,1.5,5,105,0.044486486,False,False,384.0,greek,False,greek|SIEMENS
1.2.826.0.1.3680043.8.498.10211034309703220222647821582770542129,GE,SIGNA Artist,1.5,11,396,0.768147502,False,False,1024.0,en,False,en|GE
1.2.826.0.1.3680043.8.498.10211815027850731240126403602239595062,PHILIPS,Achieva dStream,1.5,5,102,0.069464004,False,False,528.0,es,False,es|PHILIPS
1.2.826.0.1.3680043.8.498.10218285921271312931891912812808052375,PHILIPS,Ingenia,3.0,6,117,0.096537058,False,False,512.0,es,False,es|PHILIPS
1.2.826.0.1.3680043.8.498.10218458664774126578027318307405130821,PHILIPS,Ingenia,1.5,6,171,0.090351908,False,False,520.0,hr/bs/sr,False,hr/bs/sr|PHILIPS
1.2.826.0.1.3680043.8.498.10229223546412441924801428332647762115,PHILIPS,Ingenia Ambition X,1.5,9,274,0.174734182,False,False,528.0,en,False,en|PHILIPS
1.2.826.0.1.3680043.8.498.10239418182819270860819533058081041576,PHILIPS,MR 5300,1.5,5,93,0.055877086,False,False,528.0,unknown,False,unknown|PHILIPS
1.2.826.0.1.3680043.8.498.10240166440044087554182120832488098189,SIEMENS,MAGNETOM Prisma,3.0,4,146,0.137642254,False,False,640.0,greek,False,greek|SIEMENS
1.2.826.0.1.3680043.8.498.10240237086492917349933491458808329326,PHILIPS,Ingenia,3.0,5,161,0.12633881,False,False,640.0,cyrillic,False,cyrillic|PHILIPS
1.2.826.0.1.3680043.8.498.10241639721703882165429374175491428414,GE,SIGNA Architect,3.0,6,319,0.411540824,False,True,1024.0,tr,False,tr|GE
1.2.826.0.1.3680043.8.498.10243300429607935614655219482457289307,SIEMENS,MAGNETOM Avanto fit,1.5,5,278,0.424936826,False,True,800.0,de,False,de|SIEMENS
1.2.826.0.1.3680043.8.498.10247930792182001003497189021027466833,SIEMENS,Espree,1.5,5,126,0.018311132,False,False,256.0,en,False,en|SIEMENS
1.2.826.0.1.3680043.8.498.10252121617380434672930525780360219531,SIEMENS,MAGNETOM Prisma,3.0,5,142,0.04496856,False,False,384.0,en,False,en|SIEMENS
1.2.826.0.1.3680043.8.498.10252163031705285141538200795896549203,GE,SIGNA Artist,1.5,5,183,0.215754304,False,False,512.0,es,False,es|GE
1.2.826.0.1.3680043.8.498.10254828365033984708960944586564394286,GE,Signa HDxt,1.5,5,112,0.058882232,False,False,512.0,en,False,en|GE
1.2.826.0.1.3680043.8.498.10255067212695306715722782826234429766,CANON/TOSHIBA,Galan 3T,3.0,7,216,0.24075815,False,False,768.0,en,False,en|CANON/TOSHIBA
1.2.826.0.1.3680043.8.498.10256441455107860474283716992657597873,GE,SIGNA Explorer,1.5,5,105,0.05521415,False,False,512.0,tr,False,tr|GE
1.2.826.0.1.3680043.8.498.10261794102024899290234062909324134903,SIEMENS,MAGNETOM Avanto fit,1.5,5,303,0.466174534,False,True,800.0,de,False,de|SIEMENS
1.2.826.0.1.3680043.8.498.10262024906324456863812446480254600405,SIEMENS,Aera,1.5,5,150,0.026515188,False,False,320.0,tr,False,tr|SIEMENS
1.2.826.0.1.3680043.8.498.10262784969531507133353458615303007839,GE,SIGNA EXCITE,1.5,7,168,0.088309488,False,False,512.0,en,False,en|GE
1.2.826.0.1.3680043.8.498.10271567891603078238024189515805908561,CANON/TOSHIBA,Vantage,,5,120,0.07921559,True,False,512.0,en,False,en|CANON/TOSHIBA
1.2.826.0.1.3680043.8.498.10273861326753707436672556008991334542,SIEMENS,Skyra,3.0,5,154,0.075442366,False,False,384.0,es,False,es|SIEMENS
1.2.826.0.1.3680043.8.498.10274314637471308855247991547659839029,PHILIPS,Ingenia,3.0,6,152,0.114806008,False,False,512.0,es,False,es|PHILIPS
1.2.826.0.1.3680043.8.498.10274956886032850418742861294277331382,GE,Optima MR430s 1.5T,1.5,5,144,0.075686916,False,False,512.0,en,False,en|GE
1.2.826.0.1.3680043.8.498.10275265831651276229168539541982478639,SIEMENS,MAGNETOM Sempra,1.5,5,177,0.043150896,False,False,320.0,es,False,es|SIEMENS
1.2.826.0.1.3680043.8.498.10284263494252700630857173843779724077,CANON/TOSHIBA,Vantage,,5,130,0.085517894,True,False,544.0,en,False,en|CANON/TOSHIBA
1.2.826.0.1.3680043.8.498.10284446538566255572004044331831825072,PHILIPS,Ingenia,3.0,5,150,0.078872214,False,False,512.0,en,False,en|PHILIPS
1.2.826.0.1.3680043.8.498.10287488031206457680758379452936914669,SIEMENS,MAGNETOM Vida,3.0,5,166,0.15306606,False,False,640.0,nl,False,nl|SIEMENS
1.2.826.0.1.3680043.8.498.10299396087685174806129850512856451005,SIEMENS,MAGNETOM Prisma,3.0,5,151,0.05444309,False,False,448.0,greek,False,greek|SIEMENS
1.2.826.0.1.3680043.8.498.10299618611626190927173051117228647808,PHILIPS,Multiva,1.5,6,122,0.056424008,False,False,496.0,es,False,es|PHILIPS
1.2.826.0.1.3680043.8.498.10301089872627496769249366231947887097,PHILIPS,Ingenia,3.0,5,152,0.121927152,False,False,640.0,cyrillic,False,cyrillic|PHILIPS
1.2.826.0.1.3680043.8.498.10304242666970626179776896768140580106,GE,Optima MR450w,1.5,5,161,0.132127072,False,False,640.0,en,False,en|GE
1.2.826.0.1.3680043.8.498.10306159113324811538703788080836752052,GE,Optima MR450w,1.5,7,212,0.173984334,False,False,640.0,en,True,en|GE
1.2.826.0.1.3680043.8.498.10309477218703786877612946261946268132,GE,SIGNA Explorer,1.5,5,127,0.066782208,False,False,512.0,tr,False,tr|GE
1.2.826.0.1.3680043.8.498.10310831394568337664174691281092566272,PHILIPS,Ingenia,3.0,5,176,0.13806491,False,False,640.0,cyrillic,False,cyrillic|PHILIPS
1.2.826.0.1.3680043.8.498.10312350714164739081126996907250465738,SIEMENS,Aera,1.5,5,130,0.024821358,False,False,320.0,tr,False,tr|SIEMENS
1.2.826.0.1.3680043.8.498.10314240078685804110739316196999571466,SIEMENS,MAGNETOM Aera,1.5,4,148,0.040801608,False,False,384.0,en,False,en|SIEMENS
1.2.826.0.1.3680043.8.498.10318366890716843554246682186865048846,SIEMENS,MAGNETOM Avanto fit,1.5,5,254,0.389638334,False,True,800.0,de,False,de|SIEMENS
1.2.826.0.1.3680043.8.498.10321461243762453573005633063753741725,SIEMENS,Aera,1.5,5,156,0.027605354,False,False,320.0,tr,False,tr|SIEMENS
1.2.826.0.1.3680043.8.498.10321556388278642027434955207617064548,SIEMENS,Aera,1.5,6,187,0.043978434,False,False,320.0,hr/bs/sr,False,hr/bs/sr|SIEMENS
1.2.826.0.1.3680043.8.498.10321702681363532511953946967334431952,PHILIPS,Ingenia,3.0,5,154,0.122074092,False,False,640.0,cyrillic,False,cyrillic|PHILIPS
1.2.826.0.1.3680043.8.498.10322724865012212544754724404226583315,SIEMENS,MAGNETOM Vida,3.0,5,166,0.044613052,False,False,384.0,hr/bs/sr,False,hr/bs/sr|SIEMENS
1.2.826.0.1.3680043.8.498.10322853084122920408377349136830993432,PHILIPS,Ingenia,3.0,4,110,0.071164156,False,False,512.0,en,False,en|PHILIPS
1.2.826.0.1.3680043.8.498.10326352669696598934883805147731461341,PHILIPS,Ingenia,3.0,6,189,0.153772576,False,False,656.0,cyrillic,False,cyrillic|PHILIPS
1.2.826.0.1.3680043.8.498.10327608571317884761792196888985963332,GE,SIGNA Artist,1.5,4,141,0.126039522,False,False,512.0,en,False,en|GE
1.2.826.0.1.3680043.8.498.10330805760778577501878048995484987687,PHILIPS,Ingenia,3.0,5,154,0.1220742,False,False,640.0,cyrillic,False,cyrillic|PHILIPS
1.2.826.0.1.3680043.8.498.10336221220793312503236159680373829726,PHILIPS,Achieva dStream,3.0,7,227,0.190227034,False,False,640.0,en,False,en|PHILIPS
1.2.826.0.1.3680043.8.498.10336300544286006569730381727202519821,SIEMENS,MAGNETOM Aera,1.5,4,173,0.047489436,False,False,384.0,en,False,en|SIEMENS
1.2.826.0.1.3680043.8.498.10339654093023509742663983374586998753,SIEMENS,SonataVision,1.5,5,96,0.042700746,False,False,384.0,greek,False,greek|SIEMENS
1.2.826.0.1.3680043.8.498.10348611327224519953673858098392135936,PHILIPS,Ingenia Elition X,3.0,5,327,0.091510594,False,True,512.0,en,False,en|PHILIPS
1.2.826.0.1.3680043.8.498.10349368332722015923160611226877741306,PHILIPS,MR 5300,1.5,5,100,0.059243924,False,False,480.0,es,False,es|PHILIPS
1.2.826.0.1.3680043.8.498.10351168527688244230248760520733020605,GE,Optima MR450w,,5,124,0.065151426,True,False,512.0,en,False,en|GE
1.2.826.0.1.3680043.8.498.10351460911387106879135924409514835385,PHILIPS,Multiva,1.5,6,128,0.06355947,False,False,520.0,es,False,es|PHILIPS
1.2.826.0.1.3680043.8.498.10352011938574988727803498915608467179,PHILIPS,Achieva dStream,3.0,10,309,0.231311984,False,True,576.0,en,False,en|PHILIPS
1.2.826.0.1.3680043.8.498.10352044313309892076985642485759368197,SIEMENS,Aera,1.5,5,162,0.033906528,False,False,320.0,hr/bs/sr,False,hr/bs/sr|SIEMENS
1.2.826.0.1.3680043.8.498.10354576637002647863048798607011636355,SIEMENS,Espree,1.5,5,134,0.019451868,False,False,256.0,en,False,en|SIEMENS
1.2.826.0.1.3680043.8.498.10361030765327974510262894062047216433,GE,SIGNA Artist,1.5,5,174,0.203157564,False,False,512.0,es,False,es|GE
1.2.826.0.1.3680043.8.498.10370612191212456931506340727148605247,CANON/TOSHIBA,Vantage,,5,118,0.08647754,True,False,576.0,en,False,en|CANON/TOSHIBA
1.2.826.0.1.3680043.8.498.10371162371589200772388569623043753617,SIEMENS,MAGNETOM Avanto fit,1.5,5,282,0.431088394,False,True,800.0,de,False,de|SIEMENS
1.2.826.0.1.3680043.8.498.10374791734880310643587680407133671218,SIEMENS,MAGNETOM Vida,3.0,5,166,0.153065552,False,False,640.0,nl,False,nl|SIEMENS
1.2.826.0.1.3680043.8.498.10378535286770237477615181844634903700,PHILIPS,Ingenia,3.0,5,178,0.150234836,False,False,672.0,cyrillic,False,cyrillic|PHILIPS
1.2.826.0.1.3680043.8.498.10382074558506016193900889176239337801,GE,Optima MR450w,1.5,5,113,0.059413052,False,False,512.0,en,False,en|GE
1.2.826.0.1.3680043.8.498.10386894500329189457070808193345170500,SIEMENS,MAGNETOM Aera,1.5,4,135,0.037313364,False,False,384.0,en,False,en|SIEMENS
1.2.826.0.1.3680043.8.498.10387227472110643414333498953513810066,SIEMENS,MAGNETOM Vida,3.0,5,185,0.049441704,False,False,384.0,hr/bs/sr,False,hr/bs/sr|SIEMENS
1.2.826.0.1.3680043.8.498.10387383212921524066516723428665512341,PHILIPS,Ingenia,1.5,6,170,0.097519758,False,False,528.0,hr/bs/sr,False,hr/bs/sr|PHILIPS
1.2.826.0.1.3680043.8.498.10387876708310019345913209598612198432,GE,SIGNA Artist,1.5,5,199,0.235178838,False,False,512.0,es,False,es|GE
1.2.826.0.1.3680043.8.498.10391178814963564201551003358372148419,GE,SIGNA Architect,3.0,7,396,0.437841304,False,True,1024.0,tr,False,tr|GE
1.2.826.0.1.3680043.8.498.10395211177230760565674811878437948933,SIEMENS,Aera,1.5,5,127,0.026193726,False,False,320.0,tr,False,tr|SIEMENS
1.2.826.0.1.3680043.8.498.10401813253995823397883215400000450724,PHILIPS,Ingenia,1.5,6,171,0.09035311,False,False,520.0,hr/bs/sr,False,hr/bs/sr|PHILIPS
1.2.826.0.1.3680043.8.498.10402431429660337753694827208437698007,SIEMENS,Skyra,3.0,5,150,0.039539624,False,False,320.0,es,False,es|SIEMENS
1.2.826.0.1.3680043.8.498.10405028141768633100332386157519916334,SIEMENS,MAGNETOM Aera,1.5,4,150,0.041213372,False,False,384.0,en,False,en|SIEMENS
1.2.826.0.1.3680043.8.498.10407865232593182855530878478701744409,GE,SIGNA Explorer,1.5,8,383,0.122741206,False,True,512.0,tr,False,tr|GE
1.2.826.0.1.3680043.8.498.10409870090434047408497289167124673434,SIEMENS,Aera,1.5,9,383,0.131821926,False,True,512.0,en,False,en|SIEMENS
1.2.826.0.1.3680043.8.498.10415616591430643294142401482460086713,PHILIPS,Ingenia,3.0,6,184,0.158334508,False,False,672.0,cyrillic,False,cyrillic|PHILIPS
1.2.826.0.1.3680043.8.498.10417042894702157309437002434676100667,PHILIPS,Ingenia,3.0,4,118,0.058352564,False,False,512.0,en,False,en|PHILIPS
1.2.826.0.1.3680043.8.498.10418888172081069709796646795446885715,PHILIPS,Achieva dStream,1.5,5,580,0.456792672,False,True,560.0,en,False,en|PHILIPS
1.2.826.0.1.3680043.8.498.10419958821528108176389641942168280311,PHILIPS,Ingenia,3.0,6,116,0.078505504,False,False,504.0,es,False,es|PHILIPS
1.2.826.0.1.3680043.8.498.10419993051271996183722192755371692029,PHILIPS,Achieva dStream,1.5,5,589,0.461937798,False,True,560.0,en,False,en|PHILIPS
1.2.826.0.1.3680043.8.498.10422130685453254363700365908336246863,GE,SIGNA Artist,1.5,5,201,0.237801292,False,False,512.0,es,False,es|GE
1.2.826.0.1.3680043.8.498.10422536395266111565753575369125069689,GE,Optima MR430s 1.5T,1.5,5,140,0.073584698,False,False,512.0,en,False,en|GE
1.2.826.0.1.3680043.8.498.10423586531262405323219596291234698626,SIEMENS,MAGNETOM Avanto fit,1.5,5,293,0.45633979,False,True,800.0,de,False,de|SIEMENS
1.2.826.0.1.3680043.8.498.10425131723456547056365404016184663035,GE,SIGNA Artist,1.5,5,207,0.245676246,False,False,512.0,es,False,es|GE
1.2.826.0.1.3680043.8.498.10427893579790102216163565692202919399,PHILIPS,Achieva dStream,1.5,5,580,0.456793694,False,True,560.0,en,False,en|PHILIPS
1.2.826.0.1.3680043.8.498.10429032846672074760218668873927822056,CANON/TOSHIBA,Vantage,,5,120,0.07786812,True,False,512.0,en,False,en|CANON/TOSHIBA
1.2.826.0.1.3680043.8.498.10432568348356281020515782178064869805,PHILIPS,Ingenia,3.0,6,163,0.12396837,False,False,640.0,cyrillic,False,cyrillic|PHILIPS
1.2.826.0.1.3680043.8.498.10434135978927658622039675788413759069,SIEMENS,MAGNETOM Avanto fit,1.5,5,281,0.42341059,False,True,800.0,de,False,de|SIEMENS
1.2.826.0.1.3680043.8.498.10440858363080910322920496514558347561,PHILIPS,Ingenia,1.5,5,155,0.08912988,False,False,528.0,hr/bs/sr,False,hr/bs/sr|PHILIPS
1.2.826.0.1.3680043.8.498.10442828926117258624043497279351962738,PHILIPS,Ingenia Ambition X,1.5,8,254,0.168303656,False,False,544.0,en,False,en|PHILIPS
1.2.826.0.1.3680043.8.498.10445893053733106322562086357169418409,SIEMENS,Espree,1.5,5,148,0.12145645,False,False,640.0,en,False,en|SIEMENS
1.2.826.0.1.3680043.8.498.10447920208680921688438738178539475509,PHILIPS,Ingenia,1.5,5,156,0.081961956,False,False,512.0,hr/bs/sr,False,hr/bs/sr|PHILIPS
1.2.826.0.1.3680043.8.498.10454875772176439944597553400963295397,PHILIPS,Achieva,1.5,5,165,0.075853984,False,False,512.0,en,False,en|PHILIPS
1.2.826.0.1.3680043.8.498.10455589411958266725060942213473374667,PHILIPS,Achieva dStream,1.5,4,393,0.30374043,False,True,536.0,en,False,en|PHILIPS
1.2.826.0.1.3680043.8.498.10459044164648238749799867924228983674,SIEMENS,MAGNETOM Avanto fit,1.5,5,260,0.396984558,False,True,800.0,de,False,de|SIEMENS
1.2.826.0.1.3680043.8.498.10459901081962705567398560859229437818,PHILIPS,Achieva dStream,3.0,9,303,0.260370286,False,False,640.0,en,False,en|PHILIPS
1.2.826.0.1.3680043.8.498.10470282959537049979906878778884086884,PHILIPS,Ingenia Ambition X,1.5,9,280,0.178094488,False,False,528.0,en,False,en|PHILIPS
1.2.826.0.1.3680043.8.498.10472519452146922631626638652503679695,FUJI/HITACHI,OASIS,1.16,6,172,0.046464832,False,False,320.0,en,False,en|FUJI/HITACHI
1.2.826.0.1.3680043.8.498.10475397432011699698577978597417345091,SIEMENS,MAGNETOM Skyra,3.0,4,229,0.033131716,False,True,352.0,en,False,en|SIEMENS
1.2.826.0.1.3680043.8.498.10485026284343436524865922231113748546,SIEMENS,Skyra,3.0,5,162,0.039360332,False,False,320.0,es,False,es|SIEMENS
1.2.826.0.1.3680043.8.498.10491012711700179118010977263805828326,SIEMENS,MAGNETOM Skyra,3.0,4,219,0.030348492,False,True,352.0,en,False,en|SIEMENS
1.2.826.0.1.3680043.8.498.10492484093480313596330475837639172625,PHILIPS,Ingenia,3.0,4,130,0.072534032,False,False,512.0,en,False,en|PHILIPS
1.2.826.0.1.3680043.8.498.10495281520660483987888839682017074584,SIEMENS,Verio_DOT,3.0,6,208,0.029776644,False,False,256.0,en,False,en|SIEMENS
1.2.826.0.1.3680043.8.498.10495855084258410825408867079175646590,PHILIPS,Ingenia Ambition X,1.5,10,326,0.170959352,False,True,512.0,en,False,en|PHILIPS
1.2.826.0.1.3680043.8.498.10499265498716562276605625682538326716,SIEMENS,MAGNETOM Avanto fit,1.5,5,302,0.462284834,False,True,800.0,de,False,de|SIEMENS
1.2.826.0.1.3680043.8.498.10501068619333941198079851978532746117,GE,SIGNA Artist,1.5,5,207,0.24567625,False,False,512.0,es,False,es|GE
1.2.826.0.1.3680043.8.498.10502440129091559437492859441158882078,GE,SIGNA EXCITE,1.5,8,212,0.111438236,False,False,512.0,en,False,en|GE
1.2.826.0.1.3680043.8.498.10505282086293876725410939800054491454,GE,SIGNA Artist,1.5,5,129,0.067824064,False,False,512.0,en,False,en|GE
1.2.826.0.1.3680043.8.498.10511712617129216774539441890488742560,SIEMENS,MAGNETOM Avanto fit,1.5,5,274,0.413909498,False,True,800.0,de,False,de|SIEMENS
1.2.826.0.1.3680043.8.498.10512466806929129734785318932315918522,SIEMENS,MAGNETOM Vida,3.0,6,191,0.053303064,False,False,384.0,hr/bs/sr,False,hr/bs/sr|SIEMENS
1.2.826.0.1.3680043.8.498.10519480654942067141173172019311858213,SIEMENS,MAGNETOM Vida,3.0,6,191,0.053294166,False,False,384.0,hr/bs/sr,False,hr/bs/sr|SIEMENS
1.2.826.0.1.3680043.8.498.10519566075312736546346469231439794627,GE,SIGNA Artist,1.5,4,133,0.120259778,False,False,512.0,en,False,en|GE
1.2.826.0.1.3680043.8.498.10521372086358356219840179458708706015,SIEMENS,MAGNETOM Avanto fit,1.5,6,326,0.506556502,False,True,848.0,de,False,de|SIEMENS
1.2.826.0.1.3680043.8.498.10522585237725235866013737575867341946,GE,SIGNA Explorer,1.5,5,135,0.061160538,False,False,512.0,tr,False,tr|GE
1.2.826.0.1.3680043.8.498.10524164196949381411165626176732559196,SIEMENS,SonataVision,1.5,5,99,0.044050766,False,False,384.0,greek,False,greek|SIEMENS
1.2.826.0.1.3680043.8.498.10530226787566708645477257565528473018,SIEMENS,MAGNETOM Avanto fit,1.5,5,288,0.440108054,False,True,800.0,de,False,de|SIEMENS
1.2.826.0.1.3680043.8.498.10532708800468111850607752497432656694,GE,Optima MR450w,1.5,5,176,0.144454834,False,False,640.0,en,False,en|GE
1.2.826.0.1.3680043.8.498.10533568124272062696642461303295694739,SIEMENS,Skyra,3.0,5,158,0.038445208,False,False,320.0,es,False,es|SIEMENS
1.2.826.0.1.3680043.8.498.10534260101860670685224894870019533364,PHILIPS,Ingenia,3.0,5,150,0.120112904,False,False,640.0,cyrillic,False,cyrillic|PHILIPS
1.2.826.0.1.3680043.8.498.10536557774352716497356905292652597953,PHILIPS,Ingenia,3.0,4,130,0.068355504,False,False,512.0,en,False,en|PHILIPS
1.2.826.0.1.3680043.8.498.10537503354035115750949427337500909327,PHILIPS,Achieva dStream,3.0,9,276,0.230817924,False,False,640.0,en,False,en|PHILIPS
1.2.826.0.1.3680043.8.498.10538502578022388392340022120166213828,PHILIPS,Ingenia,1.5,6,118,0.078327006,False,False,536.0,es,False,es|PHILIPS
1.2.826.0.1.3680043.8.498.10540882690103231159064894952851205573,PHILIPS,Achieva dStream,1.5,5,116,0.093114776,False,False,576.0,es,False,es|PHILIPS
1.2.826.0.1.3680043.8.498.10540980111087702906123811593906850156,SIEMENS,MAGNETOM Prisma,3.0,6,164,0.05382989,False,False,416.0,greek,False,greek|SIEMENS
1.2.826.0.1.3680043.8.498.10541029960718591409318399557079055927,GE,SIGNA EXCITE,,5,83,0.043602426,True,False,512.0,en,False,en|GE
1.2.826.0.1.3680043.8.498.10541215772904358938061268226270989801,PHILIPS,Ingenia,3.0,5,154,0.12207385,False,False,640.0,cyrillic,False,cyrillic|PHILIPS
1.2.826.0.1.3680043.8.498.10541227283184832783436242773084724216,GE,SIGNA Explorer,1.5,5,162,0.061201674,False,False,512.0,tr,False,tr|GE
1.2.826.0.1.3680043.8.498.10542526906255526405613760733936070251,SIEMENS,MAGNETOM Avanto fit,1.5,5,258,0.393294528,False,True,800.0,de,False,de|SIEMENS
1.2.826.0.1.3680043.8.498.10546313646515875953943156661172963953,GE,Optima MR430s 1.5T,1.5,5,144,0.075686722,False,False,512.0,en,False,en|GE
1.2.826.0.1.3680043.8.498.10549360192675575195491716398555148512,CANON/TOSHIBA,Vantage,,5,132,0.085519856,True,False,512.0,en,False,en|CANON/TOSHIBA
1.2.826.0.1.3680043.8.498.10562412345413239960204081248510238736,GE,SIGNA Explorer,1.5,5,123,0.055635554,False,False,512.0,tr,False,tr|GE
1.2.826.0.1.3680043.8.498.10563016328082326759266280856730347260,PHILIPS,Ingenia,3.0,6,165,0.126934874,False,False,640.0,cyrillic,False,cyrillic|PHILIPS
1.2.826.0.1.3680043.8.498.10574706940531650593705137704922433109,PHILIPS,Ingenia,3.0,5,104,0.102652662,False,False,512.0,es,False,es|PHILIPS
1.2.826.0.1.3680043.8.498.10578013533179563448221888658506023084,SIEMENS,MAGNETOM Vida,3.0,6,191,0.053296592,False,False,384.0,hr/bs/sr,False,hr/bs/sr|SIEMENS
1.2.826.0.1.3680043.8.498.10580260109117947709069163110100632085,PHILIPS,Ingenia,3.0,4,113,0.056100774,False,False,512.0,en,False,en|PHILIPS
1.2.826.0.1.3680043.8.498.10581718331223731732815674582085184169,SIEMENS,Aera,1.5,5,148,0.038937442,False,False,320.0,en,False,en|SIEMENS
1.2.826.0.1.3680043.8.498.10587511485561679190576188107774736852,GE,Signa HDxt,,5,97,0.050957918,True,False,512.0,en,False,en|GE
1.2.826.0.1.3680043.8.498.10589889055723532336864750992142411145,PHILIPS,Ingenia,1.5,6,114,0.11858357,False,False,560.0,es,False,es|PHILIPS
1.2.826.0.1.3680043.8.498.10590148272001480024086117269799629816,GE,SIGNA Architect,3.0,7,334,0.339181682,False,True,1024.0,tr,False,tr|GE
1.2.826.0.1.3680043.8.498.10590169032156570386146081157598789893,CANON/TOSHIBA,Vantage,,5,123,0.08079145,True,False,512.0,en,False,en|CANON/TOSHIBA
1.2.826.0.1.3680043.8.498.10591507262178959553431147886647585916,SIEMENS,Skyra,3.0,5,146,0.035339808,False,False,320.0,es,False,es|SIEMENS
1.2.826.0.1.3680043.8.498.10593694750925047629619718537436931628,PHILIPS,MR 5300,1.5,5,111,0.07575649,False,False,560.0,es,False,es|PHILIPS
1.2.826.0.1.3680043.8.498.10599128554628698518723223547497007137,GE,SIGNA Architect,3.0,7,396,0.43784038,False,True,1024.0,tr,False,tr|GE
1.2.826.0.1.3680043.8.498.10600654987896381983520458496207741798,GE,SIGNA Architect,3.0,9,616,0.676217162,False,True,1024.0,tr,False,tr|GE
1.2.826.0.1.3680043.8.498.10601062881015669567737602031338578146,GE,SIGNA EXCITE,1.5,7,225,0.118272676,False,False,512.0,en,False,en|GE
1.2.826.0.1.3680043.8.498.10601711635138681269270505152909539290,SIEMENS,SonataVision,1.5,5,97,0.042409314,False,False,384.0,greek,False,greek|SIEMENS
1.2.826.0.1.3680043.8.498.10601812195848580582490508608655011196,GE,SIGNA EXCITE,1.5,7,226,0.11879993,False,False,512.0,en,False,en|GE
1.2.826.0.1.3680043.8.498.10603952065748622499432940419853732241,SIEMENS,MAGNETOM Vida,3.0,5,166,0.153065952,False,False,640.0,nl,False,nl|SIEMENS
1.2.826.0.1.3680043.8.498.10614508096225944703643482200835890514,PHILIPS,MR 5300,1.5,5,104,0.058678894,False,False,512.0,es,False,es|PHILIPS
1.2.826.0.1.3680043.8.498.10615816709018712955642546871639043403,SIEMENS,Aera,1.5,5,143,0.029494926,False,False,320.0,tr,False,tr|SIEMENS
1.2.826.0.1.3680043.8.498.10619486897279334206912764495067756449,SIEMENS,Skyra,3.0,5,180,0.126302858,False,False,320.0,es,False,es|SIEMENS
1.2.826.0.1.3680043.8.498.10619967804774235096151367674093177430,SIEMENS,Aera,1.5,6,173,0.03568269,False,False,320.0,tr,False,tr|SIEMENS
1.2.826.0.1.3680043.8.498.10624417936475721846835761375334601839,PHILIPS,Ingenia,3.0,5,180,0.151876052,False,False,672.0,cyrillic,False,cyrillic|PHILIPS
1.2.826.0.1.3680043.8.498.10626071553432761206594400919097854593,SIEMENS,SonataVision,1.5,5,104,0.042237138,False,False,384.0,greek,False,greek|SIEMENS
1.2.826.0.1.3680043.8.498.10626411974489938664325062396760010912,PHILIPS,Ingenia,3.0,5,150,0.120113598,False,False,640.0,cyrillic,False,cyrillic|PHILIPS
1.2.826.0.1.3680043.8.498.10627019153481144392726933328057818971,PHILIPS,Ingenia,3.0,5,154,0.12207405,False,False,640.0,cyrillic,False,cyrillic|PHILIPS
1.2.826.0.1.3680043.8.498.10627795990821506536342369227971125477,SIEMENS,Skyra,3.0,5,160,0.078088928,False,False,384.0,es,False,es|SIEMENS
1.2.826.0.1.3680043.8.498.10631238417904652761254062374051500506,SIEMENS,MAGNETOM Vida,3.0,6,191,0.053296008,False,False,384.0,hr/bs/sr,False,hr/bs/sr|SIEMENS
1.2.826.0.1.3680043.8.498.10632177122947017620482277062226288392,SIEMENS,MAGNETOM Vida,3.0,6,191,0.05329602,False,False,384.0,hr/bs/sr,False,hr/bs/sr|SIEMENS
1.2.826.0.1.3680043.8.498.10642286343421893916348249679230632066,GE,SIGNA Explorer,1.5,5,115,0.06047207,False,False,512.0,tr,False,tr|GE
1.2.826.0.1.3680043.8.498.10648346793256473462304051626410900340,GE,SIGNA Artist,1.5,6,229,0.25881336,False,False,512.0,es,False,es|GE
1.2.826.0.1.3680043.8.498.10650751856837517181090589171468851374,GE,SIGNA Artist,1.5,5,203,0.240427542,False,False,512.0,es,False,es|GE
1.2.826.0.1.3680043.8.498.10652685418462611085839874321267337079,SIEMENS,MAGNETOM Vida,3.0,5,166,0.153066182,False,False,640.0,nl,False,nl|SIEMENS
1.2.826.0.1.3680043.8.498.10652764425372125015319160977894047658,SIEMENS,Espree,1.5,5,134,0.019446582,False,False,256.0,en,False,en|SIEMENS
1.2.826.0.1.3680043.8.498.10653432159060774337155662807644609967,SIEMENS,Skyra,3.0,5,150,0.073208394,False,False,384.0,es,False,es|SIEMENS
1.2.826.0.1.3680043.8.498.10656388982978239967297620214873636996,PHILIPS,Ingenia,3.0,6,165,0.125612424,False,False,640.0,cyrillic,False,cyrillic|PHILIPS
1.2.826.0.1.3680043.8.498.10657506540109137829814058249895525831,PHILIPS,Achieva dStream,3.0,9,273,0.222246048,False,False,640.0,en,False,en|PHILIPS
1.2.826.0.1.3680043.8.498.10657584461509809047185519742966035356,PHILIPS,Ingenia,1.5,5,170,0.096336584,False,False,512.0,hr/bs/sr,False,hr/bs/sr|PHILIPS
1.2.826.0.1.3680043.8.498.10659781998801845781246073928620795082,PHILIPS,Ingenia Ambition X,1.5,9,274,0.17471375,False,False,528.0,en,False,en|PHILIPS
1.2.826.0.1.3680043.8.498.10661650555947788912511478165000737040,PHILIPS,Ingenia,1.5,6,171,0.090351914,False,False,520.0,hr/bs/sr,False,hr/bs/sr|PHILIPS
1.2.826.0.1.3680043.8.498.10673300644364559354643106316993112731,PHILIPS,Ingenia,1.5,6,185,0.104727056,False,False,512.0,hr/bs/sr,False,hr/bs/sr|PHILIPS
1.2.826.0.1.3680043.8.498.10674673641872871321890995010616205087,SIEMENS,MAGNETOM Sola,1.5,5,146,0.110733472,False,False,640.0,nl,False,nl|SIEMENS
1.2.826.0.1.3680043.8.498.10675139840690240606562530926349987331,SIEMENS,Aera,1.5,9,381,0.179471942,False,True,512.0,en,False,en|SIEMENS
1.2.826.0.1.3680043.8.498.10676253869668012791900504544106495589,PHILIPS,Ingenia,3.0,6,190,0.1516222,False,False,640.0,cyrillic,False,cyrillic|PHILIPS
1.2.826.0.1.3680043.8.498.10684020894033412667820478260168097071,PHILIPS,Ingenia,3.0,5,150,0.12011366,False,False,640.0,cyrillic,False,cyrillic|PHILIPS
1.2.826.0.1.3680043.8.498.10686407053180376367066321489809395592,SIEMENS,Aera,1.5,5,143,0.023226282,False,False,256.0,tr,False,tr|SIEMENS
1.2.826.0.1.3680043.8.498.10688670034893539180306173203903350286,SIEMENS,MAGNETOM Avanto fit,1.5,6,328,0.487462176,False,True,800.0,de,False,de|SIEMENS
1.2.826.0.1.3680043.8.498.10699348333280906956391277892869999716,PHILIPS,Ingenia,3.0,4,124,0.065200634,False,False,512.0,en,False,en|PHILIPS
1.2.826.0.1.3680043.8.498.10702284568670902901846767166679293654,PHILIPS,Ingenia,3.0,6,183,0.130672624,False,False,640.0,cyrillic,False,cyrillic|PHILIPS
1.2.826.0.1.3680043.8.498.10704240846075023334288326143979277080,PHILIPS,Achieva dStream,3.0,10,365,0.279424768,False,True,640.0,en,False,en|PHILIPS
1.2.826.0.1.3680043.8.498.10713285016170190922777298047146228811,GE,SIGNA EXCITE,1.5,7,210,0.11038692,False,False,512.0,en,False,en|GE
1.2.826.0.1.3680043.8.498.10715956446507906169485719013515169244,SIEMENS,MAGNETOM Prisma,3.0,4,119,0.065613466,False,False,408.0,greek,False,greek|SIEMENS
1.2.826.0.1.3680043.8.498.10724604223190030113012801427752979879,GE,SIGNA Explorer,1.5,5,114,0.059945212,False,False,512.0,tr,False,tr|GE
1.2.826.0.1.3680043.8.498.10726624821670417064567481545750543282,SIEMENS,MAGNETOM Avanto fit,1.5,7,410,0.568643976,False,True,640.0,de,False,de|SIEMENS
1.2.826.0.1.3680043.8.498.10728448245470003618625208276233778895,PHILIPS,Ingenia,3.0,5,150,0.120113726,False,False,640.0,cyrillic,False,cyrillic|PHILIPS
1.2.826.0.1.3680043.8.498.10729725525284633011179038668107963557,CANON/TOSHIBA,Vantage,,5,127,0.081545396,True,False,512.0,en,False,en|CANON/TOSHIBA
1.2.826.0.1.3680043.8.498.10731612202208916303411280624156291171,GE,SIGNA Explorer,1.5,5,116,0.042515886,False,False,512.0,tr,False,tr|GE
1.2.826.0.1.3680043.8.498.10736346409444614168571281812134757732,SIEMENS,MAGNETOM Aera,1.5,4,137,0.037814124,False,False,384.0,en,False,en|SIEMENS
1.2.826.0.1.3680043.8.498.10738640862162795323010965765443420384,SIEMENS,SonataVision,1.5,5,98,0.043751794,False,False,384.0,greek,False,greek|SIEMENS
1.2.826.0.1.3680043.8.498.10739653650865735867752564520952904802,PHILIPS,Achieva dStream,3.0,8,245,0.20477176,False,False,672.0,en,False,en|PHILIPS
1.2.826.0.1.3680043.8.498.10740857795874468664161171813136103519,SIEMENS,MAGNETOM Vida,3.0,6,215,0.05978426,False,False,384.0,hr/bs/sr,False,hr/bs/sr|SIEMENS
1.2.826.0.1.3680043.8.498.10748806810865802591313438958975301375,SIEMENS,MAGNETOM Avanto fit,1.5,6,316,0.490223364,False,True,816.0,de,False,de|SIEMENS
1.2.826.0.1.3680043.8.498.10750145216793948201921667945805555093,CANON/TOSHIBA,Vantage,,5,104,0.06811457,True,False,512.0,en,False,en|CANON/TOSHIBA
1.2.826.0.1.3680043.8.498.10751346650129497348457481341700957445,GE,SIGNA Architect,3.0,9,552,0.567066742,False,True,1024.0,tr,False,tr|GE
1.2.826.0.1.3680043.8.498.10751624265599812767108610284996090628,SIEMENS,MAGNETOM Vida,3.0,7,388,0.25120096,False,True,640.0,nl,False,nl|SIEMENS
1.2.826.0.1.3680043.8.498.10756245293186761042431460535210737327,SIEMENS,MAGNETOM Vida,3.0,5,164,0.075770178,False,False,496.0,en,False,en|SIEMENS
1.2.826.0.1.3680043.8.498.10759288702627176691392048851622294054,GE,SIGNA Explorer,1.5,6,200,0.290752114,False,True,1024.0,tr,False,tr|GE
1.2.826.0.1.3680043.8.498.10760847155803463653759690525160815826,PHILIPS,Ingenia Ambition X,1.5,9,280,0.178094662,False,False,528.0,en,False,en|PHILIPS
1.2.826.0.1.3680043.8.498.10761658878615069270304502752374858610,SIEMENS,MAGNETOM Prisma,3.0,5,148,0.046745716,False,False,384.0,greek,False,greek|SIEMENS
1.2.826.0.1.3680043.8.498.10762741411077456296656623422020928762,GE,SIGNA EXCITE,1.5,8,212,0.111439758,False,False,512.0,en,False,en|GE
1.2.826.0.1.3680043.8.498.10765617676329232046176300833850901740,PHILIPS,Ingenia,1.5,5,94,0.060253332,False,False,560.0,es,False,es|PHILIPS
1.2.826.0.1.3680043.8.498.10768305343887790230989914438483009428,SIEMENS,MAGNETOM Vida,3.0,6,191,0.053296836,False,False,384.0,hr/bs/sr,False,hr/bs/sr|SIEMENS
1.2.826.0.1.3680043.8.498.10769126730281890056368854871900324448,SIEMENS,MAGNETOM Avanto fit,1.5,5,259,0.396387768,False,True,800.0,de,False,de|SIEMENS
1.2.826.0.1.3680043.8.498.10770877369291591553624215762368014357,SIEMENS,MAGNETOM Prisma,3.0,4,130,0.107020168,False,False,588.0,greek,False,greek|SIEMENS
1.2.826.0.1.3680043.8.498.10774147135673365265606645781662088745,GE,Optima MR450w,,5,125,0.06567179,True,False,512.0,en,False,en|GE
1.2.826.0.1.3680043.8.498.10777331080659372520952742261140923555,CANON/TOSHIBA,Vantage,,5,146,0.112027394,True,False,640.0,en,False,en|CANON/TOSHIBA
1.2.826.0.1.3680043.8.498.10782963448708192069959366583555573334,PHILIPS,Achieva dStream,3.0,8,245,0.198549642,False,False,640.0,en,False,en|PHILIPS
1.2.826.0.1.3680043.8.498.10783501127779906316117667790784040770,PHILIPS,Achieva dStream,1.5,5,120,0.079309032,False,False,560.0,es,False,es|PHILIPS
1.2.826.0.1.3680043.8.498.10790689419760453870458170966064168002,SIEMENS,Aera,1.5,5,132,0.029478598,False,False,320.0,tr,False,tr|SIEMENS
1.2.826.0.1.3680043.8.498.10802653832050736637820225444196833450,PHILIPS,Ingenia,3.0,4,118,0.058358802,False,False,512.0,en,False,en|PHILIPS
1.2.826.0.1.3680043.8.498.10803283287658556463524649793955055077,PHILIPS,Achieva dStream,3.0,9,267,0.216977972,False,False,640.0,en,False,en|PHILIPS
1.2.826.0.1.3680043.8.498.10808663384878038371710260386807468588,PHILIPS,Ingenia,3.0,5,154,0.1220742,False,False,640.0,cyrillic,False,cyrillic|PHILIPS
1.2.826.0.1.3680043.8.498.10812894672739619566834776054635588406,PHILIPS,Ingenia,1.5,5,106,0.090926278,False,False,640.0,es,False,es|PHILIPS
1.2.826.0.1.3680043.8.498.10818980124981334596808438908811623528,SIEMENS,MAGNETOM Vida,3.0,6,200,0.193224966,False,False,704.0,nl,False,nl|SIEMENS
1.2.826.0.1.3680043.8.498.10824420630965162625242888916805538597,GE,Optima MR430s 1.5T,1.5,5,144,0.075686938,False,False,512.0,en,False,en|GE
1.2.826.0.1.3680043.8.498.10829579914809383212986717269028170263,SIEMENS,Skyra,3.0,5,156,0.03785271,False,False,320.0,es,False,es|SIEMENS
1.2.826.0.1.3680043.8.498.10830288389793651695251406408666084306,PHILIPS,Ingenia Ambition X,1.5,10,336,0.18882874,False,True,520.0,en,False,en|PHILIPS
1.2.826.0.1.3680043.8.498.10835889400414225749339608096119636738,CANON/TOSHIBA,Vantage,,5,120,0.079215392,True,False,512.0,en,False,en|CANON/TOSHIBA
1.2.826.0.1.3680043.8.498.10839126901366636822676830560774505865,SIEMENS,SonataVision,1.5,5,96,0.042112174,False,False,384.0,greek,False,greek|SIEMENS
1.2.826.0.1.3680043.8.498.10842906919708856642000130208791281263,SIEMENS,MAGNETOM Vida,3.0,5,200,0.181293086,False,False,640.0,nl,False,nl|SIEMENS
1.2.826.0.1.3680043.8.498.10843463954622076609489312662891432839,PHILIPS,Achieva dStream,1.5,5,587,0.460577144,False,True,560.0,en,False,en|PHILIPS
1.2.826.0.1.3680043.8.498.10843917293035279597622029625809500972,SIEMENS,MAGNETOM Vida,3.0,6,191,0.05329561,False,False,384.0,hr/bs/sr,False,hr/bs/sr|SIEMENS
1.2.826.0.1.3680043.8.498.10848350333764008140459854470293737650,PHILIPS,Achieva dStream,1.5,5,118,0.072342996,False,False,560.0,unknown,False,unknown|PHILIPS
1.2.826.0.1.3680043.8.498.10850742579000782417673172155504794301,SIEMENS,MAGNETOM Aera,1.5,4,153,0.042192606,False,False,384.0,fr,False,fr|SIEMENS
1.2.826.0.1.3680043.8.498.10851562687641986545442408470139368318,SIEMENS,Aera,1.5,5,138,0.036290342,False,False,320.0,en,False,en|SIEMENS
1.2.826.0.1.3680043.8.498.10852517092524464338210061305792376636,GE,SIGNA EXCITE,,5,92,0.04833164,True,False,512.0,en,False,en|GE
1.2.826.0.1.3680043.8.498.10854012268828835845581966634225522931,SIEMENS,MAGNETOM Avanto fit,1.5,5,294,0.449754558,False,True,800.0,de,False,de|SIEMENS
1.2.826.0.1.3680043.8.498.10854223557359336882116168394037581766,SIEMENS,Aera,1.5,5,144,0.025498094,False,False,320.0,tr,False,tr|SIEMENS
1.2.826.0.1.3680043.8.498.10855290714402117092990651362697310270,GE,SIGNA Explorer,1.5,5,139,0.073091012,False,False,512.0,tr,False,tr|GE
1.2.826.0.1.3680043.8.498.10857485602186206735293765836065270655,GE,SIGNA Artist,1.5,5,205,0.243052738,False,False,512.0,es,False,es|GE
1.2.826.0.1.3680043.8.498.10857771747813858957718058322384884551,PHILIPS,Ingenia,3.0,5,150,0.120113652,False,False,640.0,cyrillic,False,cyrillic|PHILIPS
1.2.826.0.1.3680043.8.498.10862481204237376580557516731952961213,PHILIPS,Ingenia,3.0,4,130,0.069353872,False,False,512.0,en,False,en|PHILIPS
1.2.826.0.1.3680043.8.498.10867622488467375444427908425709367385,CANON/TOSHIBA,Titan,1.5,7,168,0.137871364,False,False,640.0,tr,False,tr|CANON/TOSHIBA
1.2.826.0.1.3680043.8.498.10876177342063734507664188801203192617,SIEMENS,MAGNETOM Vida,3.0,5,166,0.153065916,False,False,640.0,nl,False,nl|SIEMENS
1.2.826.0.1.3680043.8.498.10880553082640412137979450100928382021,SIEMENS,MAGNETOM Vida,3.0,6,191,0.053303106,False,False,384.0,hr/bs/sr,False,hr/bs/sr|SIEMENS
1.2.826.0.1.3680043.8.498.10884987036948550523442514147204321748,PHILIPS,Achieva dStream,1.5,4,390,0.302059808,False,True,536.0,en,False,en|PHILIPS
1.2.826.0.1.3680043.8.498.10886583574130697346788286647281863932,GE,SIGNA Artist,1.5,5,191,0.224678628,False,False,512.0,es,False,es|GE
1.2.826.0.1.3680043.8.498.10890699078723972693302029683905114834,SIEMENS,MAGNETOM Prisma,3.0,4,122,0.075839332,False,False,416.0,greek,False,greek|SIEMENS
1.2.826.0.1.3680043.8.498.10895521387894821238259709507311341758,SIEMENS,MAGNETOM Aera,1.5,4,140,0.038609398,False,False,384.0,fr,False,fr|SIEMENS
1.2.826.0.1.3680043.8.498.10896245499713818848442117831482755673,SIEMENS,Aera,1.5,5,152,0.026854086,False,False,320.0,tr,False,tr|SIEMENS
1.2.826.0.1.3680043.8.498.10902166579916526176697193295886992412,SIEMENS,MAGNETOM Aera,1.5,4,138,0.038107202,False,False,384.0,fr,False,fr|SIEMENS
1.2.826.0.1.3680043.8.498.10903003118372337016190215211789983264,SIEMENS,MAGNETOM Avanto fit,1.5,5,272,0.417772918,False,True,800.0,de,False,de|SIEMENS
1.2.826.0.1.3680043.8.498.10917389623891555306584069980815338466,PHILIPS,Ingenia,3.0,4,134,0.07045797,False,False,512.0,en,False,en|PHILIPS
1.2.826.0.1.3680043.8.498.10917606677895195837968927716728385881,SIEMENS,MAGNETOM Sola,1.5,5,146,0.110733046,False,False,640.0,nl,False,nl|SIEMENS
1.2.826.0.1.3680043.8.498.10918580785296934228715514366408269433,SIEMENS,MAGNETOM Vida,3.0,6,197,0.054991922,False,False,384.0,hr/bs/sr,False,hr/bs/sr|SIEMENS
1.2.826.0.1.3680043.8.498.10919665962088003807153039302898262235,PHILIPS,Ingenia,3.0,5,164,0.128647188,False,False,640.0,cyrillic,False,cyrillic|PHILIPS
1.2.826.0.1.3680043.8.498.10920269679387171659375091645187772303,SIEMENS,Aera,1.5,5,150,0.039357884,False,False,320.0,en,False,en|SIEMENS
1.2.826.0.1.3680043.8.498.10924685588962763768106617368647678902,SIEMENS,MAGNETOM Aera,1.5,4,155,0.042700606,False,False,384.0,fr,False,fr|SIEMENS
1.2.826.0.1.3680043.8.498.10924995713871537837233985073507509566,SIEMENS,MAGNETOM Avanto fit,1.5,6,310,0.476606542,False,True,800.0,de,False,de|SIEMENS
1.2.826.0.1.3680043.8.498.10927716750119165925963563081261605359,SIEMENS,Aera,1.5,9,245,0.154914902,False,False,640.0,en,False,en|SIEMENS
1.2.826.0.1.3680043.8.498.10930374192038896613513882597332665403,SIEMENS,MAGNETOM Skyra,3.0,4,223,0.031534628,False,True,352.0,en,False,en|SIEMENS
1.2.826.0.1.3680043.8.498.10931111730564885182398163970692599398,SIEMENS,MAGNETOM Vida,3.0,6,191,0.053302692,False,False,384.0,hr/bs/sr,False,hr/bs/sr|SIEMENS
1.2.826.0.1.3680043.8.498.10932818400202426453525918723737011737,GE,SIGNA Architect,3.0,9,516,0.548111146,False,True,1024.0,tr,False,tr|GE
1.2.826.0.1.3680043.8.498.10933003998197427979325590791540457658,PHILIPS,Ingenia,3.0,4,130,0.0683555,False,False,512.0,en,False,en|PHILIPS
1.2.826.0.1.3680043.8.498.10937181824204907065071760564745305722,CANON/TOSHIBA,Vantage,,5,135,0.090401434,True,False,544.0,en,False,en|CANON/TOSHIBA
1.2.826.0.1.3680043.8.498.10937504474673840994058935502377258768,GE,SIGNA Artist,1.5,5,181,0.211556416,False,False,512.0,es,False,es|GE
1.2.826.0.1.3680043.8.498.10937585701850306334458420860276069606,SIEMENS,MAGNETOM Vida,3.0,6,191,0.053295552,False,False,384.0,hr/bs/sr,False,hr/bs/sr|SIEMENS
1.2.826.0.1.3680043.8.498.10938719716535758543863717421521822626,CANON/TOSHIBA,Titan,1.5,7,176,0.175713476,False,False,640.0,en,False,en|CANON/TOSHIBA
1.2.826.0.1.3680043.8.498.10939964887585312209861601414669494409,PHILIPS,Achieva,1.5,5,112,0.073034284,False,False,560.0,es,False,es|PHILIPS
1.2.826.0.1.3680043.8.498.10951328287594724738476663200798896670,GE,SIGNA Explorer,1.5,5,149,0.068129476,False,False,512.0,tr,False,tr|GE
1.2.826.0.1.3680043.8.498.10959153852077371752490787490374555514,GE,SIGNA EXCITE,1.5,8,224,0.117745348,False,False,512.0,en,False,en|GE
1.2.826.0.1.3680043.8.498.10960770430559425421609885784366918575,GE,Optima MR430s 1.5T,1.5,5,144,0.075687092,False,False,512.0,en,False,en|GE
1.2.826.0.1.3680043.8.498.10964287649604862436796341368993301245,SIEMENS,Aera,1.5,8,223,0.119888358,False,False,512.0,en,False,en|SIEMENS
1.2.826.0.1.3680043.8.498.10965573028231658307306828073340279415,SIEMENS,MAGNETOM Sempra,1.5,5,158,0.03835287,False,False,320.0,es,False,es|SIEMENS
1.2.826.0.1.3680043.8.498.10975347305662629858093628672419901528,SIEMENS,SonataVision,1.5,5,99,0.04404849,False,False,384.0,greek,False,greek|SIEMENS
1.2.826.0.1.3680043.8.498.10979105661314213697886164132444977106,PHILIPS,Ingenia,3.0,4,118,0.062136868,False,False,520.0,en,False,en|PHILIPS
1.2.826.0.1.3680043.8.498.10981062990502278795793220223076241424,SIEMENS,MAGNETOM Vida,3.0,6,195,0.054077566,False,False,384.0,hr/bs/sr,False,hr/bs/sr|SIEMENS
1.2.826.0.1.3680043.8.498.10983416091338854252058678062116243962,GE,Optima MR360,1.5,5,152,0.079914966,False,False,512.0,en,False,en|GE
1.2.826.0.1.3680043.8.498.10992875360571368325079907908221899699,PHILIPS,Ingenia Ambition X,1.5,9,294,0.187845094,False,False,528.0,en,False,en|PHILIPS
1.2.826.0.1.3680043.8.498.10994554560803816407362754025763036100,SIEMENS,MAGNETOM Avanto fit,1.5,5,318,0.488149484,False,True,800.0,de,False,de|SIEMENS
1.2.826.0.1.3680043.8.498.10994848378662155711176898659205016445,PHILIPS,Ingenia,1.5,5,94,0.061649742,False,False,560.0,es,False,es|PHILIPS
1.2.826.0.1.3680043.8.498.10994854354532517072359864903910225174,GE,SIGNA Explorer,1.5,6,179,0.094123372,False,True,512.0,tr,False,tr|GE
1.2.826.0.1.3680043.8.498.10994899269366718796438389394954844979,PHILIPS,Achieva dStream,1.5,6,117,0.051247732,False,False,464.0,es,False,es|PHILIPS
1.2.826.0.1.3680043.8.498.10995980880227536691827030731644023480,GE,SIGNA Architect,3.0,7,398,0.438892132,False,True,1024.0,tr,False,tr|GE
1.2.826.0.1.3680043.8.498.10998144118962608870602180672090998054,GE,SIGNA Explorer,1.5,5,141,0.053304584,False,False,512.0,tr,False,tr|GE
1.2.826.0.1.3680043.8.498.10998405409474759941744305665540376339,SIEMENS,MAGNETOM Vida,3.0,5,166,0.153066162,False,False,640.0,nl,False,nl|SIEMENS
1.2.826.0.1.3680043.8.498.11006241238894862275805535376070111510,GE,SIGNA Explorer,1.5,4,117,0.061514308,False,False,512.0,en,False,en|GE
1.2.826.0.1.3680043.8.498.11007527194601989039620198927241696256,SIEMENS,MAGNETOM Vida,3.0,6,191,0.053295712,False,False,384.0,hr/bs/sr,False,hr/bs/sr|SIEMENS
1.2.826.0.1.3680043.8.498.11010004366885474301784150582039137111,GE,Optima MR430s 1.5T,1.5,5,144,0.075686856,False,False,512.0,en,False,en|GE
1.2.826.0.1.3680043.8.498.11011061033863592500429481719734134286,SIEMENS,MAGNETOM Vida,3.0,5,166,0.153066072,False,False,640.0,nl,False,nl|SIEMENS
1.2.826.0.1.3680043.8.498.11014091506864318694851337553197477906,SIEMENS,Aera,1.5,5,127,0.026193822,False,False,320.0,tr,False,tr|SIEMENS
1.2.826.0.1.3680043.8.498.11040296449332764126530525726037541310,SIEMENS,MAGNETOM Avanto fit,1.5,5,268,0.412188938,False,True,800.0,de,False,de|SIEMENS
1.2.826.0.1.3680043.8.498.11041694833778404465582610810664391088,SIEMENS,Aera,1.5,8,223,0.136868622,False,False,640.0,en,False,en|SIEMENS
1.2.826.0.1.3680043.8.498.11043081829401721095803441219553837608,SIEMENS,MAGNETOM Prisma,3.0,4,140,0.135542728,False,False,588.0,greek,False,greek|SIEMENS
1.2.826.0.1.3680043.8.498.11043543420859531726426521315399258528,SIEMENS,MAGNETOM Avanto fit,1.5,5,292,0.442945004,False,True,800.0,de,False,de|SIEMENS
1.2.826.0.1.3680043.8.498.11043926695471016727738735328317975282,SIEMENS,MAGNETOM Vida,3.0,6,197,0.054813202,False,False,384.0,hr/bs/sr,False,hr/bs/sr|SIEMENS
1.2.826.0.1.3680043.8.498.11045459770905584149950259201414074545,GE,SIGNA Artist,1.5,5,218,0.257749452,False,False,512.0,es,False,es|GE
1.2.826.0.1.3680043.8.498.11049882927267755769995376553330493298,PHILIPS,Achieva dStream,1.5,5,578,0.455742038,False,True,560.0,en,False,en|PHILIPS
1.2.826.0.1.3680043.8.498.11050604958275820465127935558416408008,GE,SIGNA Architect,3.0,7,406,0.443098196,False,True,1024.0,tr,False,tr|GE
1.2.826.0.1.3680043.8.498.11052656375391331522834364601050945860,PHILIPS,MR 7700,3.0,4,128,0.11556364,False,False,512.0,en,False,en|PHILIPS
1.2.826.0.1.3680043.8.498.11052720536194493057619720620119095739,SIEMENS,MAGNETOM Aera,1.5,4,135,0.037308186,False,False,384.0,fr,False,fr|SIEMENS
1.2.826.0.1.3680043.8.498.11057883757434391643878168168845592475,SIEMENS,SonataVision,1.5,4,82,0.035705532,False,False,448.0,greek,False,greek|SIEMENS
1.2.826.0.1.3680043.8.498.11060834081463491262807709963877480026,SIEMENS,MAGNETOM Vida,3.0,5,166,0.15306562,False,False,640.0,nl,False,nl|SIEMENS
1.2.826.0.1.3680043.8.498.11064977170395595339882840534354229547,SIEMENS,MAGNETOM Avanto fit,1.5,5,296,0.451216464,False,True,800.0,de,False,de|SIEMENS
1.2.826.0.1.3680043.8.498.11067200656721609390997819562401839124,CANON/TOSHIBA,Vantage,,5,130,0.08446913,True,False,512.0,en,False,en|CANON/TOSHIBA
1.2.826.0.1.3680043.8.498.11070900122260301212131296598983372089,SIEMENS,Aera,1.5,5,158,0.028016996,False,False,320.0,tr,False,tr|SIEMENS
1.2.826.0.1.3680043.8.498.11077406555624926104628200252710914930,SIEMENS,Aera,1.5,5,172,0.041589156,False,False,320.0,en,False,en|SIEMENS
1.2.826.0.1.3680043.8.498.11079556243110299049578981210837702995,PHILIPS,Ingenia,1.5,5,155,0.08912988,False,False,528.0,hr/bs/sr,False,hr/bs/sr|PHILIPS
1.2.826.0.1.3680043.8.498.11080651962904815250736183346281427445,GE,SIGNA Artist,1.5,4,131,0.117636044,False,False,512.0,en,False,en|GE
1.2.826.0.1.3680043.8.498.11084010833221855396433326769153950681,GE,SIGNA Explorer,1.5,5,113,0.049983954,False,False,512.0,tr,False,tr|GE
1.2.826.0.1.3680043.8.498.11090884548990390279582832205294943635,PHILIPS,Panorama HFO,1.0,5,146,0.034923902,False,False,336.0,en,False,en|PHILIPS
1.2.826.0.1.3680043.8.498.11091958567356981151034727948765010881,SIEMENS,MAGNETOM Vida,3.0,6,216,0.059565206,False,False,384.0,hr/bs/sr,False,hr/bs/sr|SIEMENS
1.2.826.0.1.3680043.8.498.11100224438877567316062152508871079233,PHILIPS,Ingenia Ambition X,1.5,9,342,0.15870008,False,True,512.0,en,False,en|PHILIPS
1.2.826.0.1.3680043.8.498.11103894265181149878864749992746236768,GE,SIGNA Artist,1.5,5,189,0.22205417,False,False,512.0,es,False,es|GE
1.2.826.0.1.3680043.8.498.11110575656494405149601490027444484170,SIEMENS,MAGNETOM Avanto fit,1.5,5,270,0.4098555,False,True,800.0,de,False,de|SIEMENS
1.2.826.0.1.3680043.8.498.11111022632180183697497694737350901427,PHILIPS,MR 5300,1.5,7,130,0.087049272,False,False,512.0,es,False,es|PHILIPS
1.2.826.0.1.3680043.8.498.11113442398569287228475456000446876768,SIEMENS,SonataVision,1.5,5,95,0.039391842,False,False,384.0,greek,False,greek|SIEMENS
1.2.826.0.1.3680043.8.498.11119324966854127911591363740049886324,PHILIPS,Ingenia,3.0,4,118,0.058353454,False,False,512.0,en,False,en|PHILIPS
1.2.826.0.1.3680043.8.498.11122485005317809892694992204053124213,CANON/TOSHIBA,Galan 3T,3.0,7,216,0.23856282,False,False,768.0,tr,False,tr|CANON/TOSHIBA
1.2.826.0.1.3680043.8.498.11123446342116837882811834332727990911,PHILIPS,Ingenia Ambition X,1.5,9,401,0.224000938,False,True,528.0,en,False,en|PHILIPS
1.2.826.0.1.3680043.8.498.11125718814639515292482773418372267821,PHILIPS,Achieva dStream,1.5,5,108,0.069859272,False,False,528.0,es,False,es|PHILIPS
1.2.826.0.1.3680043.8.498.11126383719852491587081347886000714259,GE,SIGNA Explorer,1.5,5,122,0.055503992,False,False,512.0,tr,False,tr|GE
1.2.826.0.1.3680043.8.498.11128099896284546522122813576483001027,SIEMENS,Aera,1.5,4,98,0.020213358,False,False,320.0,tr,False,tr|SIEMENS
1.2.826.0.1.3680043.8.498.11129751904857491327872353316480050290,PHILIPS,MR 5300,1.5,5,98,0.056088632,False,False,480.0,es,False,es|PHILIPS
1.2.826.0.1.3680043.8.498.11131210140372132238166068091728877219,PHILIPS,Achieva dStream,3.0,8,257,0.214848628,False,False,640.0,en,False,en|PHILIPS
1.2.826.0.1.3680043.8.498.11135115047200279264914390528987153419,SIEMENS,Aera,1.5,11,442,0.206481972,False,True,640.0,en,False,en|SIEMENS
1.2.826.0.1.3680043.8.498.11136723251983227230447257874027263286,GE,SIGNA Artist,1.5,5,197,0.232554038,False,False,512.0,es,False,es|GE
1.2.826.0.1.3680043.8.498.11145632111083286399683467139301564425,SIEMENS,Espree,1.5,10,328,0.237844282,False,False,640.0,en,False,en|SIEMENS
1.2.826.0.1.3680043.8.498.11148939654362681630811787929668902046,PHILIPS,Ingenia,1.5,6,120,0.09674027,False,False,480.0,es,False,es|PHILIPS
1.2.826.0.1.3680043.8.498.11149530279799223497509928655010867960,GE,SIGNA Voyager,1.5,5,156,0.042698444,False,False,256.0,en,False,en|GE
1.2.826.0.1.3680043.8.498.11150193626240150189232364321568347937,GE,SIGNA EXCITE,1.5,7,196,0.10302543,False,False,512.0,en,False,en|GE
1.2.826.0.1.3680043.8.498.11150597567791052354257165699079348456,FUJI/HITACHI,OASIS_Velocity,1.16,5,140,0.054430348,False,False,448.0,en,False,en|FUJI/HITACHI
1.2.826.0.1.3680043.8.498.11150751959089942633754454715290410758,PHILIPS,Achieva dStream,1.5,4,393,0.303534582,False,True,536.0,en,False,en|PHILIPS
1.2.826.0.1.3680043.8.498.11152585968424897353533125085307104033,SIEMENS,SonataVision,1.5,5,98,0.043754934,False,False,384.0,greek,False,greek|SIEMENS
1.2.826.0.1.3680043.8.498.11154238555579687338157479416363307605,SIEMENS,MAGNETOM Vida,3.0,5,166,0.044607182,False,False,384.0,hr/bs/sr,False,hr/bs/sr|SIEMENS
1.2.826.0.1.3680043.8.498.11156884483511690263238401598901614096,PHILIPS,Ingenia,1.5,6,171,0.09035192,False,False,520.0,hr/bs/sr,False,hr/bs/sr|PHILIPS
1.2.826.0.1.3680043.8.498.11159546221032123495135103648570690656,SIEMENS,MAGNETOM Lumina,3.0,5,188,0.065350066,False,False,416.0,es,False,es|SIEMENS
1.2.826.0.1.3680043.8.498.11173951743276817877673759975853741079,SIEMENS,MAGNETOM Avanto fit,1.5,5,296,0.451215792,False,True,800.0,de,False,de|SIEMENS
1.2.826.0.1.3680043.8.498.11180457573346204459956051956213528997,PHILIPS,Achieva dStream,3.0,8,243,0.186460048,False,False,640.0,en,False,en|PHILIPS
1.2.826.0.1.3680043.8.498.11183915112115196028799391678356464392,SIEMENS,Skyra,3.0,5,165,0.043493202,False,False,320.0,es,False,es|SIEMENS
1.2.826.0.1.3680043.8.498.11184968672176462852561645279750399747,SIEMENS,Espree,1.5,5,164,0.134585468,False,False,640.0,en,False,en|SIEMENS
1.2.826.0.1.3680043.8.498.11190292536746235063218740991532759863,GE,SIGNA Artist,1.5,5,191,0.22467857,False,False,512.0,es,False,es|GE
1.2.826.0.1.3680043.8.498.11191015483427903713800997920940844550,SIEMENS,Espree,1.5,5,164,0.134588254,False,False,640.0,en,False,en|SIEMENS
1.2.826.0.1.3680043.8.498.11192287547210248515805146368662883131,SIEMENS,Aera,1.5,6,239,0.054212186,False,False,320.0,hr/bs/sr,False,hr/bs/sr|SIEMENS
1.2.826.0.1.3680043.8.498.11201589885283493748455257854104771618,PHILIPS,Ingenia,1.5,6,185,0.104722526,False,False,512.0,hr/bs/sr,False,hr/bs/sr|PHILIPS
1.2.826.0.1.3680043.8.498.11201741528059502111642265469347871878,GE,SIGNA Explorer,1.5,5,137,0.06221226,False,False,512.0,tr,False,tr|GE
1.2.826.0.1.3680043.8.498.11207013225631251718312189933025529824,PHILIPS,Ingenia,3.0,5,174,0.14038219,False,False,640.0,cyrillic,False,cyrillic|PHILIPS
1.2.826.0.1.3680043.8.498.11208107516750574657838495761140109258,PHILIPS,Achieva dStream,3.0,10,331,0.24562426,False,True,600.0,en,False,en|PHILIPS
1.2.826.0.1.3680043.8.498.11208663314213048426907645330143931419,PHILIPS,Ingenia,1.5,5,94,0.066953396,False,False,576.0,es,False,es|PHILIPS
1.2.826.0.1.3680043.8.498.11210361780779474361817208167009080083,CANON/TOSHIBA,Vantage,,5,150,0.130276322,True,False,704.0,en,False,en|CANON/TOSHIBA
1.2.826.0.1.3680043.8.498.11211598263863419448236436640277320409,PHILIPS,Ingenia,3.0,4,124,0.065200572,False,False,512.0,en,False,en|PHILIPS
1.2.826.0.1.3680043.8.498.11212667888429022863778740306223585731,SIEMENS,MAGNETOM Vida,3.0,5,168,0.075704994,False,False,464.0,en,False,en|SIEMENS
1.2.826.0.1.3680043.8.498.11214158717183172156320144105486247892,PHILIPS,Ingenia Elition X,3.0,5,323,0.089288184,False,True,512.0,en,False,en|PHILIPS
1.2.826.0.1.3680043.8.498.11218351123386367961865331646414911627,GE,SIGNA Explorer,1.5,6,197,0.281311814,False,True,1024.0,tr,False,tr|GE
1.2.826.0.1.3680043.8.498.11218782547268547937641080283066300678,SIEMENS,SonataVision,1.5,5,107,0.04192876,False,False,384.0,greek,False,greek|SIEMENS
1.2.826.0.1.3680043.8.498.11219813299300915347039206446596901205,GE,Optima MR450w,,5,102,0.053585082,True,False,512.0,en,False,en|GE
1.2.826.0.1.3680043.8.498.11221318524515817857172161854667955115,SIEMENS,Aera,1.5,5,143,0.029492662,False,False,320.0,tr,False,tr|SIEMENS
1.2.826.0.1.3680043.8.498.11223691171233118900160265287691267884,PHILIPS,Ingenia,3.0,6,181,0.14178742,False,False,640.0,cyrillic,False,cyrillic|PHILIPS
1.2.826.0.1.3680043.8.498.11226582925516370364253861721606580867,GE,SIGNA Architect,3.0,7,433,0.49349083,False,True,1024.0,tr,False,tr|GE
1.2.826.0.1.3680043.8.498.11229566047228169850473554486278603754,CANON/TOSHIBA,Titan,1.5,7,172,0.133191416,False,False,640.0,en,False,en|CANON/TOSHIBA
1.2.826.0.1.3680043.8.498.11231822445970527276203191047278744341,SIEMENS,SonataVision,1.5,5,98,0.043752384,False,False,384.0,greek,False,greek|SIEMENS
1.2.826.0.1.3680043.8.498.11232674915186872899189440191805868376,PHILIPS,Achieva dStream,3.0,8,253,0.205503462,False,False,640.0,en,False,en|PHILIPS
1.2.826.0.1.3680043.8.498.11244115315611630362929576340631670750,SIEMENS,MAGNETOM Avanto fit,1.5,5,309,0.474395764,False,True,800.0,de,False,de|SIEMENS
1.2.826.0.1.3680043.8.498.11249981834802444119817546155435759007,GE,SIGNA Architect,3.0,6,225,0.295244602,False,True,1024.0,tr,False,tr|GE
1.2.826.0.1.3680043.8.498.11254890841796835340329521299102281678,PHILIPS,Ingenia,3.0,6,184,0.089376336,False,False,512.0,en,False,en|PHILIPS
1.2.826.0.1.3680043.8.498.11257168136762043265165109052826442974,SIEMENS,MAGNETOM Vida,3.0,6,191,0.053296118,False,False,384.0,hr/bs/sr,False,hr/bs/sr|SIEMENS
1.2.826.0.1.3680043.8.498.11257869433929994221899994675448655047,PHILIPS,Ingenia,3.0,6,226,0.190067176,False,False,656.0,cyrillic,False,cyrillic|PHILIPS
1.2.826.0.1.3680043.8.498.11260248089108026217929330361529065683,PHILIPS,Ingenia,3.0,5,160,0.128057014,False,False,640.0,cyrillic,False,cyrillic|PHILIPS
1.2.826.0.1.3680043.8.498.11262944211104069231500934582412003273,PHILIPS,Ingenia,3.0,4,132,0.06940708,False,False,512.0,en,False,en|PHILIPS
1.2.826.0.1.3680043.8.498.11264140845869814478794346490273061499,CANON/TOSHIBA,Vantage,,5,104,0.068788134,True,False,512.0,en,False,en|CANON/TOSHIBA
1.2.826.0.1.3680043.8.498.11268635423021790546063903457498005204,SIEMENS,Skyra,3.0,5,157,0.035085004,False,False,320.0,es,False,es|SIEMENS
1.2.826.0.1.3680043.8.498.11270845320057097450047912107461684885,GE,SIGNA EXCITE,1.5,7,210,0.110388382,False,False,512.0,en,False,en|GE
1.2.826.0.1.3680043.8.498.11275711698468745807758222802302685022,SIEMENS,MAGNETOM Avanto fit,1.5,5,290,0.449130904,False,True,800.0,de,False,de|SIEMENS
1.2.826.0.1.3680043.8.498.11276674006815021828943434205349220551,GE,SIGNA Artist,1.5,6,231,0.259864718,False,False,512.0,es,False,es|GE
1.2.826.0.1.3680043.8.498.11276732020240247755618413418003401291,PHILIPS,Ingenia,1.5,5,94,0.054176876,False,False,560.0,es,False,es|PHILIPS
1.2.826.0.1.3680043.8.498.11277078989123345865112116288626381353,SIEMENS,MAGNETOM Skyra,3.0,4,152,0.05283162,False,False,416.0,en,False,en|SIEMENS
1.2.826.0.1.3680043.8.498.11277278232377185347750793496260885546,SIEMENS,MAGNETOM Avanto fit,1.5,4,250,0.396504652,False,True,784.0,de,False,de|SIEMENS
1.2.826.0.1.3680043.8.498.11282162920338602001456704018617788412,GE,SIGNA Explorer,1.5,6,195,0.295989564,False,True,1024.0,tr,False,tr|GE
1.2.826.0.1.3680043.8.498.11282706861378379965012380644125662529,SIEMENS,Aera,1.5,9,387,0.161357038,False,True,640.0,en,False,en|SIEMENS
1.2.826.0.1.3680043.8.498.11287173314232027941677698384842764593,SIEMENS,Skyra,3.0,5,160,0.038857548,False,False,320.0,es,False,es|SIEMENS
1.2.826.0.1.3680043.8.498.11287937729196958426538087439102017580,GE,Optima MR450w,,5,113,0.059363442,True,False,512.0,en,True,en|GE
1.2.826.0.1.3680043.8.498.11291875173369366854889507729635968509,SIEMENS,MAGNETOM Vida,3.0,6,191,0.053296156,False,False,384.0,hr/bs/sr,False,hr/bs/sr|SIEMENS
1.2.826.0.1.3680043.8.498.11294885816514924203337081832122619605,SIEMENS,SonataVision,1.5,5,95,0.039391818,False,False,384.0,greek,False,greek|SIEMENS
1.2.826.0.1.3680043.8.498.11295899132697862632905938037090529644,GE,SIGNA EXCITE,1.5,7,178,0.093562772,False,False,512.0,en,False,en|GE
1.2.826.0.1.3680043.8.498.11296867854260286881418279496022384461,PHILIPS,Multiva,1.5,5,116,0.063471954,False,False,512.0,es,False,es|PHILIPS
1.2.826.0.1.3680043.8.498.11298099571581989006135838942599921393,SIEMENS,Aera,1.5,5,127,0.026194122,False,False,320.0,tr,False,tr|SIEMENS
1.2.826.0.1.3680043.8.498.11302750434639976191333636496428935632,SIEMENS,Aera,1.5,12,524,0.186669356,False,True,416.0,en,False,en|SIEMENS
1.2.826.0.1.3680043.8.498.11307870660160563329996058267938398411,PHILIPS,MR 5300,1.5,5,98,0.067525818,False,False,528.0,es,False,es|PHILIPS
1.2.826.0.1.3680043.8.498.11312798102268182343541500463824266929,SIEMENS,Aera,1.5,5,158,0.027869526,False,False,320.0,tr,False,tr|SIEMENS
1.2.826.0.1.3680043.8.498.11314687816975146963598226343179928616,CANON/TOSHIBA,Galan 3T,3.0,7,210,0.2560581,False,False,812.0,en,False,en|CANON/TOSHIBA
1.2.826.0.1.3680043.8.498.11315871586936178043350206344448851055,SIEMENS,MAGNETOM Avanto fit,1.5,7,328,0.45573272,False,True,640.0,de,False,de|SIEMENS
1.2.826.0.1.3680043.8.498.11316091466685605758061778045311969672,SIEMENS,MAGNETOM Prisma,3.0,4,138,0.109894566,False,False,572.0,greek,False,greek|SIEMENS
1.2.826.0.1.3680043.8.498.11331824020096159502562313322049966712,SIEMENS,Skyra,3.0,5,158,0.038354914,False,False,320.0,es,False,es|SIEMENS
1.2.826.0.1.3680043.8.498.11334486185870324597335039163116965763,SIEMENS,Aera,1.5,6,187,0.04397846,False,False,320.0,hr/bs/sr,False,hr/bs/sr|SIEMENS
1.2.826.0.1.3680043.8.498.11334776960319816844935217444817103072,GE,SIGNA EXCITE,1.5,6,153,0.069028982,False,False,512.0,en,False,en|GE
1.2.826.0.1.3680043.8.498.11337616353935430160375524217870968575,PHILIPS,Achieva dStream,1.5,4,392,0.303214554,False,True,536.0,en,False,en|PHILIPS
1.2.826.0.1.3680043.8.498.11338962847958062668991874160027887372,GE,SIGNA Artist,1.5,4,123,0.11028677,False,False,512.0,en,False,en|GE
1.2.826.0.1.3680043.8.498.11340429352365972769264064439788186260,GE,Optima MR430s 1.5T,1.5,5,144,0.075686824,False,False,512.0,en,False,en|GE
1.2.826.0.1.3680043.8.498.11345369648571407541082013397591193473,SIEMENS,MAGNETOM Aera,1.5,4,148,0.04071584,False,False,384.0,en,False,en|SIEMENS
1.2.826.0.1.3680043.8.498.11347466940974045182979684641300336177,CANON/TOSHIBA,Vantage,,5,132,0.086437314,True,False,544.0,en,False,en|CANON/TOSHIBA
1.2.826.0.1.3680043.8.498.11352722814008170661344291337061231555,GE,SIGNA Architect,3.0,7,400,0.439944248,False,True,1024.0,tr,False,tr|GE
1.2.826.0.1.3680043.8.498.11353976221682532422630231842008146722,SIEMENS,MAGNETOM Skyra,3.0,4,219,0.030348932,False,True,352.0,en,False,en|SIEMENS
1.2.826.0.1.3680043.8.498.11362547519125634779422991321337283241,PHILIPS,Achieva dStream,3.0,10,345,0.267064852,False,True,640.0,en,False,en|PHILIPS
1.2.826.0.1.3680043.8.498.11369844885381156110080055326139875897,SIEMENS,Aera,1.5,5,154,0.024832662,False,False,256.0,tr,False,tr|SIEMENS
1.2.826.0.1.3680043.8.498.11371400503360468962117579439852064607,GE,Optima MR450w,,5,96,0.050432958,True,False,512.0,en,False,en|GE
1.2.826.0.1.3680043.8.498.11382021393803389951964005983002209238,SIEMENS,Aera,1.5,9,233,0.156189732,False,False,640.0,en,True,en|SIEMENS
1.2.826.0.1.3680043.8.498.11383056981606331444758741778014516431,GE,Optima MR450w,,5,98,0.051486402,True,False,512.0,en,False,en|GE
1.2.826.0.1.3680043.8.498.11385845157446557781575804962818981994,GE,SIGNA Explorer,1.5,5,114,0.059946028,False,False,512.0,tr,False,tr|GE
1.2.826.0.1.3680043.8.498.11386074316342852649653530230563922899,SIEMENS,MAGNETOM Vida,3.0,6,191,0.053303196,False,False,384.0,hr/bs/sr,False,hr/bs/sr|SIEMENS
1.2.826.0.1.3680043.8.498.11391095418955817124325938917797687542,SIEMENS,MAGNETOM Vida,3.0,5,166,0.074148272,False,False,464.0,en,False,en|SIEMENS
1.2.826.0.1.3680043.8.498.11394861774586578112386386342670500749,SIEMENS,Aera,1.5,5,166,0.02686091,False,False,256.0,tr,False,tr|SIEMENS
1.2.826.0.1.3680043.8.498.11395349736725035422736613041202251830,GE,Optima MR450w,,5,105,0.055161152,True,False,512.0,en,False,en|GE
1.2.826.0.1.3680043.8.498.11396451979734570993257791565721573849,SIEMENS,MAGNETOM Avanto fit,1.5,5,270,0.411855856,False,True,800.0,de,False,de|SIEMENS
1.2.826.0.1.3680043.8.498.11402325536521359105285323485008939602,SIEMENS,MAGNETOM Prisma,3.0,5,139,0.044356974,False,False,384.0,greek,False,greek|SIEMENS
1.2.826.0.1.3680043.8.498.11406304618685790128709325242250648417,SIEMENS,MAGNETOM Vida,3.0,4,130,0.059193528,False,False,480.0,en,False,en|SIEMENS
1.2.826.0.1.3680043.8.498.11406381777983128446583783158882827226,SIEMENS,MAGNETOM Aera,1.5,4,138,0.038197312,False,False,384.0,fr,False,fr|SIEMENS
1.2.826.0.1.3680043.8.498.11413427362266862411525989114324631512,GE,SIGNA Voyager,1.5,5,161,0.044540094,False,False,256.0,en,False,en|GE
1.2.826.0.1.3680043.8.498.11414215447313658600502835138277811260,PHILIPS,Ingenia,3.0,4,126,0.066252212,False,False,512.0,en,False,en|PHILIPS
1.2.826.0.1.3680043.8.498.11420670844338686032030860787688858057,SIEMENS,MAGNETOM Sola,1.5,5,146,0.11073269,False,False,640.0,nl,False,nl|SIEMENS
1.2.826.0.1.3680043.8.498.11425019165071014217290822852865654127,GE,Optima MR450w,1.5,6,194,0.03593805,False,False,256.0,en,False,en|GE
1.2.826.0.1.3680043.8.498.11425683153901568541658945026861110110,SIEMENS,Aera,1.5,5,123,0.023746404,False,False,320.0,tr,False,tr|SIEMENS
1.2.826.0.1.3680043.8.498.11428482061412578159115168314865188597,PHILIPS,Ingenia Ambition X,1.5,10,342,0.192652524,False,True,520.0,en,False,en|PHILIPS
1.2.826.0.1.3680043.8.498.11432815311029789072253610823554308183,SIEMENS,Aera,1.5,5,162,0.033906274,False,False,320.0,hr/bs/sr,False,hr/bs/sr|SIEMENS
1.2.826.0.1.3680043.8.498.11440214477653629899108986507154583794,PHILIPS,Intera,1.5,5,169,0.139870156,False,False,672.0,en,False,en|PHILIPS
1.2.826.0.1.3680043.8.498.11440217845998767853986099058965644463,SIEMENS,MAGNETOM Vida,3.0,5,166,0.04460682,False,False,384.0,hr/bs/sr,False,hr/bs/sr|SIEMENS
1.2.826.0.1.3680043.8.498.11441489276425334980205891153179893797,SIEMENS,Aera,1.5,5,144,0.025498034,False,False,320.0,tr,False,tr|SIEMENS
1.2.826.0.1.3680043.8.498.11446264194433135282793848490754001623,PHILIPS,Ingenia,1.5,5,156,0.081962028,False,False,512.0,hr/bs/sr,False,hr/bs/sr|PHILIPS
1.2.826.0.1.3680043.8.498.11448326350892044215419380818679679579,SIEMENS,Aera,1.5,5,127,0.026193938,False,False,320.0,tr,False,tr|SIEMENS
1.2.826.0.1.3680043.8.498.11448865770537436004548718998804636234,GE,Optima MR450w,,5,106,0.055686142,True,False,512.0,en,False,en|GE
1.2.826.0.1.3680043.8.498.11451448731901996559834481853733404099,PHILIPS,Ingenia,3.0,5,106,0.114015264,False,False,640.0,es,False,es|PHILIPS
1.2.826.0.1.3680043.8.498.11451981256762378203455481812714370193,SIEMENS,MAGNETOM Sempra,1.5,5,164,0.040558308,False,False,320.0,es,False,es|SIEMENS
1.2.826.0.1.3680043.8.498.11455388290952699607973723923118848769,SIEMENS,SonataVision,1.5,5,98,0.043752098,False,False,384.0,greek,False,greek|SIEMENS
1.2.826.0.1.3680043.8.498.11458488293461896930750018852127694875,SIEMENS,MAGNETOM Vida,3.0,6,191,0.053302574,False,False,384.0,hr/bs/sr,False,hr/bs/sr|SIEMENS
1.2.826.0.1.3680043.8.498.11458715255296685383451160973781612197,PHILIPS,Ingenia Ambition X,1.5,10,314,0.193227738,False,False,520.0,en,False,en|PHILIPS
1.2.826.0.1.3680043.8.498.11465586454035959390661499120751232686,PHILIPS,Ingenia,3.0,5,163,0.131517666,False,False,640.0,cyrillic,False,cyrillic|PHILIPS
1.2.826.0.1.3680043.8.498.11467955500991327547315970867313333592,SIEMENS,Aera,1.5,5,127,0.013961572,False,False,256.0,tr,False,tr|SIEMENS
1.2.826.0.1.3680043.8.498.11468812519969607938527116557104410121,PHILIPS,Ingenia,1.5,6,124,0.12397417,False,False,696.0,es,False,es|PHILIPS
1.2.826.0.1.3680043.8.498.11471148332557464549579838595592736047,SIEMENS,MAGNETOM Vida,3.0,6,191,0.05330276,False,False,384.0,hr/bs/sr,False,hr/bs/sr|SIEMENS
1.2.826.0.1.3680043.8.498.11472441320199233244785757534656853558,SIEMENS,MAGNETOM Vida,3.0,6,191,0.053303642,False,False,384.0,hr/bs/sr,False,hr/bs/sr|SIEMENS
1.2.826.0.1.3680043.8.498.11477000011453869751231224714283666904,GE,SIGNA Artist,1.5,4,142,0.12814105,False,False,512.0,en,False,en|GE
1.2.826.0.1.3680043.8.498.11477583622065195478886525904745372063,SIEMENS,MAGNETOM Prisma,3.0,4,146,0.137642282,False,False,640.0,greek,False,greek|SIEMENS
1.2.826.0.1.3680043.8.498.11482325994550095339373157256174349858,GE,SIGNA Artist,1.5,5,214,0.25250274,False,False,512.0,es,False,es|GE
1.2.826.0.1.3680043.8.498.11487799220518102363643849548556099719,SIEMENS,MAGNETOM Vida,3.0,4,130,0.059193214,False,False,480.0,en,False,en|SIEMENS
1.2.826.0.1.3680043.8.498.11489881286208501558797333161632486099,SIEMENS,MAGNETOM Vida,3.0,6,197,0.054991204,False,False,384.0,hr/bs/sr,False,hr/bs/sr|SIEMENS
1.2.826.0.1.3680043.8.498.11495133447993934376048707763538781434,PHILIPS,Ingenia,3.0,6,186,0.155303346,False,False,672.0,cyrillic,False,cyrillic|PHILIPS
1.2.826.0.1.3680043.8.498.11497761063752461132736045914751707046,PHILIPS,Ingenia,3.0,6,182,0.151884332,False,False,672.0,cyrillic,False,cyrillic|PHILIPS
1.2.826.0.1.3680043.8.498.11498239309891927151456629915927889165,SIEMENS,MAGNETOM Sola,1.5,5,146,0.110732962,False,False,640.0,nl,False,nl|SIEMENS
1.2.826.0.1.3680043.8.498.11498505068787084440256890724559761815,GE,SIGNA Artist,1.5,5,205,0.243049468,False,False,512.0,es,False,es|GE
1.2.826.0.1.3680043.8.498.11498845504486569595587386245872511981,CANON/TOSHIBA,Titan,1.5,7,225,0.184649048,False,False,640.0,en,False,en|CANON/TOSHIBA
1.2.826.0.1.3680043.8.498.11501070108039994411346060488666341726,PHILIPS,Ingenia,3.0,4,118,0.05836142,False,False,512.0,en,False,en|PHILIPS
1.2.826.0.1.3680043.8.498.11504079342934513987748646905909982588,SIEMENS,MAGNETOM Aera,1.5,4,143,0.039234154,False,False,384.0,en,False,en|SIEMENS
1.2.826.0.1.3680043.8.498.11506642732332295874076832453198901115,SIEMENS,Prisma,3.0,5,222,0.07473473,False,False,384.0,en,False,en|SIEMENS
1.2.826.0.1.3680043.8.498.11506856887791286395737465774061395929,SIEMENS,MAGNETOM Sola,1.5,5,146,0.11073324,False,False,640.0,nl,False,nl|SIEMENS
1.2.826.0.1.3680043.8.498.11508340006652282767645009271305921426,SIEMENS,MAGNETOM Sempra,1.5,5,177,0.13464563,False,False,608.0,es,False,es|SIEMENS
1.2.826.0.1.3680043.8.498.11515987024418648685676369132061127664,GE,SIGNA EXCITE,1.5,8,204,0.107234904,False,False,512.0,en,False,en|GE
1.2.826.0.1.3680043.8.498.11516498203727058146656616413699979433,GE,SIGNA Artist,1.5,5,124,0.065195502,False,False,512.0,en,False,en|GE
1.2.826.0.1.3680043.8.498.11516842786271998149681118182571061813,GE,Optima MR450w,1.5,5,180,0.14773739,False,False,640.0,en,False,en|GE
1.2.826.0.1.3680043.8.498.11520508017843738484108845144418061602,PHILIPS,Ingenia,3.0,4,126,0.079220696,False,False,560.0,en,False,en|PHILIPS
1.2.826.0.1.3680043.8.498.11521971289581057766555206729274639736,SIEMENS,MAGNETOM Lumina,3.0,5,164,0.056833416,False,False,416.0,es,False,es|SIEMENS
1.2.826.0.1.3680043.8.498.11529405479134457001825038259936796388,SIEMENS,Aera,1.5,5,143,0.029494698,False,False,320.0,tr,False,tr|SIEMENS
1.2.826.0.1.3680043.8.498.11530446425918247469882351709851883983,GE,SIGNA Artist,1.5,4,137,0.122362946,False,False,512.0,en,False,en|GE
1.2.826.0.1.3680043.8.498.11532517984322509215429681648257299355,SIEMENS,MAGNETOM Skyra,3.0,4,224,0.031830094,False,True,352.0,en,False,en|SIEMENS
1.2.826.0.1.3680043.8.498.11533971444023236216745801026152089075,CANON/TOSHIBA,Vantage,,5,120,0.080886752,True,False,512.0,en,False,en|CANON/TOSHIBA
1.2.826.0.1.3680043.8.498.11542298537902846156898976374522470463,SIEMENS,MAGNETOM Vida,3.0,6,191,0.053294474,False,False,384.0,hr/bs/sr,False,hr/bs/sr|SIEMENS
1.2.826.0.1.3680043.8.498.11543622448213658856759993374276266341,GE,SIGNA EXCITE,1.5,7,219,0.11511652,False,False,512.0,en,False,en|GE
1.2.826.0.1.3680043.8.498.11545541207342029419461179316053148974,GE,Signa HDxt,,5,103,0.05410977,True,False,512.0,en,False,en|GE
1.2.826.0.1.3680043.8.498.11546127923715190914128277599849591183,PHILIPS,Ingenia,3.0,4,118,0.058358706,False,False,512.0,en,False,en|PHILIPS
1.2.826.0.1.3680043.8.498.11547192037231064935759879673500408149,CANON/TOSHIBA,Vantage,,5,120,0.079215436,True,False,512.0,en,False,en|CANON/TOSHIBA
1.2.826.0.1.3680043.8.498.11548045715264151632153040089882701935,PHILIPS,Achieva dStream,3.0,9,275,0.223171356,False,False,640.0,en,True,en|PHILIPS
1.2.826.0.1.3680043.8.498.11548839502674800051973767797346682106,SIEMENS,MAGNETOM Vida,3.0,5,166,0.153065488,False,False,640.0,nl,False,nl|SIEMENS
1.2.826.0.1.3680043.8.498.11551347885357242022697196552822735795,SIEMENS,MAGNETOM Prisma,3.0,4,142,0.120383048,False,False,588.0,greek,False,greek|SIEMENS
1.2.826.0.1.3680043.8.498.11551770225828320378339882849245348148,GE,Optima MR450w,,5,153,0.080377974,True,False,512.0,en,False,en|GE
1.2.826.0.1.3680043.8.498.11557620559191469069130827959098335840,SIEMENS,Skyra,3.0,6,190,0.08850415,False,False,384.0,es,True,es|SIEMENS
1.2.826.0.1.3680043.8.498.11561519302314146020052258325459371962,SIEMENS,MAGNETOM Avanto fit,1.5,6,306,0.473185516,False,True,800.0,de,False,de|SIEMENS
1.2.826.0.1.3680043.8.498.11569355546217846610131708883985793793,GE,SIGNA Explorer,1.5,5,104,0.045644792,False,False,512.0,tr,False,tr|GE
1.2.826.0.1.3680043.8.498.11569601172991867969672947467467392425,CANON/TOSHIBA,Titan,1.5,5,129,0.060360872,False,False,512.0,en,False,en|CANON/TOSHIBA
1.2.826.0.1.3680043.8.498.11571057273590444914079281238002921868,GE,SIGNA Explorer,1.5,5,127,0.05734623,False,False,512.0,tr,False,tr|GE
1.2.826.0.1.3680043.8.498.11574480940878399452466699512074769686,SIEMENS,MAGNETOM Vida,3.0,5,166,0.044607104,False,False,384.0,hr/bs/sr,False,hr/bs/sr|SIEMENS
1.2.826.0.1.3680043.8.498.11574667600340420151274680172753922967,PHILIPS,Ingenia Ambition X,1.5,10,328,0.182439102,False,True,520.0,en,False,en|PHILIPS
1.2.826.0.1.3680043.8.498.11577630811395858629711985689258647804,PHILIPS,Ingenia,3.0,5,102,0.089685262,False,False,512.0,es,False,es|PHILIPS
1.2.826.0.1.3680043.8.498.11579571696748051185342754881791715610,SIEMENS,MAGNETOM Lumina,3.0,5,186,0.0646544,False,False,416.0,es,False,es|SIEMENS
1.2.826.0.1.3680043.8.498.11583098598455610459898849451117846552,GE,SIGNA EXCITE,1.5,7,168,0.088309444,False,False,512.0,en,False,en|GE
1.2.826.0.1.3680043.8.498.11586616391541918134110642641868079265,SIEMENS,SonataVision,1.5,5,108,0.04150645,False,False,384.0,greek,False,greek|SIEMENS
1.2.826.0.1.3680043.8.498.11587989960888698769912899464470116193,CANON/TOSHIBA,Titan,1.5,5,135,0.072097602,False,False,512.0,en,False,en|CANON/TOSHIBA
1.2.826.0.1.3680043.8.498.11590096889491409910425456896187293515,PHILIPS,MR 5300,1.5,6,121,0.077330402,False,False,568.0,es,False,es|PHILIPS
1.2.826.0.1.3680043.8.498.11592056376890319271545710970155310824,GE,Signa HDxt,1.5,5,121,0.050634174,False,False,512.0,en,False,en|GE
1.2.826.0.1.3680043.8.498.11592838054859712596515534341207971997,PHILIPS,Ingenia,3.0,5,154,0.1220742,False,False,640.0,cyrillic,False,cyrillic|PHILIPS
1.2.826.0.1.3680043.8.498.11595338216297251382188195835520492789,SIEMENS,Espree,1.5,5,148,0.121456632,False,False,640.0,en,False,en|SIEMENS
1.2.826.0.1.3680043.8.498.11596665780617412984766822528862741584,PHILIPS,Ingenia,1.5,6,170,0.09751977,False,False,528.0,hr/bs/sr,False,hr/bs/sr|PHILIPS
1.2.826.0.1.3680043.8.498.11596866241403598097171345671773992202,SIEMENS,Aera,1.5,5,152,0.026853318,False,False,320.0,tr,False,tr|SIEMENS
1.2.826.0.1.3680043.8.498.11598606533748611505510113033734692457,SIEMENS,SonataVision,1.5,6,116,0.058524268,False,False,448.0,greek,False,greek|SIEMENS
1.2.826.0.1.3680043.8.498.11599387556469808488160280438305325860,SIEMENS,Skyra,3.0,5,170,0.04119041,False,False,320.0,es,False,es|SIEMENS
1.2.826.0.1.3680043.8.498.11604138460812393624691789275263090511,SIEMENS,MAGNETOM Aera,1.5,4,148,0.040710392,False,False,384.0,en,False,en|SIEMENS
1.2.826.0.1.3680043.8.498.11604298807403466096392316117803661479,SIEMENS,MAGNETOM Skyra,3.0,4,159,0.055438354,False,False,416.0,en,False,en|SIEMENS
1.2.826.0.1.3680043.8.498.11605266731872772432220415835172557961,GE,SIGNA Architect,3.0,8,467,0.533389118,False,True,1024.0,tr,False,tr|GE
1.2.826.0.1.3680043.8.498.11610176134207131408691324676304640501,SIEMENS,MAGNETOM Vida,3.0,6,203,0.05633543,False,False,384.0,hr/bs/sr,False,hr/bs/sr|SIEMENS
1.2.826.0.1.3680043.8.498.11610585947047502123824835405421129552,SIEMENS,SonataVision,1.5,5,98,0.059665976,False,False,640.0,greek,False,greek|SIEMENS
1.2.826.0.1.3680043.8.498.11613637647831801354398273334552399874,SIEMENS,Verio_DOT,3.0,5,162,0.023311558,False,False,256.0,en,False,en|SIEMENS
1.2.826.0.1.3680043.8.498.11619883329923252065839671636992770849,GE,SIGNA Explorer,1.5,5,118,0.04356778,False,False,512.0,tr,False,tr|GE
1.2.826.0.1.3680043.8.498.11625598825018422177242262569319579378,SIEMENS,MAGNETOM Sempra,1.5,5,185,0.044419178,False,False,320.0,es,False,es|SIEMENS
1.2.826.0.1.3680043.8.498.11629659616217352895144469980856259097,PHILIPS,Achieva dStream,1.5,6,606,0.470464958,False,True,536.0,en,False,en|PHILIPS
1.2.826.0.1.3680043.8.498.11641274367861998748475337224297076397,SIEMENS,Espree,1.5,5,130,0.018841298,False,False,256.0,en,False,en|SIEMENS
1.2.826.0.1.3680043.8.498.11641866550826314411250696478180861612,CANON/TOSHIBA,Galan 3T,3.0,8,255,0.31627827,False,False,816.0,en,False,en|CANON/TOSHIBA
1.2.826.0.1.3680043.8.498.11642228346306175407288158335830376197,SIEMENS,Aera,1.5,5,154,0.027191988,False,False,320.0,tr,False,tr|SIEMENS
1.2.826.0.1.3680043.8.498.11642678020345468499556230871411308014,PHILIPS,Ingenia,3.0,6,182,0.151884462,False,False,672.0,cyrillic,False,cyrillic|PHILIPS
1.2.826.0.1.3680043.8.498.11646465814751330102194657154003685957,CANON/TOSHIBA,Vantage,,5,135,0.089062024,True,False,576.0,en,False,en|CANON/TOSHIBA
1.2.826.0.1.3680043.8.498.11647595587705638372290862475518195181,SIEMENS,MAGNETOM Vida,3.0,5,215,0.057850828,False,False,384.0,hr/bs/sr,False,hr/bs/sr|SIEMENS
1.2.826.0.1.3680043.8.498.11651755040149549966484720727140190853,SIEMENS,MAGNETOM Skyra,3.0,4,219,0.030348268,False,True,352.0,en,False,en|SIEMENS
1.2.826.0.1.3680043.8.498.11652570369213315569275956969935617843,SIEMENS,MAGNETOM Vida,3.0,6,191,0.05330264,False,False,384.0,hr/bs/sr,False,hr/bs/sr|SIEMENS
1.2.826.0.1.3680043.8.498.11654064547593365398103107850228629066,CANON/TOSHIBA,Vantage,,5,122,0.084325536,True,False,544.0,en,False,en|CANON/TOSHIBA
1.2.826.0.1.3680043.8.498.11655692245049710970881619360721342623,GE,SIGNA Artist,1.5,5,195,0.231500184,False,False,512.0,es,False,es|GE
1.2.826.0.1.3680043.8.498.11659861228342609979638095779959188093,SIEMENS,MAGNETOM Vida,3.0,8,264,0.122116892,False,False,480.0,en,False,en|SIEMENS
1.2.826.0.1.3680043.8.498.11661333712307504012375232163708358493,PHILIPS,Achieva dStream,3.0,9,291,0.225212552,False,False,640.0,en,False,en|PHILIPS
1.2.826.0.1.3680043.8.498.11669120316759278775792190599036288128,GE,SIGNA Explorer,1.5,5,122,0.06415181,False,False,512.0,tr,False,tr|GE
1.2.826.0.1.3680043.8.498.11674925658184069242322832524274428408,GE,SIGNA Architect,3.0,7,380,0.36493911,False,True,1024.0,tr,False,tr|GE
1.2.826.0.1.3680043.8.498.11679044101697033975478370934058085847,CANON/TOSHIBA,Titan,1.5,7,210,0.172339068,False,False,640.0,en,False,en|CANON/TOSHIBA
1.2.826.0.1.3680043.8.498.11679981444785137570894759919380932611,GE,Optima MR450w,,5,103,0.054110606,True,False,512.0,en,False,en|GE
1.2.826.0.1.3680043.8.498.11682243736539231948790371952356165171,SIEMENS,MAGNETOM Lumina,3.0,5,182,0.063264722,False,False,416.0,es,False,es|SIEMENS
1.2.826.0.1.3680043.8.498.11685904538570360040472064238371379681,SIEMENS,Aera,1.5,6,187,0.043978532,False,False,320.0,hr/bs/sr,False,hr/bs/sr|SIEMENS
1.2.826.0.1.3680043.8.498.11689820638581431730501617718741779835,PHILIPS,Ingenia,3.0,6,229,0.196126158,False,False,672.0,cyrillic,False,cyrillic|PHILIPS
1.2.826.0.1.3680043.8.498.11691245281415120685024733512803575288,SIEMENS,Aera,1.5,8,223,0.136860346,False,False,640.0,en,False,en|SIEMENS
1.2.826.0.1.3680043.8.498.11695097367686121784104505410611821860,GE,SIGNA Artist,1.5,6,238,0.26354883,False,False,512.0,es,False,es|GE
1.2.826.0.1.3680043.8.498.11703195077261884009442719578918319962,SIEMENS,MAGNETOM Vida,3.0,6,211,0.05859804,False,False,384.0,hr/bs/sr,False,hr/bs/sr|SIEMENS
1.2.826.0.1.3680043.8.498.11706378290185110677863653788588307917,PHILIPS,Achieva dStream,1.5,4,391,0.30268863,False,True,536.0,en,False,en|PHILIPS
1.2.826.0.1.3680043.8.498.11709909941833245598246010905322129256,PHILIPS,Ingenia,3.0,4,126,0.06255948,False,False,512.0,en,False,en|PHILIPS
1.2.826.0.1.3680043.8.498.11716605112302071535035323666308656381,SIEMENS,MAGNETOM Avanto fit,1.5,5,281,0.429895996,False,True,800.0,de,False,de|SIEMENS
1.2.826.0.1.3680043.8.498.11716730437469973434747875401501334429,SIEMENS,MAGNETOM Vida,3.0,5,166,0.044612496,False,False,384.0,hr/bs/sr,False,hr/bs/sr|SIEMENS
1.2.826.0.1.3680043.8.498.11719502398697390809777045891822044637,SIEMENS,MAGNETOM Aera,1.5,4,150,0.041213524,False,False,384.0,fr,False,fr|SIEMENS
1.2.826.0.1.3680043.8.498.11720535027022778971695130536590302635,SIEMENS,MAGNETOM Vida,3.0,6,191,0.053296248,False,False,384.0,hr/bs/sr,False,hr/bs/sr|SIEMENS
1.2.826.0.1.3680043.8.498.11720664166420613534218395854543939928,GE,SIGNA EXCITE,1.5,7,168,0.0883097,False,False,512.0,en,False,en|GE
1.2.826.0.1.3680043.8.498.11722185671504770687850569082348083612,SIEMENS,Aera,1.5,5,144,0.025497628,False,False,320.0,tr,False,tr|SIEMENS
1.2.826.0.1.3680043.8.498.11723286647024326363349453996818420374,SIEMENS,MAGNETOM Vida,3.0,6,191,0.053296248,False,False,384.0,hr/bs/sr,False,hr/bs/sr|SIEMENS
1.2.826.0.1.3680043.8.498.11723945299462627737346907048285143063,GE,SIGNA Explorer,1.5,5,149,0.05593669,False,False,512.0,tr,False,tr|GE
1.2.826.0.1.3680043.8.498.11725843001854130477287484865097535511,PHILIPS,Ingenia,3.0,4,130,0.071443466,False,False,512.0,en,False,en|PHILIPS
1.2.826.0.1.3680043.8.498.11726452645519338341002251323463736083,SIEMENS,MAGNETOM Vida,3.0,4,130,0.059193714,False,False,480.0,en,False,en|SIEMENS
1.2.826.0.1.3680043.8.498.11738872955471637985947490962985266753,SIEMENS,MAGNETOM Vida,3.0,4,142,0.06436739,False,False,480.0,en,False,en|SIEMENS
1.2.826.0.1.3680043.8.498.11751697254880722008245447197446027607,PHILIPS,Achieva dStream,1.5,5,152,0.108450942,False,False,640.0,es,False,es|PHILIPS
1.2.826.0.1.3680043.8.498.11752091432368750506312921028559788225,SIEMENS,MAGNETOM Vida,3.0,8,266,0.121226178,False,False,480.0,en,False,en|SIEMENS
1.2.826.0.1.3680043.8.498.11753067309373104365558887398441364695,SIEMENS,MAGNETOM Skyra,3.0,4,225,0.03212643,False,True,352.0,en,False,en|SIEMENS
1.2.826.0.1.3680043.8.498.11762352496600661264881556836248251400,PHILIPS,Ingenia,3.0,4,114,0.05625287,False,False,512.0,en,False,en|PHILIPS
1.2.826.0.1.3680043.8.498.11762851510866726051342964961256680025,CANON/TOSHIBA,Vantage,,5,117,0.074270434,True,False,512.0,en,False,en|CANON/TOSHIBA
1.2.826.0.1.3680043.8.498.11770690655120964721059321709525979950,PHILIPS,MR 5300,1.5,5,94,0.07231134,False,False,528.0,es,False,es|PHILIPS
1.2.826.0.1.3680043.8.498.11771393824519892797114773408583976756,CANON/TOSHIBA,Vantage,,5,122,0.081052654,True,False,544.0,en,True,en|CANON/TOSHIBA
1.2.826.0.1.3680043.8.498.11775352515236862473778507708524782015,PHILIPS,Ingenia,1.5,6,171,0.09035185,False,False,520.0,hr/bs/sr,False,hr/bs/sr|PHILIPS
1.2.826.0.1.3680043.8.498.11776647434143676427722616249587614803,GE,SIGNA Voyager,1.5,5,164,0.045331476,False,False,256.0,en,False,en|GE
1.2.826.0.1.3680043.8.498.11779387602988880691008088661075117406,GE,SIGNA Artist,1.5,5,185,0.219953378,False,False,512.0,es,False,es|GE
1.2.826.0.1.3680043.8.498.11783597160745641720078978406968189488,GE,SIGNA Explorer,1.5,5,96,0.050482248,False,False,512.0,tr,False,tr|GE
1.2.826.0.1.3680043.8.498.11785138333495400389510795613252286069,SIEMENS,MAGNETOM Aera,1.5,4,154,0.04248855,False,False,384.0,fr,False,fr|SIEMENS
1.2.826.0.1.3680043.8.498.11786296135006283515679011075884245663,GE,SIGNA EXCITE,1.5,7,205,0.107756862,False,False,512.0,en,False,en|GE
1.2.826.0.1.3680043.8.498.11786582806577871618290342375465595269,PHILIPS,Ingenia,3.0,4,130,0.068355496,False,False,512.0,en,False,en|PHILIPS
1.2.826.0.1.3680043.8.498.11791028039098776993164396657149877483,CANON/TOSHIBA,Titan,1.5,7,186,0.131802862,False,False,640.0,en,False,en|CANON/TOSHIBA
1.2.826.0.1.3680043.8.498.11791567830371683660578052737702299124,SIEMENS,MAGNETOM Skyra,3.0,4,232,0.033750768,False,True,352.0,en,False,en|SIEMENS
1.2.826.0.1.3680043.8.498.11794753699425693678056056340551238033,GE,SIGNA Artist,1.5,6,222,0.239405468,False,False,512.0,es,False,es|GE
1.2.826.0.1.3680043.8.498.11796547950032543541071896156852778697,GE,SIGNA Architect,3.0,8,411,0.485039986,False,True,1024.0,tr,False,tr|GE
1.2.826.0.1.3680043.8.498.11798183157109435753679723596499976762,SIEMENS,Espree,1.5,5,152,0.124738548,False,False,640.0,en,False,en|SIEMENS
1.2.826.0.1.3680043.8.498.11799272823743145498601173910069737855,PHILIPS,Ingenia Elition X,3.0,10,510,0.207791398,False,True,512.0,en,False,en|PHILIPS
1.2.826.0.1.3680043.8.498.11803762390999881908101130422708589537,GE,SIGNA Artist,1.5,5,175,0.203686164,False,False,512.0,es,False,es|GE
1.2.826.0.1.3680043.8.498.11804799183537166337413388415687675758,SIEMENS,Aera,1.5,6,187,0.04397851,False,False,320.0,hr/bs/sr,False,hr/bs/sr|SIEMENS
1.2.826.0.1.3680043.8.498.11805131119810457174456565128522037991,PHILIPS,Ingenia Ambition X,1.5,10,294,0.18116417,False,False,520.0,en,False,en|PHILIPS
1.2.826.0.1.3680043.8.498.11807494462283790976935891042637502434,PHILIPS,Ingenia,3.0,4,130,0.068355474,False,False,512.0,en,False,en|PHILIPS
1.2.826.0.1.3680043.8.498.11812607848520072826145426247813670653,PHILIPS,Ingenia Elition X,3.0,7,400,0.130625704,False,True,512.0,en,False,en|PHILIPS
1.2.826.0.1.3680043.8.498.11814923363609140180293604689814785969,SIEMENS,Aera,1.5,5,144,0.025498382,False,False,320.0,tr,False,tr|SIEMENS
1.2.826.0.1.3680043.8.498.11823120042104793954689778719229868108,SIEMENS,MAGNETOM Vida,3.0,6,191,0.053303398,False,False,384.0,hr/bs/sr,False,hr/bs/sr|SIEMENS
1.2.826.0.1.3680043.8.498.11830915612184936576804778995164042200,SIEMENS,Aera,1.5,5,143,0.029494794,False,False,320.0,tr,False,tr|SIEMENS
1.2.826.0.1.3680043.8.498.11836929166973549727078374306175992474,PHILIPS,Ingenia,3.0,4,122,0.071156692,False,False,544.0,en,False,en|PHILIPS
1.2.826.0.1.3680043.8.498.11848828525319749834876185415845381479,SIEMENS,MAGNETOM Aera,1.5,4,138,0.037926534,False,False,384.0,fr,False,fr|SIEMENS
1.2.826.0.1.3680043.8.498.11851285389689341495961233129719325417,PHILIPS,Ingenia,3.0,5,183,0.154773668,False,False,672.0,cyrillic,False,cyrillic|PHILIPS
1.2.826.0.1.3680043.8.498.11851412923016044948101698015974810604,SIEMENS,Verio_DOT,3.0,5,192,0.027952236,False,False,256.0,en,True,en|SIEMENS
1.2.826.0.1.3680043.8.498.11860731961337988611847638299761007498,SIEMENS,MAGNETOM Avanto fit,1.5,6,298,0.437255766,False,True,720.0,de,False,de|SIEMENS
1.2.826.0.1.3680043.8.498.11863890747360341056211511874563792862,GE,Optima MR450w,1.5,5,152,0.029978976,False,False,256.0,en,False,en|GE
1.2.826.0.1.3680043.8.498.11867198902144602395671904591496233129,SIEMENS,MAGNETOM Sempra,1.5,5,168,0.041448666,False,False,320.0,es,False,es|SIEMENS
1.2.826.0.1.3680043.8.498.11868154141292577776796381772987549697,GE,SIGNA Explorer,1.5,5,139,0.052252932,False,False,512.0,tr,False,tr|GE
1.2.826.0.1.3680043.8.498.11868389442143514705330687746274512632,SIEMENS,MAGNETOM Avanto fit,1.5,5,272,0.415918672,False,True,800.0,de,False,de|SIEMENS
1.2.826.0.1.3680043.8.498.11871142388984150456249558619289234011,PHILIPS,Achieva dStream,3.0,9,265,0.207795776,False,False,640.0,en,False,en|PHILIPS
1.2.826.0.1.3680043.8.498.11878847808072119549790690649256090471,SIEMENS,MAGNETOM Vida,3.0,5,166,0.153065794,False,False,640.0,nl,False,nl|SIEMENS
1.2.826.0.1.3680043.8.498.11880385031047315524154761508473409762,SIEMENS,Aera,1.5,5,160,0.028207476,False,False,320.0,tr,False,tr|SIEMENS
1.2.826.0.1.3680043.8.498.11881735311125899170335963782017197184,SIEMENS,MAGNETOM Avanto fit,1.5,5,244,0.37119454,False,True,800.0,de,False,de|SIEMENS
1.2.826.0.1.3680043.8.498.11887143891500181344364122992066593229,SIEMENS,MAGNETOM Vida,3.0,5,166,0.044612792,False,False,384.0,hr/bs/sr,False,hr/bs/sr|SIEMENS
1.2.826.0.1.3680043.8.498.11892908237449514945544380023820626319,SIEMENS,MAGNETOM Prisma,3.0,5,144,0.045191738,False,False,384.0,greek,False,greek|SIEMENS
1.2.826.0.1.3680043.8.498.11897083656099489353496670273111097794,SIEMENS,Espree,1.5,5,134,0.019445324,False,False,256.0,en,False,en|SIEMENS
1.2.826.0.1.3680043.8.498.11900355716044995266104285198121445744,GE,SIGNA Explorer,1.5,5,106,0.047089606,False,False,512.0,tr,False,tr|GE
1.2.826.0.1.3680043.8.498.11901474252960403779405194385221103673,SIEMENS,MAGNETOM Vida,3.0,5,166,0.153066096,False,False,640.0,nl,False,nl|SIEMENS
1.2.826.0.1.3680043.8.498.11902464730418099436837163594625541861,SIEMENS,MAGNETOM Avanto fit,1.5,5,266,0.405633058,False,True,800.0,de,False,de|SIEMENS
1.2.826.0.1.3680043.8.498.11904156585987383639134967886361403369,SIEMENS,MAGNETOM Avanto fit,1.5,6,354,0.522162302,False,True,720.0,de,False,de|SIEMENS
1.2.826.0.1.3680043.8.498.11905397531490569218559534495408776672,SIEMENS,MAGNETOM Avanto fit,1.5,5,256,0.394484724,False,True,800.0,de,False,de|SIEMENS
1.2.826.0.1.3680043.8.498.11906266535122698149967624908585010734,GE,Optima MR450w,,5,97,0.050958172,True,False,512.0,en,False,en|GE
1.2.826.0.1.3680043.8.498.11909779134152823550896593167929611759,SIEMENS,MAGNETOM Prisma,3.0,4,136,0.1166631,False,False,588.0,greek,False,greek|SIEMENS
1.2.826.0.1.3680043.8.498.11911688823908554151914734938172012708,CANON/TOSHIBA,Vantage,,5,120,0.079215524,True,False,512.0,en,False,en|CANON/TOSHIBA
1.2.826.0.1.3680043.8.498.11912276256810863127132294167870461707,GE,Optima MR430s 1.5T,1.5,5,144,0.075686776,False,False,512.0,en,False,en|GE
1.2.826.0.1.3680043.8.498.11912618147674655465071922267060032851,SIEMENS,MAGNETOM Vida,3.0,5,166,0.15306583,False,False,640.0,nl,False,nl|SIEMENS
1.2.826.0.1.3680043.8.498.11915933561045570822185908784072057715,SIEMENS,MAGNETOM Prisma,3.0,4,138,0.116578788,False,False,588.0,greek,False,greek|SIEMENS
1.2.826.0.1.3680043.8.498.11915937982684988073644209606907169581,SIEMENS,MAGNETOM Aera,1.5,4,141,0.039001768,False,False,384.0,en,True,en|SIEMENS
1.2.826.0.1.3680043.8.498.11919420571588879483419578078755803351,GE,SIGNA Explorer,1.5,5,135,0.059978156,False,False,512.0,tr,False,tr|GE
1.2.826.0.1.3680043.8.498.11920026019322352546372153111621676066,SIEMENS,MAGNETOM Avanto fit,1.5,5,334,0.505823846,False,True,800.0,de,False,de|SIEMENS
1.2.826.0.1.3680043.8.498.11920531053482540304184657218030242597,PHILIPS,Achieva dStream,1.5,4,390,0.302059874,False,True,536.0,en,False,en|PHILIPS
1.2.826.0.1.3680043.8.498.11923218013055841952315996726408812182,SIEMENS,MAGNETOM Vida,3.0,7,223,0.061895662,False,False,384.0,hr/bs/sr,False,hr/bs/sr|SIEMENS
1.2.826.0.1.3680043.8.498.11924999889245769866426422681253524920,PHILIPS,Ingenia,1.5,5,156,0.08196196,False,False,512.0,hr/bs/sr,False,hr/bs/sr|PHILIPS
1.2.826.0.1.3680043.8.498.11926412946593048423086380882538180028,GE,Optima MR450w,1.5,5,164,0.031961498,False,False,256.0,en,False,en|GE
1.2.826.0.1.3680043.8.498.11927352926669104658144933891780551483,SIEMENS,SonataVision,1.5,4,79,0.032847894,False,False,384.0,greek,False,greek|SIEMENS
1.2.826.0.1.3680043.8.498.11934483804567594363179973225449686890,SIEMENS,Aera,1.5,8,223,0.136863842,False,False,640.0,en,False,en|SIEMENS
1.2.826.0.1.3680043.8.498.11935116791150327546384719051023540185,GE,Optima MR450w,,5,115,0.060415358,True,False,512.0,en,False,en|GE
1.2.826.0.1.3680043.8.498.11935893582662912138522962760478513770,PHILIPS,Achieva dStream,1.5,5,578,0.455742106,False,True,560.0,en,False,en|PHILIPS
1.2.826.0.1.3680043.8.498.11937911933281010146897685679862930140,PHILIPS,Achieva dStream,1.5,5,572,0.452175408,False,True,560.0,en,False,en|PHILIPS
1.2.826.0.1.3680043.8.498.11938864543152001817866013174907274014,SIEMENS,Aera,1.5,5,158,0.02786965,False,False,320.0,tr,False,tr|SIEMENS
1.2.826.0.1.3680043.8.498.11944762815616453054528091721553484857,GE,SIGNA Architect,3.0,7,368,0.351570156,False,True,1024.0,tr,False,tr|GE
1.2.826.0.1.3680043.8.498.11954711639198972958656966617027374769,GE,SIGNA EXCITE,,5,91,0.04780649,True,False,512.0,en,False,en|GE
1.2.826.0.1.3680043.8.498.11956771495610267604936834092317960600,SIEMENS,MAGNETOM Lumina,3.0,5,200,0.069520814,False,False,416.0,es,False,es|SIEMENS
1.2.826.0.1.3680043.8.498.11957476321850340968244508976719889277,GE,SIGNA Artist,1.5,5,187,0.217856672,False,False,512.0,es,False,es|GE
1.2.826.0.1.3680043.8.498.11958117172819754862618612170999909480,GE,Optima MR450w,,5,96,0.050432722,True,False,512.0,en,False,en|GE
1.2.826.0.1.3680043.8.498.11964826300307458382604479841253457304,PHILIPS,Ingenia,3.0,6,185,0.144263804,False,False,640.0,cyrillic,False,cyrillic|PHILIPS
1.2.826.0.1.3680043.8.498.11964919539297578836040550782883323317,SIEMENS,Aera,1.5,5,127,0.02619394,False,False,320.0,tr,False,tr|SIEMENS
1.2.826.0.1.3680043.8.498.11977465062890611952998635094033472451,PHILIPS,Ingenia Elition X,3.0,5,325,0.087990732,False,True,480.0,en,False,en|PHILIPS
1.2.826.0.1.3680043.8.498.11979034558288454336812613626594510186,GE,SIGNA EXCITE,,5,95,0.049905238,True,False,512.0,en,False,en|GE
1.2.826.0.1.3680043.8.498.11979906027101464432999416052202616662,PHILIPS,Ingenia,3.0,4,116,0.060993276,False,False,512.0,en,False,en|PHILIPS
1.2.826.0.1.3680043.8.498.11980187124986749407584543247586384443,PHILIPS,Ingenia,3.0,4,130,0.071443216,False,False,512.0,en,False,en|PHILIPS
1.2.826.0.1.3680043.8.498.11980805687949950504930975019161587970,GE,SIGNA Explorer,1.5,5,127,0.06678222,False,False,512.0,tr,False,tr|GE
1.2.826.0.1.3680043.8.498.11981170645605720774509861722988500673,SIEMENS,MAGNETOM Avanto fit,1.5,5,258,0.393521074,False,True,800.0,de,False,de|SIEMENS
1.2.826.0.1.3680043.8.498.11988551795896617815207749665102049499,PHILIPS,Intera,1.5,5,167,0.14205273,False,False,704.0,en,False,en|PHILIPS
1.2.826.0.1.3680043.8.498.11991512352474459753052051071717622771,GE,SIGNA Artist,1.5,5,132,0.069401362,False,False,512.0,en,False,en|GE
1.2.826.0.1.3680043.8.498.11992172807590757302730513420827032389,PHILIPS,Ingenia,1.5,6,106,0.066352294,False,False,536.0,unknown,False,unknown|PHILIPS
1.2.826.0.1.3680043.8.498.11999008448480965933785988718780864948,SIEMENS,MAGNETOM Lumina,3.0,5,196,0.068131328,False,False,416.0,es,False,es|SIEMENS
1.2.826.0.1.3680043.8.498.12005327370242618323737652892230673473,SIEMENS,SonataVision,1.5,5,103,0.045761238,False,False,384.0,greek,False,greek|SIEMENS
1.2.826.0.1.3680043.8.498.12006027138204983547873134458107233878,SIEMENS,Aera,1.5,8,223,0.183003596,False,False,640.0,en,False,en|SIEMENS
1.2.826.0.1.3680043.8.498.12007335335641704192494936946829650792,GE,SIGNA Explorer,1.5,5,124,0.065203548,False,False,512.0,tr,False,tr|GE
1.2.826.0.1.3680043.8.498.12009816058271421855131593296751372723,SIEMENS,MAGNETOM Aera,1.5,4,150,0.041219204,False,False,384.0,en,False,en|SIEMENS
1.2.826.0.1.3680043.8.498.12010150865087936209475730225377000084,GE,SIGNA Explorer,1.5,5,125,0.056687168,False,False,512.0,tr,False,tr|GE
1.2.826.0.1.3680043.8.498.12014959202771141042815134335571931814,SIEMENS,MAGNETOM Vida,3.0,6,214,0.059178772,False,False,384.0,hr/bs/sr,False,hr/bs/sr|SIEMENS
1.2.826.0.1.3680043.8.498.12015406188790105426257083591807220760,SIEMENS,Aera,1.5,5,162,0.028547826,False,False,320.0,tr,False,tr|SIEMENS
1.2.826.0.1.3680043.8.498.12026457191304650188547548517205757122,SIEMENS,Aera,1.5,7,194,0.128273726,False,False,640.0,en,False,en|SIEMENS
1.2.826.0.1.3680043.8.498.12031315219947933845048665397149229969,PHILIPS,Ingenia,3.0,5,150,0.075184776,False,False,512.0,en,False,en|PHILIPS
1.2.826.0.1.3680043.8.498.12034579945815402722591687609951730205,SIEMENS,MAGNETOM Vida,3.0,5,166,0.156899434,False,False,640.0,nl,False,nl|SIEMENS
1.2.826.0.1.3680043.8.498.12036404333388388978317335770611404933,SIEMENS,Skyra,3.0,5,156,0.041155234,False,False,320.0,es,False,es|SIEMENS
1.2.826.0.1.3680043.8.498.12041392088066705782960819598258792338,SIEMENS,MAGNETOM Sempra,1.5,5,177,0.043995466,False,False,320.0,es,False,es|SIEMENS
1.2.826.0.1.3680043.8.498.12041491173612341571223481616114183729,SIEMENS,MAGNETOM Avanto fit,1.5,5,314,0.351018776,False,True,384.0,de,False,de|SIEMENS
1.2.826.0.1.3680043.8.498.12045300645580015230470991493790324857,GE,SIGNA EXCITE,1.5,7,180,0.094616936,False,False,512.0,en,False,en|GE
1.2.826.0.1.3680043.8.498.12050415099056648944934039580585859179,SIEMENS,MAGNETOM Avanto fit,1.5,6,329,0.481146366,False,True,720.0,de,False,de|SIEMENS
1.2.826.0.1.3680043.8.498.12051169109587120248372991913002670813,PHILIPS,Ingenia,3.0,4,118,0.058353476,False,False,512.0,en,False,en|PHILIPS
1.2.826.0.1.3680043.8.498.12054099347723802635102026371218576198,PHILIPS,Ingenia,1.5,6,170,0.09751984,False,False,528.0,hr/bs/sr,False,hr/bs/sr|PHILIPS
1.2.826.0.1.3680043.8.498.12063742398421783626420335095128808816,PHILIPS,Ingenia,3.0,5,124,0.108940208,False,False,512.0,es,False,es|PHILIPS
1.2.826.0.1.3680043.8.498.12064822036518837577612019712902340953,CANON/TOSHIBA,Titan,1.5,5,125,0.066910524,False,False,512.0,en,False,en|CANON/TOSHIBA
1.2.826.0.1.3680043.8.498.12067625141402105065337444349201280606,PHILIPS,Achieva dStream,1.5,6,169,0.088372102,False,False,464.0,tr,False,tr|PHILIPS
1.2.826.0.1.3680043.8.498.12068674252637046261029360607215822017,GE,SIGNA Artist,1.5,5,195,0.229927216,False,False,512.0,es,False,es|GE
1.2.826.0.1.3680043.8.498.12071998470084955703027522152040042364,GE,Optima MR450w,1.5,5,154,0.126397968,False,False,640.0,en,False,en|GE
1.2.826.0.1.3680043.8.498.12073401429398042797505820525732905336,SIEMENS,MAGNETOM Vida,3.0,6,214,0.059111192,False,False,384.0,hr/bs/sr,False,hr/bs/sr|SIEMENS
1.2.826.0.1.3680043.8.498.12092744899746753313905432642371563786,PHILIPS,Ingenia,3.0,4,118,0.05835346,False,False,512.0,en,False,en|PHILIPS
1.2.826.0.1.3680043.8.498.12095779329738382018467257299597656491,CANON/TOSHIBA,Vantage,,5,148,0.09796837,True,False,512.0,en,False,en|CANON/TOSHIBA
1.2.826.0.1.3680043.8.498.12098718763390783455090805975786780205,GE,SIGNA Artist,1.5,5,209,0.248298196,False,False,512.0,es,False,es|GE
1.2.826.0.1.3680043.8.498.12100254887364913022980951672127944515,PHILIPS,Ingenia,1.5,6,120,0.097617026,False,False,496.0,es,False,es|PHILIPS
1.2.826.0.1.3680043.8.498.12104799278874963688461235330096856415,SIEMENS,MAGNETOM Prisma,3.0,5,170,0.140822236,False,False,384.0,greek,False,greek|SIEMENS
1.2.826.0.1.3680043.8.498.12106775587428595108771304868101362618,CANON/TOSHIBA,Vantage,,5,131,0.083667342,True,False,512.0,en,False,en|CANON/TOSHIBA
1.2.826.0.1.3680043.8.498.12107680313133383587522762626929218051,GE,Optima MR430s 1.5T,1.5,5,140,0.073584624,False,False,512.0,en,False,en|GE
1.2.826.0.1.3680043.8.498.12110510829608190094905588610131531103,PHILIPS,Ingenia,3.0,4,130,0.068355496,False,False,512.0,en,False,en|PHILIPS
1.2.826.0.1.3680043.8.498.12117377043894182951345966247899775612,SIEMENS,MAGNETOM Prisma,3.0,4,134,0.116070214,False,False,588.0,greek,False,greek|SIEMENS
1.2.826.0.1.3680043.8.498.12130605331118953242364684736005454581,SIEMENS,MAGNETOM Aera,1.5,4,148,0.040710878,False,False,384.0,fr,False,fr|SIEMENS
1.2.826.0.1.3680043.8.498.12130868132537772155475981935868588761,PHILIPS,Ingenia,1.5,6,171,0.090351912,False,False,520.0,hr/bs/sr,False,hr/bs/sr|PHILIPS
1.2.826.0.1.3680043.8.498.12131866860554871145836544571379633595,PHILIPS,Ingenia,3.0,4,126,0.062559456,False,False,512.0,en,False,en|PHILIPS
1.2.826.0.1.3680043.8.498.12132814192991105841939278718608095213,PHILIPS,Ingenia,3.0,4,120,0.063097418,False,False,512.0,en,False,en|PHILIPS
1.2.826.0.1.3680043.8.498.12135456587022560662140325717612726990,SIEMENS,MAGNETOM Vida,3.0,5,166,0.153066396,False,False,640.0,nl,False,nl|SIEMENS
1.2.826.0.1.3680043.8.498.12137739162059836759686062882514824614,PHILIPS,MR 5300,1.5,5,102,0.053099978,False,False,480.0,es,False,es|PHILIPS
1.2.826.0.1.3680043.8.498.12139829070290803654867114374799823711,SIEMENS,SymphonyTim,1.5,5,139,0.033350116,False,False,320.0,tr,False,tr|SIEMENS
1.2.826.0.1.3680043.8.498.12148236440353424874546037143134438088,SIEMENS,MAGNETOM Avanto fit,1.5,5,296,0.45077049,False,True,800.0,de,False,de|SIEMENS
1.2.826.0.1.3680043.8.498.12150502202634860887314001818431257267,GE,SIGNA EXCITE,1.5,7,182,0.095665428,False,False,512.0,en,False,en|GE
1.2.826.0.1.3680043.8.498.12153755823296803843819361055386265595,PHILIPS,Ingenia,3.0,6,179,0.158512766,False,False,672.0,cyrillic,False,cyrillic|PHILIPS
1.2.826.0.1.3680043.8.498.12154188739734505793699974626991872621,SIEMENS,MAGNETOM Avanto fit,1.5,5,268,0.410587018,False,True,800.0,de,False,de|SIEMENS
1.2.826.0.1.3680043.8.498.12158630368692962312115489365152319457,SIEMENS,MAGNETOM Vida,3.0,5,166,0.044612706,False,False,384.0,hr/bs/sr,False,hr/bs/sr|SIEMENS
1.2.826.0.1.3680043.8.498.12160065317167766993207036411434801297,SIEMENS,MAGNETOM Avanto fit,1.5,5,258,0.385966106,False,True,800.0,de,False,de|SIEMENS
1.2.826.0.1.3680043.8.498.12165893434332227221101266719291133169,PHILIPS,Achieva dStream,3.0,9,275,0.22388743,False,False,640.0,en,False,en|PHILIPS
1.2.826.0.1.3680043.8.498.12166081590548185636776183599317715045,SIEMENS,MAGNETOM Lumina,3.0,5,162,0.056312408,False,False,416.0,es,False,es|SIEMENS
1.2.826.0.1.3680043.8.498.12166235678892893545054546864889743251,SIEMENS,MAGNETOM Vida,3.0,5,166,0.153065696,False,False,640.0,unknown,False,unknown|SIEMENS
1.2.826.0.1.3680043.8.498.12168045829469202472124733625621943469,SIEMENS,MAGNETOM Vida,3.0,5,160,0.07381958,False,False,496.0,en,False,en|SIEMENS
1.2.826.0.1.3680043.8.498.12170753305862973517190756418865414984,SIEMENS,SonataVision,1.5,5,105,0.040747752,False,False,384.0,greek,False,greek|SIEMENS
1.2.826.0.1.3680043.8.498.12171469604213841534511019872648327851,PHILIPS,Ingenia,3.0,6,216,0.171923722,False,False,656.0,cyrillic,False,cyrillic|PHILIPS
1.2.826.0.1.3680043.8.498.12171790864123519428649395041090102217,PHILIPS,Achieva dStream,3.0,9,273,0.222246682,False,False,640.0,en,False,en|PHILIPS
1.2.826.0.1.3680043.8.498.12176466551281285838907773521868954581,SIEMENS,MAGNETOM Vida,3.0,6,191,0.053303616,False,False,384.0,hr/bs/sr,False,hr/bs/sr|SIEMENS
1.2.826.0.1.3680043.8.498.12176469158911896593955662590695392044,SIEMENS,MAGNETOM Sola,1.5,5,146,0.110732708,False,False,640.0,nl,False,nl|SIEMENS
1.2.826.0.1.3680043.8.498.12178921459424917661210327999672203211,GE,SIGNA Explorer,1.5,5,136,0.051068492,False,False,512.0,tr,False,tr|GE
1.2.826.0.1.3680043.8.498.12181591358572249491885248089245858515,GE,SIGNA EXCITE,1.5,7,212,0.111439442,False,False,512.0,en,False,en|GE
1.2.826.0.1.3680043.8.498.12182309401920763498667366352681074302,SIEMENS,MAGNETOM Avanto fit,1.5,5,264,0.402316226,False,True,800.0,de,False,de|SIEMENS
1.2.826.0.1.3680043.8.498.12185615973620890770158935333033805789,SIEMENS,MAGNETOM Aera,1.5,4,146,0.04011753,False,False,384.0,en,False,en|SIEMENS
1.2.826.0.1.3680043.8.498.12186494601308291174548814564387764515,SIEMENS,Skyra,3.0,5,154,0.037349494,False,False,320.0,es,False,es|SIEMENS
1.2.826.0.1.3680043.8.498.12189863023888657759738596583562992408,FUJI/HITACHI,OASIS_Velocity,1.16,5,140,0.054429672,False,False,448.0,en,False,en|FUJI/HITACHI
1.2.826.0.1.3680043.8.498.12192455583120681639582915365754780698,PHILIPS,Ingenia,3.0,4,130,0.08536913,False,False,560.0,en,False,en|PHILIPS
1.2.826.0.1.3680043.8.498.12195007606427082866449558290311905939,PHILIPS,Ingenia,1.5,6,124,0.075244764,False,False,536.0,es,False,es|PHILIPS
1.2.826.0.1.3680043.8.498.12195090472992304712555822541659656360,GE,SIGNA Artist,1.5,5,197,0.23255428,False,False,512.0,es,False,es|GE
1.2.826.0.1.3680043.8.498.12200672323103829956274910258854933266,SIEMENS,Aera,1.5,5,130,0.02906547,False,False,320.0,tr,False,tr|SIEMENS
1.2.826.0.1.3680043.8.498.12201598444731259697380878112783653796,PHILIPS,Ingenia,1.5,5,155,0.089129796,False,False,528.0,hr/bs/sr,False,hr/bs/sr|PHILIPS
1.2.826.0.1.3680043.8.498.12202865491511254130359509254373393681,GE,SIGNA Explorer,1.5,6,190,0.099906734,False,True,512.0,tr,False,tr|GE
1.2.826.0.1.3680043.8.498.12207279366369605175255203969558548753,SIEMENS,MAGNETOM Vida,3.0,5,166,0.044606712,False,False,384.0,hr/bs/sr,False,hr/bs/sr|SIEMENS
1.2.826.0.1.3680043.8.498.12208986088767216690584621773389997968,PHILIPS,Ingenia,3.0,4,122,0.060456428,False,False,512.0,en,False,en|PHILIPS
1.2.826.0.1.3680043.8.498.12215902620611618183321984433114460986,SIEMENS,Skyra,3.0,5,154,0.07728559,False,False,384.0,es,False,es|SIEMENS
1.2.826.0.1.3680043.8.498.12219658385745696203053079500246399481,PHILIPS,Ingenia,3.0,5,154,0.12207501,False,False,640.0,cyrillic,False,cyrillic|PHILIPS
1.2.826.0.1.3680043.8.498.12221892384948220776502422531414659289,SIEMENS,MAGNETOM Aera,1.5,4,142,0.039112008,False,False,384.0,fr,False,fr|SIEMENS
1.2.826.0.1.3680043.8.498.12225975251304101975065271521710735735,CANON/TOSHIBA,Galan 3T,3.0,7,225,0.24920201,False,False,768.0,en,False,en|CANON/TOSHIBA
1.2.826.0.1.3680043.8.498.12229628534316014336864328244217875465,GE,SIGNA EXCITE,1.5,7,196,0.103027766,False,False,512.0,tr,False,tr|GE
1.2.826.0.1.3680043.8.498.12232127448545053821926845887026738988,SIEMENS,MAGNETOM Vida,3.0,8,260,0.11838836,False,False,480.0,en,False,en|SIEMENS
1.2.826.0.1.3680043.8.498.12238753439953831519247789198174756615,PHILIPS,Ingenia Ambition X,1.5,10,354,0.199836926,False,True,520.0,en,False,en|PHILIPS
1.2.826.0.1.3680043.8.498.12238865510201989224648662550299925120,SIEMENS,MAGNETOM Vida,3.0,6,191,0.053303268,False,False,384.0,hr/bs/sr,False,hr/bs/sr|SIEMENS
1.2.826.0.1.3680043.8.498.12241413500128553133597113709525575494,PHILIPS,Achieva dStream,3.0,9,258,0.212283058,False,False,640.0,en,False,en|PHILIPS
1.2.826.0.1.3680043.8.498.12242172267695588655664456078003635837,PHILIPS,Ingenia,1.5,5,112,0.0988271,False,False,512.0,es,False,es|PHILIPS
1.2.826.0.1.3680043.8.498.12243764506921404196245986681613075136,SIEMENS,Espree,1.5,5,130,0.018915888,False,False,256.0,en,False,en|SIEMENS
1.2.826.0.1.3680043.8.498.12245760386130805526409111049874664817,SIEMENS,Aera,1.5,10,417,0.164930136,False,True,512.0,en,False,en|SIEMENS
1.2.826.0.1.3680043.8.498.12246086238999179953298261549112671014,SIEMENS,Aera,1.5,5,160,0.025628722,False,False,256.0,tr,False,tr|SIEMENS
1.2.826.0.1.3680043.8.498.12248983667596865960950671947508678392,SIEMENS,Aera,1.5,5,152,0.0267746,False,False,320.0,tr,False,tr|SIEMENS
1.2.826.0.1.3680043.8.498.12256365473385257798561212457071712327,GE,SIGNA Artist,1.5,6,215,0.23887095,False,False,512.0,es,False,es|GE
1.2.826.0.1.3680043.8.498.12257119852150088212071954292747252243,GE,SIGNA Explorer,1.5,5,116,0.060996994,False,False,512.0,tr,False,tr|GE
1.2.826.0.1.3680043.8.498.12257484608743859456600273083454447341,PHILIPS,Achieva dStream,3.0,8,259,0.230499564,False,False,672.0,en,False,en|PHILIPS
1.2.826.0.1.3680043.8.498.12259896940707176389739553110492954399,GE,Optima MR450w,,5,96,0.050432648,True,False,512.0,en,False,en|GE
1.2.826.0.1.3680043.8.498.12260661730837055872432103268905182876,PHILIPS,Achieva dStream,1.5,4,402,0.310943332,False,True,560.0,en,False,en|PHILIPS
1.2.826.0.1.3680043.8.498.12261175520056712414700866621816882336,SIEMENS,Aera,1.5,5,160,0.028355478,False,False,320.0,tr,False,tr|SIEMENS
1.2.826.0.1.3680043.8.498.12264607993101717201407955391437731134,GE,SIGNA Artist,1.5,5,213,0.253546794,False,False,512.0,es,False,es|GE
1.2.826.0.1.3680043.8.498.12266054872802015665014176014323258615,SIEMENS,MAGNETOM Prisma,3.0,4,140,0.135542172,False,False,588.0,greek,False,greek|SIEMENS
1.2.826.0.1.3680043.8.498.12266133889557145601371064833389800065,PHILIPS,Ingenia,3.0,5,129,0.117779466,False,False,576.0,es,False,es|PHILIPS
1.2.826.0.1.3680043.8.498.12266644932420958618394322959047940542,SIEMENS,MAGNETOM Aera,1.5,4,168,0.046368164,False,False,384.0,en,False,en|SIEMENS
1.2.826.0.1.3680043.8.498.12267944258766605501055560486655358039,SIEMENS,Biograph_mMR,3.0,5,164,0.030875288,False,False,320.0,en,False,en|SIEMENS
1.2.826.0.1.3680043.8.498.12271616365050313084031931009756086606,GE,SIGNA EXCITE,1.5,8,215,0.11301666,False,False,512.0,en,False,en|GE
1.2.826.0.1.3680043.8.498.12273356591019341319494035708698721367,PHILIPS,Ingenia Elition X,3.0,5,327,0.088914224,False,True,480.0,en,False,en|PHILIPS
1.2.826.0.1.3680043.8.498.12273490180961458167930039242826008249,GE,SIGNA EXCITE,1.5,7,180,0.094615514,False,False,512.0,tr,False,tr|GE
1.2.826.0.1.3680043.8.498.12274801503555668613400469130773239683,PHILIPS,Ingenia,1.5,7,137,0.088138664,False,False,528.0,unknown,False,unknown|PHILIPS
1.2.826.0.1.3680043.8.498.12275265458583331749472987758046974406,PHILIPS,Achieva dStream,1.5,6,158,0.079776874,False,False,456.0,tr,False,tr|PHILIPS
1.2.826.0.1.3680043.8.498.12280407492991430179266369843997653205,CANON/TOSHIBA,Titan,1.5,7,168,0.137871072,False,False,640.0,tr,False,tr|CANON/TOSHIBA
1.2.826.0.1.3680043.8.498.12283662652762881783845275662580546217,SIEMENS,SonataVision,1.5,5,102,0.037993436,False,False,384.0,greek,False,greek|SIEMENS
1.2.826.0.1.3680043.8.498.12285177271228289867211553575739205132,CANON/TOSHIBA,Titan,1.5,7,228,0.202471236,False,False,640.0,en,False,en|CANON/TOSHIBA
1.2.826.0.1.3680043.8.498.12285469859900617016859868410323043734,PHILIPS,Ingenia,1.5,7,133,0.087938574,False,False,576.0,es,False,es|PHILIPS
1.2.826.0.1.3680043.8.498.12286894057773964720268768529280193085,GE,SIGNA EXCITE,,5,86,0.03849318,True,False,512.0,en,False,en|GE
1.2.826.0.1.3680043.8.498.12294073960417956629256115458135748872,PHILIPS,Ingenia,1.5,5,166,0.094232826,False,False,512.0,hr/bs/sr,False,hr/bs/sr|PHILIPS
1.2.826.0.1.3680043.8.498.12295284437770380354725533247473017729,CANON/TOSHIBA,Titan,1.5,7,250,0.278478196,False,False,800.0,en,False,en|CANON/TOSHIBA
1.2.826.0.1.3680043.8.498.12295443776523723913480216844110882937,PHILIPS,Achieva dStream,3.0,9,267,0.216977504,False,False,640.0,en,False,en|PHILIPS
1.2.826.0.1.3680043.8.498.12296624595750602443033689366743784387,SIEMENS,MAGNETOM Prisma,3.0,5,149,0.04676374,False,False,384.0,greek,False,greek|SIEMENS
1.2.826.0.1.3680043.8.498.12300749089664733313051543117302244508,GE,SIGNA Artist,1.5,5,192,0.100956518,False,False,512.0,en,False,en|GE
1.2.826.0.1.3680043.8.498.12301945990161670321760708884248055936,SIEMENS,MAGNETOM Avanto fit,1.5,5,294,0.454990212,False,True,800.0,de,False,de|SIEMENS
1.2.826.0.1.3680043.8.498.12303161232396569915032951761728884199,FUJI/HITACHI,OASIS_Velocity,1.16,6,172,0.067318326,False,False,448.0,en,False,en|FUJI/HITACHI
1.2.826.0.1.3680043.8.498.12305281328019552390691110900015627668,SIEMENS,MAGNETOM Vida,3.0,5,174,0.162515116,False,False,640.0,nl,False,nl|SIEMENS
1.2.826.0.1.3680043.8.498.12305733049746414359748178404911549573,PHILIPS,Achieva dStream,1.5,5,580,0.45679299,False,True,560.0,en,False,en|PHILIPS
1.2.826.0.1.3680043.8.498.12307356432736970350794033171174403632,SIEMENS,MAGNETOM Vida,3.0,5,186,0.171595056,False,False,640.0,nl,False,nl|SIEMENS
1.2.826.0.1.3680043.8.498.12308357850075929758995438211317707857,SIEMENS,SonataVision,1.5,3,67,0.02513136,False,False,384.0,greek,False,greek|SIEMENS
1.2.826.0.1.3680043.8.498.12314729913655626716039376606973474150,PHILIPS,Achieva dStream,3.0,9,273,0.222245926,False,False,640.0,en,False,en|PHILIPS
1.2.826.0.1.3680043.8.498.12322760603170246518010233325038530097,PHILIPS,Ingenia,3.0,4,118,0.058351854,False,False,512.0,en,False,en|PHILIPS
1.2.826.0.1.3680043.8.498.12326930847104022196329390608780066947,GE,SIGNA Architect,3.0,9,558,0.579658702,False,True,1024.0,tr,False,tr|GE
1.2.826.0.1.3680043.8.498.12328313245396930020974053819810033945,PHILIPS,Achieva dStream,1.5,5,440,0.396593354,False,True,576.0,en,False,en|PHILIPS
1.2.826.0.1.3680043.8.498.12331841096593105748526634055968654914,SIEMENS,Skyra,3.0,5,196,0.189686618,False,False,640.0,es,False,es|SIEMENS
1.2.826.0.1.3680043.8.498.12332727488899501354972751168284397151,PHILIPS,Ingenia,3.0,4,130,0.068354468,False,False,512.0,en,False,en|PHILIPS
1.2.826.0.1.3680043.8.498.12333996498811456012744466468462396081,PHILIPS,Ingenia,1.5,5,119,0.220075752,False,False,1024.0,es,False,es|PHILIPS
1.2.826.0.1.3680043.8.498.12335573784261147388984372283481919933,PHILIPS,Ingenia,3.0,5,161,0.128508604,False,False,640.0,cyrillic,False,cyrillic|PHILIPS
1.2.826.0.1.3680043.8.498.12345064031074704673835101507426902246,GE,SIGNA Architect,3.0,7,413,0.45780946,False,True,1024.0,tr,False,tr|GE
1.2.826.0.1.3680043.8.498.12347007036329783363431172840583325937,GE,SIGNA Artist,1.5,5,181,0.211557236,False,False,512.0,es,False,es|GE
1.2.826.0.1.3680043.8.498.12348352904452887226227118450588511578,PHILIPS,Ingenia,3.0,4,118,0.06014049,False,False,512.0,en,False,en|PHILIPS
1.2.826.0.1.3680043.8.498.12348875283993064999589090039392140219,PHILIPS,Ingenia Ambition X,1.5,8,254,0.168285972,False,False,544.0,en,False,en|PHILIPS
1.2.826.0.1.3680043.8.498.12348960754791091583201828167607825033,SIEMENS,MAGNETOM Avanto fit,1.5,5,306,0.46798739,False,True,800.0,de,False,de|SIEMENS
1.2.826.0.1.3680043.8.498.12349656752404066719917550972333542508,SIEMENS,MAGNETOM Vida,3.0,5,166,0.153066184,False,False,640.0,nl,False,nl|SIEMENS
1.2.826.0.1.3680043.8.498.12352132666379687393012255589355771387,SIEMENS,MAGNETOM Avanto fit,1.5,5,298,0.460754824,False,True,800.0,de,False,de|SIEMENS
1.2.826.0.1.3680043.8.498.12354685390005531691919754048141542648,SIEMENS,MAGNETOM Skyra,3.0,4,221,0.030761206,False,True,352.0,en,False,en|SIEMENS
1.2.826.0.1.3680043.8.498.12355011301785011370279005103251815187,GE,Optima MR450w,1.5,5,124,0.065196204,False,False,512.0,en,False,en|GE
1.2.826.0.1.3680043.8.498.12356611369549236159671896247094661767,SIEMENS,MAGNETOM Vida,3.0,5,166,0.153066356,False,False,640.0,nl,False,nl|SIEMENS
1.2.826.0.1.3680043.8.498.12361144153852256276011948786791830435,SIEMENS,MAGNETOM Vida,3.0,4,138,0.062994348,False,False,480.0,en,False,en|SIEMENS
1.2.826.0.1.3680043.8.498.12365033663152692616611548717152384269,SIEMENS,Aera,1.5,10,429,0.169084546,False,True,512.0,en,False,en|SIEMENS
1.2.826.0.1.3680043.8.498.12366238437963147962850341556508931973,PHILIPS,Achieva dStream,1.5,5,589,0.461834808,False,True,560.0,en,False,en|PHILIPS
1.2.826.0.1.3680043.8.498.12373923338033469765189220784089350380,PHILIPS,Ingenia,3.0,4,95,0.052319216,False,False,512.0,en,False,en|PHILIPS
1.2.826.0.1.3680043.8.498.12374183329974116022606010915169117790,SIEMENS,Aera,1.5,5,154,0.027192672,False,False,320.0,tr,False,tr|SIEMENS
1.2.826.0.1.3680043.8.498.12377852033407536077897684568488365785,SIEMENS,MAGNETOM Avanto fit,1.5,6,318,0.473438108,False,True,752.0,de,False,de|SIEMENS
1.2.826.0.1.3680043.8.498.12379570725733005682132316461218878636,SIEMENS,MAGNETOM Vida,3.0,5,166,0.153065542,False,False,640.0,nl,False,nl|SIEMENS
1.2.826.0.1.3680043.8.498.12381325071746339154385415220972069782,PHILIPS,Ingenia Ambition X,1.5,9,324,0.194539126,False,True,528.0,en,False,en|PHILIPS
1.2.826.0.1.3680043.8.498.12381909868368799280462187344958674397,SIEMENS,MAGNETOM Vida,3.0,4,138,0.06289561,False,False,480.0,en,False,en|SIEMENS
1.2.826.0.1.3680043.8.498.12383716855639375235119728470042467411,SIEMENS,Aera,1.5,5,144,0.025497802,False,False,320.0,tr,False,tr|SIEMENS
1.2.826.0.1.3680043.8.498.12386255059403233724886571725482313876,SIEMENS,MAGNETOM Lumina,3.0,5,204,0.07091225,False,False,416.0,es,False,es|SIEMENS
1.2.826.0.1.3680043.8.498.12387075993162655781372091860026675548,SIEMENS,Aera,1.5,5,131,0.023332484,False,False,320.0,tr,False,tr|SIEMENS
1.2.826.0.1.3680043.8.498.12387241932914995417493041212958089910,GE,SIGNA Artist,1.5,5,188,0.223101062,False,False,512.0,es,False,es|GE
1.2.826.0.1.3680043.8.498.12387667155732116394489547491673280062,SIEMENS,Aera,1.5,7,201,0.164949432,False,False,640.0,en,False,en|SIEMENS
1.2.826.0.1.3680043.8.498.12390186846317493876612228407734068726,GE,Optima MR450w,,5,103,0.054110424,True,False,512.0,en,False,en|GE
1.2.826.0.1.3680043.8.498.12401147012438969595202076588471168894,SIEMENS,MAGNETOM Vida,3.0,6,191,0.053294122,False,False,384.0,hr/bs/sr,False,hr/bs/sr|SIEMENS
1.2.826.0.1.3680043.8.498.12406043058701411628555010402350032739,SIEMENS,Aera,1.5,5,172,0.041590932,False,False,320.0,en,False,en|SIEMENS
1.2.826.0.1.3680043.8.498.12408186961945791320086301369036829266,PHILIPS,Ingenia Ambition X,1.5,10,352,0.19246589,False,True,520.0,en,False,en|PHILIPS
1.2.826.0.1.3680043.8.498.12408314059030096510457440879771212020,PHILIPS,Ingenia,1.5,6,170,0.097519758,False,False,528.0,hr/bs/sr,False,hr/bs/sr|PHILIPS
1.2.826.0.1.3680043.8.498.12408933790879905193765468926022393696,PHILIPS,Ingenia,3.0,6,169,0.12425216,False,False,640.0,cyrillic,False,cyrillic|PHILIPS
1.2.826.0.1.3680043.8.498.12408945963789246646229147558387793270,GE,SIGNA Artist,1.5,6,222,0.292884966,False,False,768.0,es,False,es|GE
1.2.826.0.1.3680043.8.498.12411340904876460326022004747253138831,SIEMENS,MAGNETOM Avanto fit,1.5,5,240,0.365416722,False,True,800.0,de,False,de|SIEMENS
1.2.826.0.1.3680043.8.498.12411396124304166984011280826756258628,SIEMENS,MAGNETOM Vida,3.0,8,260,0.11838856,False,False,480.0,en,False,en|SIEMENS
1.2.826.0.1.3680043.8.498.12414869188691502885668778427120766321,GE,Optima MR450w,,5,96,0.050433104,True,False,512.0,en,False,en|GE
1.2.826.0.1.3680043.8.498.12426381920136706157912507136730458010,GE,Optima MR450w,1.5,5,171,0.033284138,False,False,256.0,en,False,en|GE
1.2.826.0.1.3680043.8.498.12431272351851438889289190308550697909,GE,SIGNA Explorer,1.5,4,132,0.06940035,False,False,512.0,en,False,en|GE
1.2.826.0.1.3680043.8.498.12432974885645948103184031984290883090,SIEMENS,MAGNETOM Aera,1.5,4,160,0.044002482,False,False,384.0,en,False,en|SIEMENS
1.2.826.0.1.3680043.8.498.12435506274406010562396858512839065232,SIEMENS,MAGNETOM Vida,3.0,6,216,0.059565946,False,False,384.0,hr/bs/sr,False,hr/bs/sr|SIEMENS
1.2.826.0.1.3680043.8.498.12437154858167700438432674983971817217,GE,Optima MR450w,,5,106,0.055688492,True,False,512.0,en,False,en|GE
1.2.826.0.1.3680043.8.498.12438369033802887819851319347622787876,PHILIPS,Achieva dStream,1.5,5,113,0.093391188,False,False,640.0,es,False,es|PHILIPS
1.2.826.0.1.3680043.8.498.12438775479300781065075835270622538230,PHILIPS,MR 5300,1.5,6,110,0.065508104,False,False,488.0,es,False,es|PHILIPS
1.2.826.0.1.3680043.8.498.12448079646359892252441208258836556945,PHILIPS,Ingenia,3.0,6,114,0.093146762,False,False,512.0,es,True,es|PHILIPS
1.2.826.0.1.3680043.8.498.12450858400030959723767712312663176092,PHILIPS,Ingenia,3.0,4,130,0.068355472,False,False,512.0,en,False,en|PHILIPS
1.2.826.0.1.3680043.8.498.12462498156569316578044317782899399656,PHILIPS,Achieva dStream,3.0,10,357,0.271126076,False,True,576.0,en,False,en|PHILIPS
1.2.826.0.1.3680043.8.498.12462703906850759490077163612851243080,SIEMENS,SonataVision,1.5,5,97,0.042932824,False,False,384.0,greek,False,greek|SIEMENS
1.2.826.0.1.3680043.8.498.12471165461877621368840037945454256612,GE,SIGNA Explorer,1.5,4,120,0.063091698,False,False,512.0,en,False,en|GE
1.2.826.0.1.3680043.8.498.12473533314363654795650919604551685896,SIEMENS,Skyra,3.0,5,178,0.047460316,False,False,320.0,es,False,es|SIEMENS
1.2.826.0.1.3680043.8.498.12473755232610784318190599222252893949,SIEMENS,Espree,1.5,5,132,0.019180264,False,False,256.0,en,False,en|SIEMENS
1.2.826.0.1.3680043.8.498.12481913908649439189738319460342358360,SIEMENS,Skyra,3.0,5,172,0.084086224,False,False,384.0,es,False,es|SIEMENS
1.2.826.0.1.3680043.8.498.12482482491088588051076210158062455084,PHILIPS,Ingenia,3.0,10,308,0.245471088,False,False,640.0,cyrillic,False,cyrillic|PHILIPS
1.2.826.0.1.3680043.8.498.12484700311993345120015691857089576898,GE,SIGNA Voyager,1.5,5,176,0.050068068,False,False,256.0,en,False,en|GE
1.2.826.0.1.3680043.8.498.12487362549907644519947672428024977201,PHILIPS,Ingenia,3.0,6,178,0.134130994,False,False,640.0,cyrillic,False,cyrillic|PHILIPS
1.2.826.0.1.3680043.8.498.12489752598467506094826904655029553699,SIEMENS,Aera,1.5,9,282,0.147861416,False,False,640.0,en,False,en|SIEMENS
1.2.826.0.1.3680043.8.498.12490034912643658601552092574630438642,PHILIPS,Achieva dStream,3.0,8,269,0.25283084,False,False,704.0,en,False,en|PHILIPS
1.2.826.0.1.3680043.8.498.12491395125580387847235487841392723348,SIEMENS,MAGNETOM Lumina,3.0,5,146,0.052515934,False,False,416.0,es,False,es|SIEMENS
1.2.826.0.1.3680043.8.498.12491747080684524905643593142141672951,PHILIPS,Ingenia Ambition X,1.5,9,252,0.159100034,False,False,528.0,en,False,en|PHILIPS
1.2.826.0.1.3680043.8.498.12491796764641306046176352066215240074,SIEMENS,Aera,1.5,8,221,0.134887494,False,False,640.0,en,False,en|SIEMENS
1.2.826.0.1.3680043.8.498.12492431885298164225672926785397151525,PHILIPS,Ingenia,1.5,5,170,0.096337906,False,False,512.0,hr/bs/sr,False,hr/bs/sr|PHILIPS
1.2.826.0.1.3680043.8.498.12497144849433082154223897356471317072,PHILIPS,Multiva,1.5,7,152,0.09228342,False,False,560.0,es,False,es|PHILIPS
1.2.826.0.1.3680043.8.498.12499208731138180053966892599139021038,PHILIPS,Achieva dStream,1.5,5,108,0.064032234,False,False,512.0,es,False,es|PHILIPS
1.2.826.0.1.3680043.8.498.12501925425699863373513819814520995919,GE,SIGNA Explorer,1.5,5,137,0.062604356,False,False,512.0,tr,False,tr|GE
1.2.826.0.1.3680043.8.498.12505035424093604269515328931488770819,PHILIPS,Achieva,1.5,6,120,0.083303356,False,False,552.0,es,True,es|PHILIPS
1.2.826.0.1.3680043.8.498.12507957850103916926719601413279798696,SIEMENS,MAGNETOM Sola,1.5,5,146,0.110733052,False,False,640.0,nl,False,nl|SIEMENS
1.2.826.0.1.3680043.8.498.12509825237087140646629745447753158673,SIEMENS,MAGNETOM Prisma,3.0,4,140,0.13554285,False,False,588.0,greek,False,greek|SIEMENS
1.2.826.0.1.3680043.8.498.12509944331769453135724043962410129357,PHILIPS,Ingenia,3.0,6,197,0.15001911,False,False,640.0,cyrillic,False,cyrillic|PHILIPS
1.2.826.0.1.3680043.8.498.12510856755988712246013743789183840748,PHILIPS,Achieva dStream,1.5,5,579,0.456369838,False,True,560.0,en,False,en|PHILIPS
1.2.826.0.1.3680043.8.498.12514357232100339485873453417784586592,SIEMENS,MAGNETOM Aera,1.5,4,132,0.036423768,False,False,384.0,en,False,en|SIEMENS
1.2.826.0.1.3680043.8.498.12515322634403509077334846234426636136,SIEMENS,MAGNETOM Skyra,3.0,4,150,0.05223832,False,False,416.0,en,False,en|SIEMENS
1.2.826.0.1.3680043.8.498.12518297594498173981937681848554641851,SIEMENS,Aera,1.5,5,135,0.030096984,False,False,320.0,tr,False,tr|SIEMENS
1.2.826.0.1.3680043.8.498.12520203592477518476890010185037272575,PHILIPS,Ingenia Elition X,3.0,6,357,0.110000778,False,True,512.0,en,False,en|PHILIPS
1.2.826.0.1.3680043.8.498.12522620957277632939731546099134770342,GE,SIGNA EXCITE,,5,89,0.046755678,True,False,512.0,en,False,en|GE
1.2.826.0.1.3680043.8.498.12523676732876902778577970655429060858,SIEMENS,MAGNETOM Vida,3.0,5,166,0.15306613,False,False,640.0,nl,False,nl|SIEMENS
1.2.826.0.1.3680043.8.498.12525752631743097782762806859112218620,CANON/TOSHIBA,Vantage,,5,124,0.08131707,True,False,512.0,en,False,en|CANON/TOSHIBA
1.2.826.0.1.3680043.8.498.12526590714362529606046044104426807158,PHILIPS,Ingenia Ambition X,1.5,10,366,0.207119716,False,True,520.0,en,False,en|PHILIPS
1.2.826.0.1.3680043.8.498.12526876471494728147635430816990398219,SIEMENS,Skyra,3.0,5,162,0.07920597,False,False,384.0,es,False,es|SIEMENS
1.2.826.0.1.3680043.8.498.12531442175319757740745664049001806494,PHILIPS,Achieva dStream,3.0,8,261,0.275845038,False,False,768.0,en,False,en|PHILIPS
1.2.826.0.1.3680043.8.498.12533105585687352326867082376911240942,SIEMENS,Aera,1.5,5,156,0.027530564,False,False,320.0,tr,False,tr|SIEMENS
1.2.826.0.1.3680043.8.498.12534628800787651008876070514080610643,PHILIPS,Ingenia Ambition X,1.5,9,316,0.216327224,False,False,560.0,en,False,en|PHILIPS
1.2.826.0.1.3680043.8.498.12547308734950397389859712060653254111,GE,Optima MR450w,,5,103,0.054110204,True,False,512.0,en,False,en|GE
1.2.826.0.1.3680043.8.498.12548176380550230498070609559486512004,SIEMENS,Aera,1.5,5,143,0.02949482,False,False,320.0,tr,False,tr|SIEMENS
1.2.826.0.1.3680043.8.498.12552701911592685137269544109687472988,GE,SIGNA Artist,1.5,5,180,0.209457842,False,False,512.0,es,False,es|GE
1.2.826.0.1.3680043.8.498.12553010776519233077752150342664160826,PHILIPS,Ingenia,1.5,5,166,0.094232812,False,False,512.0,hr/bs/sr,False,hr/bs/sr|PHILIPS
1.2.826.0.1.3680043.8.498.12553455350653672209409408595948190982,SIEMENS,MAGNETOM Avanto fit,1.5,5,265,0.376602446,False,True,704.0,de,False,de|SIEMENS
1.2.826.0.1.3680043.8.498.12554824497579383319980187351290254727,GE,SIGNA Explorer,1.5,5,106,0.047089868,False,False,512.0,tr,False,tr|GE
1.2.826.0.1.3680043.8.498.12559687473583953266143897736224215680,SIEMENS,MAGNETOM Vida,3.0,5,166,0.153065726,False,False,640.0,nl,False,nl|SIEMENS
1.2.826.0.1.3680043.8.498.12563940497360871791097093821926086616,SIEMENS,MAGNETOM Skyra,3.0,4,235,0.034638832,False,True,352.0,en,False,en|SIEMENS
1.2.826.0.1.3680043.8.498.12568337973304376222940287737691898395,SIEMENS,Aera,1.5,6,218,0.05127369,False,False,320.0,hr/bs/sr,False,hr/bs/sr|SIEMENS
1.2.826.0.1.3680043.8.498.12569762036474456642024618586300354737,SIEMENS,MAGNETOM Vida,3.0,4,130,0.05919379,False,False,480.0,en,False,en|SIEMENS
1.2.826.0.1.3680043.8.498.12570576337098834311171883034999327454,CANON/TOSHIBA,Titan,1.5,7,196,0.273674276,False,False,864.0,en,False,en|CANON/TOSHIBA
1.2.826.0.1.3680043.8.498.12573518342767030025851169814440863785,GE,SIGNA EXCITE,1.5,7,168,0.088310882,False,False,512.0,en,False,en|GE
1.2.826.0.1.3680043.8.498.12574270269124650675934073761741661292,SIEMENS,MAGNETOM Vida,3.0,5,166,0.15306631,False,False,640.0,nl,False,nl|SIEMENS
1.2.826.0.1.3680043.8.498.12576055921678075813718486704978381993,GE,SIGNA Artist,1.5,5,193,0.22730597,False,False,512.0,es,False,es|GE
1.2.826.0.1.3680043.8.498.12577828789206467631166875572423539298,GE,SIGNA Explorer,1.5,6,146,0.076774378,False,False,512.0,tr,False,tr|GE
1.2.826.0.1.3680043.8.498.12579738538063674380235672702328412431,PHILIPS,Ingenia,3.0,4,136,0.07151027,False,False,512.0,en,False,en|PHILIPS
1.2.826.0.1.3680043.8.498.12580232188757225504172709417466515184,SIEMENS,SonataVision,1.5,5,99,0.044048588,False,False,384.0,greek,False,greek|SIEMENS
1.2.826.0.1.3680043.8.498.12583872770399266463538638801797827468,PHILIPS,Ingenia,3.0,4,122,0.064148794,False,False,512.0,en,False,en|PHILIPS
1.2.826.0.1.3680043.8.498.12598627296066406747921546933391681918,SIEMENS,MAGNETOM Sempra,1.5,5,158,0.038262848,False,False,320.0,es,False,es|SIEMENS
1.2.826.0.1.3680043.8.498.12606136253498337506682547306933254691,GE,SIGNA Explorer,1.5,5,112,0.050638534,False,False,512.0,tr,False,tr|GE
1.2.826.0.1.3680043.8.498.12606657226568558340797193167488111973,PHILIPS,Achieva dStream,3.0,9,275,0.217743678,False,False,640.0,en,True,en|PHILIPS
1.2.826.0.1.3680043.8.498.12607203615180268117341271176820357242,SIEMENS,Espree,1.5,5,140,0.02046446,False,False,256.0,en,False,en|SIEMENS
1.2.826.0.1.3680043.8.498.12607659092357834912029375690348886159,PHILIPS,Ingenia,3.0,5,153,0.129266722,False,False,640.0,cyrillic,False,cyrillic|PHILIPS
1.2.826.0.1.3680043.8.498.12607959449008110729566106776800628990,SIEMENS,MAGNETOM Vida,3.0,4,138,0.062995606,False,False,480.0,en,False,en|SIEMENS
1.2.826.0.1.3680043.8.498.12614097867016983076979065551985251584,SIEMENS,MAGNETOM Prisma,3.0,5,150,0.047125822,False,False,384.0,greek,False,greek|SIEMENS
1.2.826.0.1.3680043.8.498.12616376042564380071463081913949255574,PHILIPS,Ingenia,3.0,6,190,0.151622282,False,False,640.0,cyrillic,False,cyrillic|PHILIPS
1.2.826.0.1.3680043.8.498.12619895582462244920124420363095282842,SIEMENS,MAGNETOM Prisma,3.0,4,134,0.10820576,False,False,588.0,greek,False,greek|SIEMENS
1.2.826.0.1.3680043.8.498.12620718517255799151283445360332799702,PHILIPS,Ingenia Ambition X,1.5,9,284,0.179380562,False,False,528.0,en,False,en|PHILIPS
1.2.826.0.1.3680043.8.498.12625250919597111075072308824921101918,CANON/TOSHIBA,Vantage,,5,130,0.08446922,True,False,512.0,en,False,en|CANON/TOSHIBA
1.2.826.0.1.3680043.8.498.12626383124142146001532197239671686442,PHILIPS,Ingenia,3.0,4,120,0.083648648,False,False,552.0,en,False,en|PHILIPS
1.2.826.0.1.3680043.8.498.12629372332421954368597330267888483345,GE,SIGNA Explorer,1.5,5,104,0.046431726,False,False,512.0,tr,False,tr|GE
1.2.826.0.1.3680043.8.498.12630423349626505319792444053874011718,SIEMENS,MAGNETOM Vida,3.0,4,130,0.059193422,False,False,480.0,en,False,en|SIEMENS
1.2.826.0.1.3680043.8.498.12632084649033412400763943977604348172,PHILIPS,Achieva dStream,3.0,9,281,0.228095428,False,False,640.0,en,False,en|PHILIPS
1.2.826.0.1.3680043.8.498.12632129640405661298623288977632682289,PHILIPS,Ingenia,3.0,9,270,0.20912123,False,False,640.0,cyrillic,False,cyrillic|PHILIPS
1.2.826.0.1.3680043.8.498.12637591861595747322913829625646935491,SIEMENS,Aera,1.5,5,144,0.025499104,False,False,320.0,tr,False,tr|SIEMENS
1.2.826.0.1.3680043.8.498.12638205949145637289277744267473965719,PHILIPS,Ingenia Ambition X,1.5,11,418,0.29357864,False,False,560.0,en,False,en|PHILIPS
1.2.826.0.1.3680043.8.498.12640439197386154384526090653248054582,SIEMENS,MAGNETOM Avanto fit,1.5,5,294,0.470199548,False,True,864.0,de,False,de|SIEMENS
1.2.826.0.1.3680043.8.498.12642641661988102031826128876502303807,SIEMENS,Aera,1.5,5,165,0.026585602,False,False,256.0,tr,False,tr|SIEMENS
1.2.826.0.1.3680043.8.498.12644400073937544865441360809610886635,FUJI/HITACHI,OASIS,1.16,5,130,0.03727153,False,False,320.0,en,False,en|FUJI/HITACHI
1.2.826.0.1.3680043.8.498.12647791319443598318497312837147189300,CANON/TOSHIBA,Vantage,,5,124,0.081316854,True,False,512.0,en,False,en|CANON/TOSHIBA
1.2.826.0.1.3680043.8.498.12653936535855858693516515692319733265,SIEMENS,MAGNETOM Vida,3.0,4,132,0.060168972,False,False,480.0,en,False,en|SIEMENS
1.2.826.0.1.3680043.8.498.12655324218817524683138594937984186560,SIEMENS,Aera,1.5,9,256,0.148278282,False,False,640.0,en,False,en|SIEMENS
1.2.826.0.1.3680043.8.498.12658572494577556884626613972035441625,SIEMENS,MAGNETOM Vida,3.0,5,166,0.044606986,False,False,384.0,hr/bs/sr,False,hr/bs/sr|SIEMENS
1.2.826.0.1.3680043.8.498.12660901572462562819575002681831361427,SIEMENS,Aera,1.5,6,200,0.03609038,False,False,320.0,tr,False,tr|SIEMENS
1.2.826.0.1.3680043.8.498.12668708646283106269005674386248135220,SIEMENS,MAGNETOM Vida,3.0,6,191,0.05329589,False,False,384.0,hr/bs/sr,False,hr/bs/sr|SIEMENS
1.2.826.0.1.3680043.8.498.12673561338227595483297605409292531492,GE,SIGNA EXCITE,,5,94,0.049382626,True,False,512.0,en,False,en|GE
1.2.826.0.1.3680043.8.498.12674069717230126880288353271062347095,PHILIPS,Intera,1.5,5,155,0.126204914,False,False,672.0,en,False,en|PHILIPS
1.2.826.0.1.3680043.8.498.12674930973831274527829261576087154644,GE,SIGNA Explorer,1.5,5,138,0.062735918,False,False,512.0,tr,False,tr|GE
1.2.826.0.1.3680043.8.498.12676359576477452816896379524598090410,SIEMENS,Espree,1.5,5,144,0.118172568,False,False,640.0,en,False,en|SIEMENS
1.2.826.0.1.3680043.8.498.12688954493547892047021455671738310186,GE,SIGNA Architect,3.0,7,427,0.462003392,False,True,1024.0,tr,False,tr|GE
1.2.826.0.1.3680043.8.498.12689874339887047433232628649886917274,GE,Optima MR450w,,5,105,0.055160896,True,False,512.0,en,False,en|GE
1.2.826.0.1.3680043.8.498.12690080124553846006638565600585469969,PHILIPS,Achieva dStream,1.5,4,400,0.316144426,False,True,600.0,en,False,en|PHILIPS
1.2.826.0.1.3680043.8.498.12690803821768205116702487219908820630,PHILIPS,Achieva dStream,3.0,7,229,0.191867908,False,False,640.0,en,False,en|PHILIPS
1.2.826.0.1.3680043.8.498.12692579161952587215276483587686562922,PHILIPS,Achieva dStream,1.5,6,172,0.098167114,False,False,480.0,tr,False,tr|PHILIPS
1.2.826.0.1.3680043.8.498.12697859103448296208701081683487338111,PHILIPS,Intera,1.5,5,165,0.144545524,False,False,672.0,en,False,en|PHILIPS
1.2.826.0.1.3680043.8.498.12699751030439008569144814819343161608,GE,SIGNA Voyager,1.5,5,159,0.0438817,False,False,256.0,en,False,en|GE
1.2.826.0.1.3680043.8.498.12700591955254168977239658917260628326,CANON/TOSHIBA,Vantage,,5,106,0.043830672,True,False,288.0,en,False,en|CANON/TOSHIBA
1.2.826.0.1.3680043.8.498.12700981063762577397919340901063297803,SIEMENS,MAGNETOM Aera,1.5,4,144,0.039800296,False,False,384.0,en,False,en|SIEMENS
1.2.826.0.1.3680043.8.498.12701097867143790763644826659974337046,GE,Optima MR450w,,5,96,0.050432824,True,False,512.0,en,False,en|GE
1.2.826.0.1.3680043.8.498.12704063145595847725421427571860589471,CANON/TOSHIBA,Vantage,,5,104,0.06744052,True,False,512.0,en,False,en|CANON/TOSHIBA
1.2.826.0.1.3680043.8.498.12709854414521475738435319009767427434,SIEMENS,Aera,1.5,4,124,0.023216084,False,False,320.0,tr,False,tr|SIEMENS
1.2.826.0.1.3680043.8.498.12715067947657150279232238280712066972,PHILIPS,Ingenia,3.0,5,150,0.120113718,False,False,640.0,cyrillic,False,cyrillic|PHILIPS
1.2.826.0.1.3680043.8.498.12715130507546263968763238702574191950,PHILIPS,Ingenia,3.0,6,168,0.130049298,False,False,640.0,cyrillic,False,cyrillic|PHILIPS
1.2.826.0.1.3680043.8.498.12715402081094788880283826571710131940,PHILIPS,MR 5300,1.5,5,94,0.063177408,False,False,528.0,es,False,es|PHILIPS
1.2.826.0.1.3680043.8.498.12717728703860353055063551162640833849,SIEMENS,Skyra,3.0,7,226,0.055445118,False,False,320.0,es,False,es|SIEMENS
1.2.826.0.1.3680043.8.498.12718966639501121738042125605376714231,PHILIPS,Ingenia,3.0,6,142,0.113094316,False,False,512.0,es,False,es|PHILIPS
1.2.826.0.1.3680043.8.498.12719397512102459853075227679498459688,GE,SIGNA Explorer,1.5,5,120,0.05445128,False,False,512.0,tr,False,tr|GE
1.2.826.0.1.3680043.8.498.12719455674338091089495020475033082405,PHILIPS,Ingenia,3.0,5,106,0.101405998,False,False,640.0,es,False,es|PHILIPS
1.2.826.0.1.3680043.8.498.12724250000565012779853884787450109956,SIEMENS,Aera,1.5,5,158,0.041577754,False,False,320.0,en,False,en|SIEMENS
1.2.826.0.1.3680043.8.498.12725832336445568031849006413563892122,SIEMENS,MAGNETOM Avanto fit,1.5,6,333,0.488527352,False,True,720.0,de,False,de|SIEMENS
1.2.826.0.1.3680043.8.498.12727488524631885827798129418558343386,SIEMENS,Espree,1.5,5,150,0.024135406,False,False,256.0,en,False,en|SIEMENS
1.2.826.0.1.3680043.8.498.12728397615513347615111391662798012012,SIEMENS,Skyra,3.0,5,150,0.036345072,False,False,320.0,es,False,es|SIEMENS
1.2.826.0.1.3680043.8.498.12731497178056855493473947157407264492,SIEMENS,MAGNETOM Aera,1.5,4,142,0.039207786,False,False,384.0,en,False,en|SIEMENS
1.2.826.0.1.3680043.8.498.12748840878706905309050091576449488666,PHILIPS,Achieva dStream,1.5,4,392,0.303213664,False,True,536.0,en,False,en|PHILIPS
1.2.826.0.1.3680043.8.498.12754381146006839341912662615844567067,GE,SIGNA Voyager,1.5,5,163,0.045592246,False,False,256.0,en,False,en|GE
1.2.826.0.1.3680043.8.498.12759704450656741777120047828560448622,CANON/TOSHIBA,Vantage,,6,150,0.087898418,True,False,512.0,en,False,en|CANON/TOSHIBA
1.2.826.0.1.3680043.8.498.12761906443846433581503942530016459978,SIEMENS,MAGNETOM Avanto fit,1.5,5,259,0.395212982,False,True,800.0,de,False,de|SIEMENS
1.2.826.0.1.3680043.8.498.12762076104929080571464647825161185643,SIEMENS,MAGNETOM Avanto fit,1.5,5,268,0.410140768,False,True,800.0,de,False,de|SIEMENS
1.2.826.0.1.3680043.8.498.12762900657007480138202359874575403361,GE,SIGNA Voyager,1.5,5,172,0.04835776,False,False,256.0,en,False,en|GE
1.2.826.0.1.3680043.8.498.12765434812409174436720333864278447770,SIEMENS,Skyra,3.0,5,177,0.063269464,False,False,384.0,es,False,es|SIEMENS
1.2.826.0.1.3680043.8.498.12769221625850663248477857087347890908,SIEMENS,MAGNETOM Aera,1.5,4,151,0.041605448,False,False,384.0,en,False,en|SIEMENS
1.2.826.0.1.3680043.8.498.12769887673556938425710414718385118283,GE,Signa HDxt,1.5,5,133,0.06992249,False,False,512.0,en,False,en|GE
1.2.826.0.1.3680043.8.498.12771448321084229688831202344007889535,PHILIPS,Achieva,1.5,5,173,0.079420922,False,False,512.0,en,False,en|PHILIPS
1.2.826.0.1.3680043.8.498.12775050278338123442507219047972133270,SIEMENS,Aera,1.5,5,154,0.027191916,False,False,320.0,tr,False,tr|SIEMENS
1.2.826.0.1.3680043.8.498.12775105605170844918620305197829216665,SIEMENS,Aera,1.5,5,130,0.02482225,False,False,320.0,tr,False,tr|SIEMENS
1.2.826.0.1.3680043.8.498.12775769262869064592411499834441472333,GE,Optima MR450w,1.5,5,170,0.13951327,False,False,640.0,en,False,en|GE
1.2.826.0.1.3680043.8.498.12778920060586364664953350981285170949,CANON/TOSHIBA,Vantage,,5,135,0.09573631,True,False,576.0,en,False,en|CANON/TOSHIBA
1.2.826.0.1.3680043.8.498.12785377697188564760194569072434828180,GE,SIGNA Explorer,1.5,6,128,0.05826629,False,False,512.0,tr,False,tr|GE
1.2.826.0.1.3680043.8.498.12785620442256422697216192462703273802,SIEMENS,SonataVision,1.5,5,101,0.04516934,False,False,384.0,greek,False,greek|SIEMENS
1.2.826.0.1.3680043.8.498.12785792890626338008419452097492192088,PHILIPS,Achieva dStream,1.5,4,391,0.302688656,False,True,536.0,en,False,en|PHILIPS
1.2.826.0.1.3680043.8.498.12790542912560396272981117250277568532,GE,Optima MR450w,1.5,7,237,0.051861592,False,False,256.0,en,False,en|GE
1.2.826.0.1.3680043.8.498.12792431109288033212787919118858331455,PHILIPS,Ingenia,3.0,6,169,0.126522584,False,False,640.0,cyrillic,False,cyrillic|PHILIPS
1.2.826.0.1.3680043.8.498.12798419553759200632295966180228523212,PHILIPS,Ingenia,3.0,5,186,0.156237922,False,False,672.0,cyrillic,False,cyrillic|PHILIPS
1.2.826.0.1.3680043.8.498.12799849540231315910448269889175806934,GE,SIGNA Explorer,1.5,5,113,0.049589264,False,False,512.0,tr,False,tr|GE
1.2.826.0.1.3680043.8.498.12800130397185143653180509040746675358,PHILIPS,Ingenia,1.5,6,181,0.102622708,False,False,512.0,hr/bs/sr,False,hr/bs/sr|PHILIPS
1.2.826.0.1.3680043.8.498.12801308844398614687904447633432197492,SIEMENS,SonataVision,1.5,5,98,0.042707174,False,False,384.0,greek,True,greek|SIEMENS
1.2.826.0.1.3680043.8.498.12801643268939133682891906705186571010,SIEMENS,MAGNETOM Sola,1.5,5,146,0.11073285,False,False,640.0,nl,False,nl|SIEMENS
1.2.826.0.1.3680043.8.498.12806792356922865929896103306611295151,PHILIPS,Ingenia,3.0,5,106,0.076454518,False,False,512.0,es,False,es|PHILIPS
1.2.826.0.1.3680043.8.498.12810074901642984174782853829149619043,SIEMENS,MAGNETOM Vida,3.0,5,166,0.15306591,False,False,640.0,nl,False,nl|SIEMENS
1.2.826.0.1.3680043.8.498.12814598731776085957663058326979908652,GE,SIGNA Artist,1.5,5,181,0.211557322,False,False,512.0,es,False,es|GE
1.2.826.0.1.3680043.8.498.12815132582382825980088023336277934996,SIEMENS,SonataVision,1.5,5,99,0.04405226,False,False,384.0,greek,False,greek|SIEMENS
1.2.826.0.1.3680043.8.498.12817753008281742621758605755308036035,SIEMENS,MAGNETOM Vida,3.0,4,130,0.05919345,False,False,480.0,en,False,en|SIEMENS
1.2.826.0.1.3680043.8.498.12818010040786942613541254450332754046,SIEMENS,Espree,1.5,5,127,0.020583532,False,False,256.0,en,False,en|SIEMENS
1.2.826.0.1.3680043.8.498.12819437506700585448407291050085063174,SIEMENS,MAGNETOM Sempra,1.5,5,166,0.043904654,False,False,384.0,es,False,es|SIEMENS
1.2.826.0.1.3680043.8.498.12820051821104182459960036809430047569,SIEMENS,MAGNETOM Vida,3.0,5,166,0.15306594,False,False,640.0,nl,False,nl|SIEMENS
1.2.826.0.1.3680043.8.498.12824438254096860470348581093672563751,SIEMENS,MAGNETOM Skyra,3.0,4,146,0.050839674,False,False,416.0,en,False,en|SIEMENS
1.2.826.0.1.3680043.8.498.12826828527176716109949704557150950675,PHILIPS,Ingenia,3.0,4,131,0.068872156,False,False,512.0,en,False,en|PHILIPS
1.2.826.0.1.3680043.8.498.12827120140904847104302376671076396695,SIEMENS,MAGNETOM Prisma,3.0,6,166,0.121245712,False,False,400.0,greek,False,greek|SIEMENS
1.2.826.0.1.3680043.8.498.12831769902826114242555323443809541052,SIEMENS,Skyra,3.0,5,180,0.047644988,False,False,320.0,es,False,es|SIEMENS
1.2.826.0.1.3680043.8.498.12836702174475748025129787471026627810,GE,SIGNA Artist,1.5,4,142,0.126568198,False,False,512.0,en,False,en|GE
1.2.826.0.1.3680043.8.498.12837030643153472711780894512565629507,GE,SIGNA Artist,1.5,4,153,0.138643138,False,False,512.0,en,False,en|GE
1.2.826.0.1.3680043.8.498.12839498544183083639548298117995964432,GE,Optima MR430s 1.5T,1.5,5,140,0.073584596,False,False,512.0,en,False,en|GE
1.2.826.0.1.3680043.8.498.12862782592303338109631225504988756108,PHILIPS,MR 5300,1.5,5,91,0.058799118,False,False,528.0,es,False,es|PHILIPS
1.2.826.0.1.3680043.8.498.12864336642218457767597053831458716404,PHILIPS,Ingenia,1.5,5,99,0.087702124,False,False,480.0,es,False,es|PHILIPS
1.2.826.0.1.3680043.8.498.12866937766198610064474201436305532400,PHILIPS,Ingenia,3.0,4,130,0.068355484,False,False,512.0,en,False,en|PHILIPS
1.2.826.0.1.3680043.8.498.12887544771002132349592859410979448655,SIEMENS,Aera,1.5,5,127,0.02619207,False,False,320.0,tr,False,tr|SIEMENS
1.2.826.0.1.3680043.8.498.12896740277483734090633132494285615502,PHILIPS,Ingenia,3.0,4,118,0.058358738,False,False,512.0,en,False,en|PHILIPS
1.2.826.0.1.3680043.8.498.12899995703999073968090810947564075608,SIEMENS,Aera,1.5,5,176,0.042425438,False,False,320.0,en,False,en|SIEMENS
1.2.826.0.1.3680043.8.498.12904190317996738774518258536997285832,PHILIPS,Ingenia,3.0,5,94,0.06858577,False,False,512.0,es,False,es|PHILIPS
1.2.826.0.1.3680043.8.498.12907457183137517669505067507754394039,PHILIPS,Ingenia,3.0,5,150,0.120113654,False,False,640.0,cyrillic,False,cyrillic|PHILIPS
1.2.826.0.1.3680043.8.498.12912436233176216254115594260643600155,CANON/TOSHIBA,Galan 3T,3.0,7,210,0.21658228,False,False,716.0,en,False,en|CANON/TOSHIBA
1.2.826.0.1.3680043.8.498.12914677763148740041755977075799271057,GE,SIGNA Artist,1.5,5,201,0.237801012,False,False,512.0,es,False,es|GE
1.2.826.0.1.3680043.8.498.12917504242141830416624247604384969664,CANON/TOSHIBA,Titan,1.5,7,204,0.16195941,False,False,704.0,en,False,en|CANON/TOSHIBA
1.2.826.0.1.3680043.8.498.12919303621342250989179219420795277559,PHILIPS,Achieva dStream,1.5,5,108,0.067155908,False,False,528.0,es,False,es|PHILIPS
1.2.826.0.1.3680043.8.498.12929915324982999692857962099866616265,SIEMENS,Aera,1.5,8,223,0.136865146,False,False,640.0,en,False,en|SIEMENS
1.2.826.0.1.3680043.8.498.12936296973456045538701035923586653502,SIEMENS,Aera,1.5,8,247,0.197944692,False,False,640.0,en,False,en|SIEMENS
1.2.826.0.1.3680043.8.498.12938500386086171684983091332136233036,CANON/TOSHIBA,Vantage,,5,133,0.086424158,True,False,512.0,en,False,en|CANON/TOSHIBA
1.2.826.0.1.3680043.8.498.12942677240800343332600884989364651588,GE,SIGNA Explorer,1.5,5,112,0.058895488,False,False,512.0,tr,False,tr|GE
1.2.826.0.1.3680043.8.498.12946163460972553911280889205685745877,PHILIPS,Achieva dStream,1.5,5,579,0.456370846,False,True,560.0,en,False,en|PHILIPS
1.2.826.0.1.3680043.8.498.12946789387115203718210904958275579544,SIEMENS,SonataVision,1.5,5,93,0.04053897,False,False,384.0,greek,False,greek|SIEMENS
1.2.826.0.1.3680043.8.498.12949322114105642048256996295428966924,SIEMENS,Skyra,3.0,5,174,0.083540636,False,False,384.0,es,False,es|SIEMENS
1.2.826.0.1.3680043.8.498.12950639892345812884896649629409199101,SIEMENS,Aera,1.5,5,176,0.04241511,False,False,320.0,en,False,en|SIEMENS
1.2.826.0.1.3680043.8.498.12954163390367261226110152166469167935,PHILIPS,Ingenia,3.0,5,103,0.079110162,False,False,512.0,es,False,es|PHILIPS
1.2.826.0.1.3680043.8.498.12957252711278416684461267069498115130,SIEMENS,MAGNETOM Avanto fit,1.5,5,278,0.421288516,False,True,800.0,de,False,de|SIEMENS
1.2.826.0.1.3680043.8.498.12957752106697316015996777476239762111,PHILIPS,Ingenia,1.5,6,171,0.090351914,False,False,520.0,hr/bs/sr,False,hr/bs/sr|PHILIPS
1.2.826.0.1.3680043.8.498.12958999546496283565938189274771483491,SIEMENS,MAGNETOM Avanto fit,1.5,5,286,0.437574166,False,True,800.0,de,False,de|SIEMENS
1.2.826.0.1.3680043.8.498.12961116776122838195555132309258963046,GE,SIGNA Architect,3.0,9,514,0.518747366,False,True,1024.0,tr,False,tr|GE
1.2.826.0.1.3680043.8.498.12965787822216495014894819598440431626,PHILIPS,Ingenia,1.5,5,99,0.08668644,False,False,480.0,es,False,es|PHILIPS
1.2.826.0.1.3680043.8.498.12968535455086298222684461157825070395,CANON/TOSHIBA,Vantage,,6,171,0.107356712,True,False,512.0,en,False,en|CANON/TOSHIBA
1.2.826.0.1.3680043.8.498.12970315889871740202726744767179863179,SIEMENS,MAGNETOM Prisma,3.0,4,159,0.153244304,False,False,588.0,greek,False,greek|SIEMENS
1.2.826.0.1.3680043.8.498.12978172997053500029791786614906570285,PHILIPS,Ingenia,3.0,6,165,0.125612434,False,False,640.0,cyrillic,False,cyrillic|PHILIPS
1.2.826.0.1.3680043.8.498.12978510157202852202776899910529174803,PHILIPS,Ingenia,3.0,6,176,0.133159802,False,False,640.0,cyrillic,True,cyrillic|PHILIPS
1.2.826.0.1.3680043.8.498.12980448935316870673341494036873313299,CANON/TOSHIBA,Titan,1.5,12,360,0.313870696,False,False,680.0,en,False,en|CANON/TOSHIBA
1.2.826.0.1.3680043.8.498.12981413356524881858859912294078498486,PHILIPS,Achieva dStream,3.0,7,227,0.190227098,False,False,640.0,en,False,en|PHILIPS
1.2.826.0.1.3680043.8.498.12982826264059547618124186257414818172,PHILIPS,Ingenia,3.0,6,170,0.126818166,False,False,640.0,cyrillic,False,cyrillic|PHILIPS
1.2.826.0.1.3680043.8.498.12985683732818911488433522743768046254,PHILIPS,Ingenia,3.0,6,190,0.151622012,False,False,640.0,cyrillic,False,cyrillic|PHILIPS
1.2.826.0.1.3680043.8.498.12986028147682493711912242081052787346,GE,SIGNA Explorer,1.5,5,130,0.048700874,False,False,512.0,tr,False,tr|GE
1.2.826.0.1.3680043.8.498.12986517636774565418070546261705439006,SIEMENS,MAGNETOM Vida,3.0,5,166,0.04460727,False,False,384.0,hr/bs/sr,False,hr/bs/sr|SIEMENS
1.2.826.0.1.3680043.8.498.12987428318535758055829100395092244687,SIEMENS,MAGNETOM Aera,1.5,4,152,0.041901356,False,False,384.0,en,False,en|SIEMENS
1.2.826.0.1.3680043.8.498.12992013816638129896738209015383985569,SIEMENS,Aera,1.5,7,217,0.047953902,False,False,320.0,hr/bs/sr,False,hr/bs/sr|SIEMENS
1.2.826.0.1.3680043.8.498.13003520962744192762179786723724282013,PHILIPS,Achieva dStream,1.5,7,248,0.170851298,False,True,528.0,tr,False,tr|PHILIPS
1.2.826.0.1.3680043.8.498.13004048880335015585285100185910148808,GE,SIGNA EXCITE,,5,86,0.045179562,True,False,512.0,en,False,en|GE
1.2.826.0.1.3680043.8.498.13009271274636013067662786774946029285,PHILIPS,Ingenia,3.0,5,150,0.120114556,False,False,640.0,cyrillic,False,cyrillic|PHILIPS
1.2.826.0.1.3680043.8.498.13015502057686077045104167339480215528,GE,Optima MR450w,1.5,5,164,0.134590416,False,False,640.0,en,False,en|GE
1.2.826.0.1.3680043.8.498.13016684730504329799460698013153308088,PHILIPS,Ingenia,3.0,5,102,0.088648714,False,False,512.0,es,False,es|PHILIPS
1.2.826.0.1.3680043.8.498.13017199074506191657941905498813292773,SIEMENS,SonataVision,1.5,5,96,0.04211174,False,False,384.0,greek,False,greek|SIEMENS
1.2.826.0.1.3680043.8.498.13022266764623819477228425331705640702,CANON/TOSHIBA,Vantage,,6,140,0.09803583,True,False,576.0,en,False,en|CANON/TOSHIBA
1.2.826.0.1.3680043.8.498.13022585036130454941964190427558363602,CANON/TOSHIBA,Vantage,,5,136,0.089643078,True,False,512.0,en,False,en|CANON/TOSHIBA
1.2.826.0.1.3680043.8.498.13024250150960117282590397343184827466,GE,SIGNA Voyager,1.5,5,154,0.042826434,False,False,256.0,en,False,en|GE
1.2.826.0.1.3680043.8.498.13024625496981667037628275235696732200,PHILIPS,Achieva,1.5,6,248,0.119119658,False,False,544.0,en,False,en|PHILIPS
1.2.826.0.1.3680043.8.498.13026024768908635083636086393662414870,PHILIPS,Ingenia Ambition X,1.5,9,292,0.183652126,False,False,528.0,en,False,en|PHILIPS
1.2.826.0.1.3680043.8.498.13026463185033527579856819607371375594,CANON/TOSHIBA,Galan 3T,3.0,7,220,0.24256639,False,False,768.0,en,False,en|CANON/TOSHIBA
1.2.826.0.1.3680043.8.498.13027024577729659065187419038453181852,SIEMENS,Aera,1.5,6,169,0.038790792,False,False,320.0,hr/bs/sr,False,hr/bs/sr|SIEMENS
1.2.826.0.1.3680043.8.498.13027502247317650159940595684214701589,CANON/TOSHIBA,Vantage,,5,120,0.080001888,True,False,512.0,en,False,en|CANON/TOSHIBA
1.2.826.0.1.3680043.8.498.13028226019192925363616760332442456953,GE,Optima MR450w,,5,111,0.058316002,True,False,512.0,en,False,en|GE
1.2.826.0.1.3680043.8.498.13030662056306690969977140713179461363,PHILIPS,Ingenia,1.5,6,171,0.090351914,False,False,520.0,hr/bs/sr,False,hr/bs/sr|PHILIPS
1.2.826.0.1.3680043.8.498.13034169434311535671044673510644711229,SIEMENS,Aera,1.5,5,162,0.033906302,False,False,320.0,hr/bs/sr,False,hr/bs/sr|SIEMENS
1.2.826.0.1.3680043.8.498.13035632998746261521316395720102873141,PHILIPS,Ingenia,3.0,8,231,0.179783174,False,False,640.0,cyrillic,False,cyrillic|PHILIPS
1.2.826.0.1.3680043.8.498.13042847643086819857036458569632034999,SIEMENS,MAGNETOM Sola,1.5,5,146,0.110732728,False,False,640.0,nl,False,nl|SIEMENS
1.2.826.0.1.3680043.8.498.13054766954092919774634499780241210835,SIEMENS,Aera,1.5,6,155,0.034221562,False,False,320.0,tr,False,tr|SIEMENS
1.2.826.0.1.3680043.8.498.13062438493893996542058869514390908492,SIEMENS,Aera,1.5,5,127,0.026192026,False,False,320.0,tr,False,tr|SIEMENS
1.2.826.0.1.3680043.8.498.13062978180647549151946243290102173508,SIEMENS,MAGNETOM Vida,3.0,6,197,0.054998502,False,False,384.0,hr/bs/sr,False,hr/bs/sr|SIEMENS
1.2.826.0.1.3680043.8.498.13065120731888368919957856813755701101,PHILIPS,Ingenia,3.0,4,118,0.058358666,False,False,512.0,en,False,en|PHILIPS
1.2.826.0.1.3680043.8.498.13068696303639759696458130704554709416,SIEMENS,MAGNETOM Vida,3.0,4,147,0.066994504,False,False,480.0,en,False,en|SIEMENS
1.2.826.0.1.3680043.8.498.13069081594164738319108129224400751974,PHILIPS,Ingenia,3.0,5,150,0.120113714,False,False,640.0,cyrillic,False,cyrillic|PHILIPS
1.2.826.0.1.3680043.8.498.13072908567275370866813748886351904593,PHILIPS,Ingenia,3.0,4,133,0.066239776,False,False,512.0,en,False,en|PHILIPS
1.2.826.0.1.3680043.8.498.13073387272228394257811861905056479438,SIEMENS,SonataVision,1.5,5,98,0.042707562,False,False,384.0,greek,False,greek|SIEMENS
1.2.826.0.1.3680043.8.498.13077357855769903335728068420884303993,GE,SIGNA Explorer,1.5,5,126,0.057607474,False,False,512.0,tr,False,tr|GE
1.2.826.0.1.3680043.8.498.13078009378379325641560321462188164769,SIEMENS,SonataVision,1.5,5,97,0.042932798,False,False,384.0,greek,False,greek|SIEMENS
1.2.826.0.1.3680043.8.498.13078551660783737720660607567713996703,GE,Optima MR430s 1.5T,1.5,5,146,0.076737806,False,False,512.0,en,False,en|GE
1.2.826.0.1.3680043.8.498.13078834627392793401892111941627273421,PHILIPS,Ingenia,3.0,6,109,0.086210526,False,False,464.0,es,False,es|PHILIPS
1.2.826.0.1.3680043.8.498.13079170182386765602129976624023222742,GE,SIGNA EXCITE,1.5,7,168,0.088309732,False,False,512.0,en,False,en|GE
1.2.826.0.1.3680043.8.498.13086260989634665810181105278930088749,PHILIPS,Ingenia,1.5,5,155,0.089130546,False,False,528.0,hr/bs/sr,False,hr/bs/sr|PHILIPS
1.2.826.0.1.3680043.8.498.13087770868099843948960419968576882974,CANON/TOSHIBA,Titan,1.5,5,151,0.072444556,False,False,512.0,en,False,en|CANON/TOSHIBA
1.2.826.0.1.3680043.8.498.13088550794087945662322609097092458487,SIEMENS,Aera,1.5,5,175,0.028280256,False,False,256.0,tr,False,tr|SIEMENS
1.2.826.0.1.3680043.8.498.13092094949394905924922534008771583745,CANON/TOSHIBA,Titan,1.5,7,194,0.167503016,False,False,640.0,en,False,en|CANON/TOSHIBA
1.2.826.0.1.3680043.8.498.13093528938282977263747792690249036456,GE,Optima MR450w,1.5,5,142,0.116534716,False,False,640.0,en,False,en|GE
1.2.826.0.1.3680043.8.498.13093751810869039645959119469231437894,GE,Optima MR450w,1.5,5,117,0.061511216,False,False,512.0,en,False,en|GE
1.2.826.0.1.3680043.8.498.13096288495834275184930201615129174987,SIEMENS,Aera,1.5,6,154,0.031761866,False,False,320.0,tr,False,tr|SIEMENS
1.2.826.0.1.3680043.8.498.13099702881219862576749493772702888064,SIEMENS,MAGNETOM Avanto fit,1.5,5,252,0.38390354,False,True,800.0,de,False,de|SIEMENS
1.2.826.0.1.3680043.8.498.13102058401501684064017656674827527261,SIEMENS,MAGNETOM Vida,3.0,5,160,0.073819452,False,False,496.0,en,False,en|SIEMENS
1.2.826.0.1.3680043.8.498.13103513835731355705707295729643672786,SIEMENS,MAGNETOM Vida,3.0,5,166,0.15306614,False,False,640.0,nl,False,nl|SIEMENS
1.2.826.0.1.3680043.8.498.13108275880471592702987713766776683590,SIEMENS,MAGNETOM Prisma,3.0,4,136,0.116662742,False,False,588.0,greek,False,greek|SIEMENS
1.2.826.0.1.3680043.8.498.13113623966675790946816351311283701141,SIEMENS,Aera,1.5,6,187,0.043978482,False,False,320.0,hr/bs/sr,False,hr/bs/sr|SIEMENS
1.2.826.0.1.3680043.8.498.13114228294359876639109410575915394712,SIEMENS,SonataVision,1.5,5,99,0.04457254,False,False,384.0,greek,False,greek|SIEMENS
1.2.826.0.1.3680043.8.498.13114693814781737495494700902699619138,PHILIPS,Ingenia,1.5,6,112,0.061157918,False,False,536.0,es,False,es|PHILIPS
1.2.826.0.1.3680043.8.498.13116941594523500503401720636978356127,PHILIPS,Ingenia,1.5,5,155,0.08912981,False,False,528.0,hr/bs/sr,False,hr/bs/sr|PHILIPS
1.2.826.0.1.3680043.8.498.13118325043138522704531128725514354285,PHILIPS,Ingenia,1.5,6,159,0.091436292,False,False,512.0,hr/bs/sr,False,hr/bs/sr|PHILIPS
1.2.826.0.1.3680043.8.498.13118532243906060645114391749986421707,PHILIPS,MR 5300,1.5,6,122,0.057647558,False,False,480.0,unknown,False,unknown|PHILIPS
1.2.826.0.1.3680043.8.498.13125910783461518266627225743585018143,PHILIPS,Ingenia,3.0,4,110,0.071162416,False,False,512.0,en,False,en|PHILIPS
1.2.826.0.1.3680043.8.498.13126070481622692281046898445918832841,CANON/TOSHIBA,Titan,1.5,8,304,0.205427722,False,True,640.0,en,False,en|CANON/TOSHIBA
1.2.826.0.1.3680043.8.498.13126380916005729420163981055214890048,SIEMENS,Skyra,3.0,6,180,0.084721458,False,False,384.0,es,False,es|SIEMENS
1.2.826.0.1.3680043.8.498.13128352910661672966143173193241171100,SIEMENS,MAGNETOM Skyra,3.0,4,221,0.030941432,False,True,352.0,en,False,en|SIEMENS
1.2.826.0.1.3680043.8.498.13128506994126383651503283021834372142,GE,SIGNA EXCITE,1.5,7,224,0.11774787,False,False,512.0,en,False,en|GE
1.2.826.0.1.3680043.8.498.13129258242739880102472095242703169773,SIEMENS,MAGNETOM Avanto fit,1.5,5,314,0.478723314,False,True,800.0,de,False,de|SIEMENS
1.2.826.0.1.3680043.8.498.13130534736322715018024786213131944607,SIEMENS,Aera,1.5,5,164,0.039588424,False,False,320.0,en,False,en|SIEMENS
1.2.826.0.1.3680043.8.498.13131420451380633781538717117200087258,SIEMENS,Aera,1.5,5,161,0.02605108,False,False,256.0,tr,False,tr|SIEMENS
1.2.826.0.1.3680043.8.498.13133755791254469039849289186598412660,GE,SIGNA Artist,1.5,6,199,0.21787467,False,False,512.0,es,False,es|GE
1.2.826.0.1.3680043.8.498.13135567399913958681613600650440761032,PHILIPS,Achieva dStream,3.0,9,332,0.260653968,False,True,640.0,en,False,en|PHILIPS
1.2.826.0.1.3680043.8.498.13136367866260644484250529322937554927,PHILIPS,Achieva dStream,3.0,8,245,0.198549288,False,False,640.0,en,False,en|PHILIPS
1.2.826.0.1.3680043.8.498.13136392756016978765204420377500607545,PHILIPS,Ingenia,3.0,5,164,0.1301969,False,False,640.0,cyrillic,False,cyrillic|PHILIPS
1.2.826.0.1.3680043.8.498.13137510961466386836387239510287919268,SIEMENS,Aera,1.5,9,383,0.158072982,False,True,640.0,en,False,en|SIEMENS
1.2.826.0.1.3680043.8.498.13137549927896953291645459480590055925,SIEMENS,MAGNETOM Avanto fit,1.5,8,432,0.56737377,False,True,640.0,de,False,de|SIEMENS
1.2.826.0.1.3680043.8.498.13139684164906828131777150061532685584,GE,Optima MR450w,,5,118,0.061990722,True,False,512.0,en,False,en|GE
1.2.826.0.1.3680043.8.498.13143446880514535170343243531129864116,GE,SIGNA Explorer,1.5,5,106,0.039225356,False,False,512.0,tr,False,tr|GE
1.2.826.0.1.3680043.8.498.13146466304138609448483938844487385775,GE,SIGNA Artist,1.5,5,196,0.230453714,False,False,512.0,es,False,es|GE
1.2.826.0.1.3680043.8.498.13147249459968468500804358644901642270,GE,SIGNA EXCITE,1.5,7,168,0.088310886,False,False,512.0,en,False,en|GE
1.2.826.0.1.3680043.8.498.13148805278538458401210722493048566510,SIEMENS,MAGNETOM Aera,1.5,4,150,0.04121291,False,False,384.0,fr,False,fr|SIEMENS
1.2.826.0.1.3680043.8.498.13150780733560495803861509587935093776,PHILIPS,Ingenia,3.0,4,137,0.072036056,False,False,512.0,en,False,en|PHILIPS
1.2.826.0.1.3680043.8.498.13150794288945922409613136250303663502,PHILIPS,Ingenia,1.5,5,94,0.058178732,False,False,560.0,es,False,es|PHILIPS
1.2.826.0.1.3680043.8.498.13151845892175420505816340845155354956,PHILIPS,Achieva dStream,1.5,6,129,0.095477286,False,False,576.0,es,False,es|PHILIPS
1.2.826.0.1.3680043.8.498.13152690996267297597178587721720788387,SIEMENS,Aera,1.5,8,223,0.09383425,False,False,512.0,en,False,en|SIEMENS
1.2.826.0.1.3680043.8.498.13155572156594271049520969168607160312,SIEMENS,MAGNETOM Avanto fit,1.5,5,341,0.61669147,False,True,896.0,de,False,de|SIEMENS
1.2.826.0.1.3680043.8.498.13157776420553094741176082047621957775,SIEMENS,Aera,1.5,5,127,0.01682941,False,False,256.0,tr,False,tr|SIEMENS
1.2.826.0.1.3680043.8.498.13158227087287104386790063637592969032,CANON/TOSHIBA,Galan 3T,3.0,7,225,0.267334076,False,False,768.0,en,False,en|CANON/TOSHIBA
1.2.826.0.1.3680043.8.498.13158644154518335426512578922874968296,GE,Optima MR450w,,6,118,0.061989976,True,False,512.0,en,False,en|GE
1.2.826.0.1.3680043.8.498.13162284470388627411596358366248494046,GE,SIGNA Artist,1.5,5,191,0.22468106,False,False,512.0,es,False,es|GE
1.2.826.0.1.3680043.8.498.13162479706670045075896993021883562680,CANON/TOSHIBA,Titan,1.5,7,190,0.114638222,False,False,512.0,en,False,en|CANON/TOSHIBA
1.2.826.0.1.3680043.8.498.13163727085668231782866823012535268245,SIEMENS,MAGNETOM Vida,3.0,5,166,0.04460755,False,False,384.0,hr/bs/sr,False,hr/bs/sr|SIEMENS
1.2.826.0.1.3680043.8.498.13165770394160595162984722917452661205,PHILIPS,Ingenia,3.0,4,130,0.068355512,False,False,512.0,en,False,en|PHILIPS
1.2.826.0.1.3680043.8.498.13167727300538353052482338786183678684,SIEMENS,Espree,1.5,6,202,0.165765268,False,False,640.0,en,False,en|SIEMENS
1.2.826.0.1.3680043.8.498.13172295193446466338347273836250944090,SIEMENS,MAGNETOM Vida,3.0,5,166,0.153065544,False,False,640.0,nl,False,nl|SIEMENS
1.2.826.0.1.3680043.8.498.13173050135651736408720687361834045815,SIEMENS,Skyra,3.0,5,172,0.045616792,False,False,320.0,es,False,es|SIEMENS
1.2.826.0.1.3680043.8.498.13173781757294564816839795307893228067,SIEMENS,SonataVision,1.5,5,98,0.04375262,False,False,384.0,greek,False,greek|SIEMENS
1.2.826.0.1.3680043.8.498.13173926977743814814616127342102020710,SIEMENS,Aera,1.5,5,144,0.023287258,False,False,256.0,tr,False,tr|SIEMENS
1.2.826.0.1.3680043.8.498.13176146790594027813190776550419533937,SIEMENS,MAGNETOM Skyra,3.0,4,225,0.03185663,False,True,352.0,en,False,en|SIEMENS
1.2.826.0.1.3680043.8.498.13179169600887013946657470830682778717,SIEMENS,MAGNETOM Vida,3.0,6,191,0.053293706,False,False,384.0,hr/bs/sr,False,hr/bs/sr|SIEMENS
1.2.826.0.1.3680043.8.498.13179829911816163852815103052496326166,SIEMENS,MAGNETOM Prisma,3.0,4,134,0.108882558,False,False,588.0,greek,False,greek|SIEMENS
1.2.826.0.1.3680043.8.498.13197409499722328227876152940338160369,SIEMENS,MAGNETOM Skyra,3.0,4,224,0.031829912,False,True,352.0,en,False,en|SIEMENS
1.2.826.0.1.3680043.8.498.13199635020145400856987271814458645896,PHILIPS,MR 7700,3.0,4,134,0.118718818,False,False,512.0,en,False,en|PHILIPS
1.2.826.0.1.3680043.8.498.13200225436827306542001129042739578441,SIEMENS,MAGNETOM Avanto fit,1.5,5,294,0.451978018,False,True,800.0,de,False,de|SIEMENS
1.2.826.0.1.3680043.8.498.13203246712933982189680087013566455075,PHILIPS,Ingenia,1.5,6,110,0.06663589,False,False,560.0,es,False,es|PHILIPS
1.2.826.0.1.3680043.8.498.13207489724395276840990928372610055495,SIEMENS,Espree,1.5,5,160,0.131302888,False,False,640.0,en,False,en|SIEMENS
1.2.826.0.1.3680043.8.498.13210084125872700841685814144002495145,PHILIPS,Ingenia,3.0,5,154,0.122074078,False,False,640.0,cyrillic,False,cyrillic|PHILIPS
1.2.826.0.1.3680043.8.498.13211838518836535713919214396985811434,SIEMENS,Aera,1.5,8,237,0.132629536,False,False,512.0,en,False,en|SIEMENS
1.2.826.0.1.3680043.8.498.13212280182729018182073794487313115605,SIEMENS,MAGNETOM Vida,3.0,6,191,0.053303462,False,False,384.0,hr/bs/sr,False,hr/bs/sr|SIEMENS
1.2.826.0.1.3680043.8.498.13214267416673058581197714011913363750,PHILIPS,Achieva dStream,1.5,5,108,0.047995402,False,False,480.0,es,False,es|PHILIPS
1.2.826.0.1.3680043.8.498.13222515831888962408632292783773537312,PHILIPS,Ingenia,1.5,6,171,0.090352516,False,False,520.0,hr/bs/sr,False,hr/bs/sr|PHILIPS
1.2.826.0.1.3680043.8.498.13224933005220329091792052916905776921,PHILIPS,Ingenia,1.5,7,128,0.082686302,False,False,560.0,es,False,es|PHILIPS
1.2.826.0.1.3680043.8.498.13226961394403558608712498872213808226,SIEMENS,Aera,1.5,10,413,0.166959912,False,True,512.0,en,False,en|SIEMENS
1.2.826.0.1.3680043.8.498.13229563888378977350299319159748823477,PHILIPS,Ingenia,1.5,6,171,0.090351814,False,False,520.0,hr/bs/sr,False,hr/bs/sr|PHILIPS
1.2.826.0.1.3680043.8.498.13232501202175905676335982676386953813,GE,SIGNA Artist,1.5,4,126,0.110288866,False,False,512.0,en,False,en|GE
1.2.826.0.1.3680043.8.498.13234278816788324761159326624155958655,GE,SIGNA EXCITE,1.5,7,196,0.069996678,False,False,512.0,en,False,en|GE
1.2.826.0.1.3680043.8.498.13240749152416621711688053465035013133,PHILIPS,Achieva dStream,1.5,6,124,0.068335684,False,False,520.0,es,False,es|PHILIPS
1.2.826.0.1.3680043.8.498.13242536312535334908597493894251783308,PHILIPS,Ingenia,1.5,5,119,0.192907406,False,False,960.0,es,False,es|PHILIPS
1.2.826.0.1.3680043.8.498.13245409855393847268063261203253424169,SIEMENS,MAGNETOM Avanto fit,1.5,5,272,0.415917762,False,True,800.0,de,False,de|SIEMENS
1.2.826.0.1.3680043.8.498.13246496699722524712272293738359002501,PHILIPS,Ingenia,3.0,4,116,0.05730191,False,False,512.0,en,False,en|PHILIPS
1.2.826.0.1.3680043.8.498.13256173302993031630968402868348974108,SIEMENS,MAGNETOM Vida,3.0,4,132,0.060168382,False,False,480.0,en,False,en|SIEMENS
1.2.826.0.1.3680043.8.498.13261595972961358158990410740461308054,SIEMENS,SonataVision,1.5,5,97,0.041747906,False,False,384.0,greek,False,greek|SIEMENS
1.2.826.0.1.3680043.8.498.13262053361139017457941697384315610025,PHILIPS,Ingenia,1.5,6,131,0.084576554,False,False,520.0,es,False,es|PHILIPS
1.2.826.0.1.3680043.8.498.13262473718294425031790270527413368245,GE,SIGNA Explorer,1.5,5,111,0.058367578,False,False,512.0,tr,False,tr|GE
1.2.826.0.1.3680043.8.498.13262583253812134425581922368942846684,SIEMENS,MAGNETOM Vida,3.0,6,199,0.054395102,False,False,384.0,hr/bs/sr,False,hr/bs/sr|SIEMENS
1.2.826.0.1.3680043.8.498.13263128568157735797391439005687112733,PHILIPS,Achieva,1.5,5,98,0.05922397,False,False,528.0,es,False,es|PHILIPS
1.2.826.0.1.3680043.8.498.13267708980958529833316446819156908381,SIEMENS,SonataVision,1.5,5,102,0.0451697,False,False,384.0,greek,False,greek|SIEMENS
1.2.826.0.1.3680043.8.498.13267780356245120052411517053322874891,GE,Signa HDxt,,5,100,0.052533532,True,False,512.0,en,True,en|GE
1.2.826.0.1.3680043.8.498.13269841239774089690227054060975903636,CANON/TOSHIBA,Vantage,,5,130,0.084469388,True,False,512.0,en,False,en|CANON/TOSHIBA
1.2.826.0.1.3680043.8.498.13273890409523605456488117581706115075,SIEMENS,Aera,1.5,5,144,0.025498098,False,False,320.0,tr,False,tr|SIEMENS
1.2.826.0.1.3680043.8.498.13280017707177438711374726939683941320,PHILIPS,Achieva dStream,3.0,9,273,0.211081154,False,False,640.0,en,False,en|PHILIPS
1.2.826.0.1.3680043.8.498.13283411144589724334502427926341646116,SIEMENS,MAGNETOM Aera,1.5,4,153,0.042192534,False,False,384.0,fr,False,fr|SIEMENS
1.2.826.0.1.3680043.8.498.13284123714012951608998434802430211634,SIEMENS,Aera,1.5,5,143,0.02949483,False,False,320.0,tr,False,tr|SIEMENS
1.2.826.0.1.3680043.8.498.13286048014183811835847662577023535662,SIEMENS,MAGNETOM Lumina,3.0,5,174,0.060483668,False,False,416.0,es,False,es|SIEMENS
1.2.826.0.1.3680043.8.498.13288244567806030859347115222642155186,SIEMENS,SonataVision,1.5,5,96,0.042115092,False,False,384.0,greek,False,greek|SIEMENS
1.2.826.0.1.3680043.8.498.13290698873574296175460151724606672982,SIEMENS,Aera,1.5,11,501,0.199863092,False,True,640.0,en,False,en|SIEMENS
1.2.826.0.1.3680043.8.498.13291943370279119939499960846843879156,PHILIPS,Ingenia,3.0,6,165,0.125736966,False,False,640.0,cyrillic,False,cyrillic|PHILIPS
1.2.826.0.1.3680043.8.498.13295231176137292542631413614945667314,SIEMENS,Aera,1.5,10,543,0.179277872,False,True,512.0,en,False,en|SIEMENS
1.2.826.0.1.3680043.8.498.13295633458001436592005068637719195786,PHILIPS,Ingenia,3.0,4,120,0.063096576,False,False,512.0,en,False,en|PHILIPS
1.2.826.0.1.3680043.8.498.13297973188397662905314777604089528518,GE,SIGNA Architect,3.0,7,409,0.45568611,False,True,1024.0,tr,False,tr|GE
1.2.826.0.1.3680043.8.498.13309299049346932814529962458932580753,CANON/TOSHIBA,Vantage,,7,182,0.09315202,True,False,512.0,en,False,en|CANON/TOSHIBA
1.2.826.0.1.3680043.8.498.13312139694018789912028129989483016875,GE,SIGNA EXCITE,1.5,8,230,0.120898692,False,False,512.0,en,False,en|GE
1.2.826.0.1.3680043.8.498.13314276151860609710431717811242659651,PHILIPS,Ingenia,1.5,6,110,0.081922342,False,False,640.0,es,False,es|PHILIPS
1.2.826.0.1.3680043.8.498.13319886927127591971322856062062654146,PHILIPS,Achieva dStream,1.5,5,594,0.464462866,False,True,560.0,en,False,en|PHILIPS
1.2.826.0.1.3680043.8.498.13321746459276191365724686301267421531,SIEMENS,MAGNETOM Skyra,3.0,4,227,0.032359052,False,True,352.0,en,False,en|SIEMENS
1.2.826.0.1.3680043.8.498.13323187196249612936800308722675884644,SIEMENS,Aera,1.5,6,146,0.028489558,False,False,320.0,tr,False,tr|SIEMENS
1.2.826.0.1.3680043.8.498.13328029743559327467301971917273397645,PHILIPS,Ingenia,3.0,5,154,0.122075054,False,False,640.0,cyrillic,False,cyrillic|PHILIPS
1.2.826.0.1.3680043.8.498.13330694332190836651711643932953274573,PHILIPS,MR 7700,3.0,4,130,0.116615394,False,False,512.0,en,False,en|PHILIPS
1.2.826.0.1.3680043.8.498.13332521365069604440230185026865466121,SIEMENS,Espree,1.5,5,159,0.130482988,False,False,640.0,en,False,en|SIEMENS
1.2.826.0.1.3680043.8.498.13335129881737731410081002627729200903,SIEMENS,MAGNETOM Vida,3.0,5,166,0.15306569,False,False,640.0,nl,True,nl|SIEMENS
1.2.826.0.1.3680043.8.498.13335786652653204791740906118815827207,PHILIPS,Ingenia,3.0,6,186,0.14987961,False,False,640.0,cyrillic,False,cyrillic|PHILIPS
1.2.826.0.1.3680043.8.498.13341507176140340924941654608476073030,PHILIPS,Ingenia,3.0,5,173,0.139046242,False,False,640.0,cyrillic,False,cyrillic|PHILIPS
1.2.826.0.1.3680043.8.498.13353249891620291438488727876474802879,PHILIPS,Achieva dStream,1.5,5,108,0.0479954,False,False,480.0,es,False,es|PHILIPS
1.2.826.0.1.3680043.8.498.13353409340862821090624127486679097099,PHILIPS,Ingenia,1.5,6,170,0.097519692,False,False,528.0,hr/bs/sr,False,hr/bs/sr|PHILIPS
1.2.826.0.1.3680043.8.498.13353966209257569249620562863006006441,GE,Optima MR450w,,5,124,0.065142834,True,False,512.0,en,False,en|GE
1.2.826.0.1.3680043.8.498.13357923062946813820390731946535198170,SIEMENS,MAGNETOM Vida,3.0,6,191,0.053302752,False,False,384.0,hr/bs/sr,False,hr/bs/sr|SIEMENS
1.2.826.0.1.3680043.8.498.13358702230966891064267033765095124604,GE,Signa HDxt,1.5,5,163,0.032218966,False,False,256.0,en,False,en|GE
1.2.826.0.1.3680043.8.498.13361877959630120404875545203408927433,GE,SIGNA Explorer,1.5,4,120,0.063091476,False,False,512.0,en,False,en|GE
1.2.826.0.1.3680043.8.498.13363562142644508091380459785810556567,SIEMENS,MAGNETOM Prisma,3.0,4,136,0.108798548,False,False,588.0,greek,False,greek|SIEMENS
1.2.826.0.1.3680043.8.498.13363856251607349805111249441972460575,PHILIPS,Ingenia,1.5,7,205,0.119533282,False,False,528.0,hr/bs/sr,False,hr/bs/sr|PHILIPS
1.2.826.0.1.3680043.8.498.13367691581890020433564928882602648123,PHILIPS,Ingenia,3.0,5,192,0.153349202,False,False,640.0,cyrillic,False,cyrillic|PHILIPS
1.2.826.0.1.3680043.8.498.13367740087756379568826046059252678700,GE,SIGNA Explorer,1.5,5,126,0.058000258,False,False,512.0,tr,False,tr|GE
1.2.826.0.1.3680043.8.498.13368881691140330168876825436602977388,GE,Optima MR430s 1.5T,1.5,5,140,0.07358438,False,False,512.0,en,False,en|GE
1.2.826.0.1.3680043.8.498.13369443704765101449274062863864122737,CANON/TOSHIBA,Vantage,,5,118,0.075469472,True,False,512.0,en,False,en|CANON/TOSHIBA
1.2.826.0.1.3680043.8.498.13371001997511542011416510364359588752,PHILIPS,Ingenia,1.5,6,111,0.055773322,False,False,520.0,es,False,es|PHILIPS
1.2.826.0.1.3680043.8.498.13377426362348493372112241208607685717,CANON/TOSHIBA,Titan,1.5,7,176,0.144436584,False,False,640.0,en,False,en|CANON/TOSHIBA
1.2.826.0.1.3680043.8.498.13380735447520796902327272696579348141,SIEMENS,MAGNETOM Lumina,3.0,5,174,0.060483668,False,False,416.0,es,False,es|SIEMENS
1.2.826.0.1.3680043.8.498.13383972749798909973472489456126521194,SIEMENS,Skyra,3.0,5,162,0.039359994,False,False,320.0,es,False,es|SIEMENS
1.2.826.0.1.3680043.8.498.13390551515761269433524925969561757962,GE,SIGNA Architect,3.0,7,402,0.441015282,False,True,1024.0,tr,False,tr|GE
1.2.826.0.1.3680043.8.498.13391735462825209934041441767886593395,SIEMENS,MAGNETOM Skyra,3.0,4,108,0.022271572,False,False,320.0,en,False,en|SIEMENS
1.2.826.0.1.3680043.8.498.13393268272072264469105890769640363680,PHILIPS,Achieva dStream,3.0,10,541,0.266969976,False,True,576.0,en,False,en|PHILIPS
1.2.826.0.1.3680043.8.498.13399254446600380420635633478666850540,CANON/TOSHIBA,Vantage,,5,120,0.07921556,True,False,512.0,en,False,en|CANON/TOSHIBA
1.2.826.0.1.3680043.8.498.13400273795954308944359576841942016981,PHILIPS,Achieva dStream,3.0,9,306,0.235035968,False,False,640.0,en,False,en|PHILIPS
1.2.826.0.1.3680043.8.498.13405120554981098042415743645998258385,PHILIPS,Ingenia Ambition X,1.5,9,283,0.18000642,False,False,528.0,en,False,en|PHILIPS
1.2.826.0.1.3680043.8.498.13430522388784978790587514142693914965,SIEMENS,MAGNETOM Vida,3.0,6,191,0.053296018,False,False,384.0,hr/bs/sr,False,hr/bs/sr|SIEMENS
1.2.826.0.1.3680043.8.498.13440909104569690641314836192184434461,SIEMENS,MAGNETOM Prisma,3.0,4,116,0.064162022,False,False,400.0,greek,False,greek|SIEMENS
1.2.826.0.1.3680043.8.498.13455212888114594010716499984611216646,PHILIPS,Ingenia,3.0,4,118,0.058361392,False,False,512.0,en,False,en|PHILIPS
1.2.826.0.1.3680043.8.498.13459473184684263663596121399737033933,PHILIPS,Ingenia,3.0,6,164,0.128151828,False,False,656.0,cyrillic,False,cyrillic|PHILIPS
1.2.826.0.1.3680043.8.498.13460078631594032326006554321483799928,PHILIPS,MR 5300,1.5,5,102,0.05309987,False,False,480.0,unknown,False,unknown|PHILIPS
1.2.826.0.1.3680043.8.498.13460268079835549295338279322112693785,GE,SIGNA EXCITE,1.5,7,183,0.096195584,False,False,512.0,en,False,en|GE
1.2.826.0.1.3680043.8.498.13461073016327661159616957998589287085,PHILIPS,Ingenia,1.5,5,156,0.08196203,False,False,512.0,hr/bs/sr,False,hr/bs/sr|PHILIPS
1.2.826.0.1.3680043.8.498.13463672277039459152171414002273376185,GE,SIGNA Artist,1.5,5,176,0.092543406,False,False,512.0,en,False,en|GE
1.2.826.0.1.3680043.8.498.13505671694940677161128783863912245059,PHILIPS,Ingenia,3.0,5,165,0.086758636,False,False,512.0,en,False,en|PHILIPS
1.2.826.0.1.3680043.8.498.13575953449958751965232580597585303226,PHILIPS,Ingenia,1.5,7,144,0.133547032,False,False,672.0,es,False,es|PHILIPS
1.2.826.0.1.3680043.8.498.13597463452741791628023738080583139636,PHILIPS,Achieva dStream,3.0,9,273,0.219336882,False,False,640.0,en,False,en|PHILIPS
1.2.826.0.1.3680043.8.498.13616982533395291590655841043722813973,PHILIPS,Ingenia,3.0,5,154,0.122071514,False,False,640.0,cyrillic,False,cyrillic|PHILIPS
1.2.826.0.1.3680043.8.498.13660439785395658826946769630921591235,SIEMENS,Aera,1.5,5,154,0.027192676,False,False,320.0,tr,False,tr|SIEMENS
1.2.826.0.1.3680043.8.498.13695989890112408005495264068064110179,GE,Optima MR450w,1.5,5,166,0.136246764,False,False,640.0,en,False,en|GE
1.2.826.0.1.3680043.8.498.13737588520456064856233576393747389054,GE,Optima MR450w,1.5,5,167,0.137050796,False,False,640.0,en,False,en|GE
1.2.826.0.1.3680043.8.498.13762716088334302039143651507177887969,PHILIPS,Achieva dStream,1.5,5,104,0.047365538,False,False,480.0,es,False,es|PHILIPS
1.2.826.0.1.3680043.8.498.13829111847660458141056077151781118782,SIEMENS,MAGNETOM Avanto fit,1.5,5,284,0.436826166,False,True,800.0,de,False,de|SIEMENS
1.2.826.0.1.3680043.8.498.13843368750899904654034226115826130084,PHILIPS,Ingenia,3.0,5,154,0.077288574,False,False,512.0,en,False,en|PHILIPS
1.2.826.0.1.3680043.8.498.13879163301346984697246311226647565712,PHILIPS,Achieva dStream,1.5,5,583,0.45847305,False,True,560.0,en,False,en|PHILIPS
1.2.826.0.1.3680043.8.498.13915367834258386094001181500560177470,SIEMENS,MAGNETOM Sempra,1.5,5,174,0.042981818,False,False,320.0,es,False,es|SIEMENS
1.2.826.0.1.3680043.8.498.13958765761660666865188384031150827763,SIEMENS,MAGNETOM Vida,3.0,6,191,0.053303016,False,False,384.0,hr/bs/sr,False,hr/bs/sr|SIEMENS
1.2.826.0.1.3680043.8.498.13972325309264527611989585341636140156,GE,Signa HDxt,1.5,6,221,0.041870432,False,False,256.0,en,False,en|GE
1.2.826.0.1.3680043.8.498.13975027824128345697756313869165838055,PHILIPS,Ingenia,3.0,4,126,0.066252228,False,False,512.0,en,False,en|PHILIPS
1.2.826.0.1.3680043.8.498.14024129019390041106306062001538710978,PHILIPS,Ingenia,1.5,6,183,0.103991842,False,False,512.0,hr/bs/sr,False,hr/bs/sr|PHILIPS
1.2.826.0.1.3680043.8.498.14032903253348079919799627243690484791,SIEMENS,MAGNETOM Vida,3.0,6,191,0.053302864,False,False,384.0,hr/bs/sr,False,hr/bs/sr|SIEMENS
1.2.826.0.1.3680043.8.498.14061227335828384505403558788548348446,SIEMENS,MAGNETOM Aera,1.5,4,131,0.036125598,False,False,384.0,fr,False,fr|SIEMENS
1.2.826.0.1.3680043.8.498.14066537811671722419109228137841995847,PHILIPS,Ingenia,3.0,6,182,0.139271578,False,False,640.0,cyrillic,False,cyrillic|PHILIPS
1.2.826.0.1.3680043.8.498.14117402902169664329719927863268363596,GE,Signa HDxt,1.5,5,176,0.03512199,False,False,256.0,en,False,en|GE
1.2.826.0.1.3680043.8.498.14137431039800236510749401303688858447,PHILIPS,Ingenia,1.5,9,207,0.150122406,False,False,640.0,es,False,es|PHILIPS
1.2.826.0.1.3680043.8.498.14188540532926067083914263496492255704,SIEMENS,Aera,1.5,5,152,0.026853972,False,False,320.0,tr,False,tr|SIEMENS
1.2.826.0.1.3680043.8.498.14218113768651197803980865495163189825,SIEMENS,Aera,1.5,5,154,0.027192192,False,False,320.0,tr,False,tr|SIEMENS
1.2.826.0.1.3680043.8.498.14229598279617168024212382336641104878,SIEMENS,Skyra,3.0,5,174,0.08415508,False,False,384.0,es,False,es|SIEMENS
1.2.826.0.1.3680043.8.498.14236519693915284584208989450687591759,GE,Optima MR450w,1.5,5,197,0.16167205,False,False,640.0,en,False,en|GE
1.2.826.0.1.3680043.8.498.14300107110014472682373589824643789093,PHILIPS,Ingenia,3.0,5,153,0.12322899,False,False,640.0,cyrillic,False,cyrillic|PHILIPS
1.2.826.0.1.3680043.8.498.14325424371811230497993759959862738838,SIEMENS,MAGNETOM Vida,3.0,5,166,0.153066016,False,False,640.0,nl,False,nl|SIEMENS
1.2.826.0.1.3680043.8.498.14347036698014475959973071477777915575,GE,SIGNA Explorer,1.5,8,339,0.293052158,False,True,1024.0,tr,False,tr|GE
1.2.826.0.1.3680043.8.498.14377917653321813299237274871837695586,PHILIPS,Ingenia Ambition X,1.5,9,289,0.184284936,False,False,528.0,en,False,en|PHILIPS
1.2.826.0.1.3680043.8.498.14400292895187181989838122627394761532,SIEMENS,Skyra,3.0,5,158,0.041581922,False,False,320.0,es,False,es|SIEMENS
1.2.826.0.1.3680043.8.498.14453847272947043746856632410254555895,GE,Optima MR450w,1.5,5,154,0.126382618,False,False,640.0,en,False,en|GE
1.2.826.0.1.3680043.8.498.14472261871417480346162193127520918127,PHILIPS,Ingenia Ambition X,1.5,8,278,0.31010378,False,False,768.0,en,False,en|PHILIPS
1.2.826.0.1.3680043.8.498.14477978091360159774052709992034078166,SIEMENS,MAGNETOM Avanto fit,1.5,6,310,0.481920028,False,True,848.0,de,False,de|SIEMENS
1.2.826.0.1.3680043.8.498.14479913217228604289584726096114526268,SIEMENS,SonataVision,1.5,5,104,0.037695518,False,False,384.0,greek,False,greek|SIEMENS
1.2.826.0.1.3680043.8.498.14490539215064287912254286565666891557,SIEMENS,SonataVision,1.5,5,95,0.042339992,False,False,384.0,greek,False,greek|SIEMENS
1.2.826.0.1.3680043.8.498.14495028403937132710814780922642512791,PHILIPS,Ingenia,3.0,6,165,0.125605602,False,False,640.0,cyrillic,False,cyrillic|PHILIPS
1.2.826.0.1.3680043.8.498.14511862461248267537051973802039959211,GE,Optima MR450w,1.5,5,152,0.124755706,False,False,640.0,en,False,en|GE
1.2.826.0.1.3680043.8.498.14558486491688263090686005096911018438,PHILIPS,Ingenia,3.0,4,138,0.072561238,False,False,512.0,en,False,en|PHILIPS
1.2.826.0.1.3680043.8.498.14679140388328648617386311272361396555,GE,SIGNA Artist,1.5,4,144,0.12918955,False,False,512.0,en,False,en|GE
1.2.826.0.1.3680043.8.498.14728068688166107022558957899468489735,SIEMENS,SonataVision,1.5,5,105,0.040980438,False,False,384.0,greek,False,greek|SIEMENS
1.2.826.0.1.3680043.8.498.14744714658078107007743063095375646143,PHILIPS,Ingenia,3.0,5,160,0.12601722,False,False,640.0,cyrillic,False,cyrillic|PHILIPS
1.2.826.0.1.3680043.8.498.14770617961376953596780345652892307570,SIEMENS,MAGNETOM Aera,1.5,4,141,0.038816134,False,False,384.0,fr,False,fr|SIEMENS
1.2.826.0.1.3680043.8.498.14776241668061173271058268311868302014,GE,SIGNA Explorer,1.5,5,150,0.069440676,False,False,512.0,tr,False,tr|GE
1.2.826.0.1.3680043.8.498.14806659119591146961784818305031900863,SIEMENS,MAGNETOM Vida,3.0,6,191,0.053303358,False,False,384.0,hr/bs/sr,False,hr/bs/sr|SIEMENS
1.2.826.0.1.3680043.8.498.14845527334849156639306067473358712770,GE,SIGNA Artist,1.5,5,193,0.227305232,False,False,512.0,es,False,es|GE
1.2.826.0.1.3680043.8.498.14850534390650184292244380816212794996,SIEMENS,MAGNETOM Avanto fit,1.5,5,277,0.421268676,False,True,800.0,de,False,de|SIEMENS
1.2.826.0.1.3680043.8.498.14958560978176121375035839707004667832,GE,SIGNA Artist,1.5,5,183,0.214181552,False,False,512.0,es,False,es|GE
1.2.826.0.1.3680043.8.498.14959561028578335448289993045623217861,CANON/TOSHIBA,Vantage,,5,135,0.087096158,True,False,512.0,en,False,en|CANON/TOSHIBA
1.2.826.0.1.3680043.8.498.14959732862523218997149041503831001633,PHILIPS,Ingenia,1.5,6,170,0.09960931,False,False,528.0,hr/bs/sr,False,hr/bs/sr|PHILIPS
1.2.826.0.1.3680043.8.498.14963472809950919852176661973255059069,GE,Optima MR430s 1.5T,1.5,5,146,0.076738054,False,False,512.0,en,False,en|GE
1.2.826.0.1.3680043.8.498.15024602758408626305833210011882949904,SIEMENS,Espree,1.5,5,130,0.018988164,False,False,256.0,en,False,en|SIEMENS
1.2.826.0.1.3680043.8.498.15025957400098336605043184930980421418,GE,SIGNA EXCITE,1.5,8,206,0.108284226,False,False,512.0,tr,False,tr|GE
1.2.826.0.1.3680043.8.498.15065556607080211420503043544482923211,SIEMENS,SonataVision,1.5,5,97,0.042935338,False,False,384.0,greek,False,greek|SIEMENS
1.2.826.0.1.3680043.8.498.15090991392324602559982474708414427621,PHILIPS,Ingenia,1.5,5,105,0.097448434,False,False,560.0,es,False,es|PHILIPS
1.2.826.0.1.3680043.8.498.15103255966832759925770334719703425755,SIEMENS,MAGNETOM Prisma,3.0,5,178,0.145014746,False,False,384.0,greek,False,greek|SIEMENS
1.2.826.0.1.3680043.8.498.15133818248365103660456294775831248835,SIEMENS,MAGNETOM Vida,3.0,5,166,0.153065982,False,False,640.0,nl,False,nl|SIEMENS
1.2.826.0.1.3680043.8.498.15219410096632334470101257478715035071,SIEMENS,SonataVision,1.5,5,101,0.042393196,False,False,384.0,greek,False,greek|SIEMENS
1.2.826.0.1.3680043.8.498.15219824433491621460467738389345697247,SIEMENS,Skyra,3.0,6,216,0.062557162,False,False,352.0,es,False,es|SIEMENS
1.2.826.0.1.3680043.8.498.15297444019822621504849851092382560980,SIEMENS,MAGNETOM Aera,1.5,5,179,0.049988962,False,False,384.0,tr,False,tr|SIEMENS
1.2.826.0.1.3680043.8.498.15326951535563258414956521742264374802,SIEMENS,MAGNETOM Prisma,3.0,4,136,0.116663124,False,False,588.0,greek,False,greek|SIEMENS
1.2.826.0.1.3680043.8.498.15337067581747365729183643142512558411,SIEMENS,MAGNETOM Vida,3.0,5,166,0.153065432,False,False,640.0,nl,False,nl|SIEMENS
1.2.826.0.1.3680043.8.498.15360150088598749206650025637914821738,SIEMENS,MAGNETOM Vida,3.0,5,166,0.044612782,False,False,384.0,hr/bs/sr,False,hr/bs/sr|SIEMENS
1.2.826.0.1.3680043.8.498.15376535778246978844757121776560020722,PHILIPS,Ingenia Ambition X,1.5,8,246,0.157129266,False,False,520.0,en,False,en|PHILIPS
1.2.826.0.1.3680043.8.498.15399233309269178192583032682669258885,PHILIPS,Ingenia,3.0,5,150,0.120113656,False,False,640.0,cyrillic,False,cyrillic|PHILIPS
1.2.826.0.1.3680043.8.498.15428051518761311558410606976607852351,CANON/TOSHIBA,Galan 3T,3.0,7,210,0.235963544,False,False,768.0,en,False,en|CANON/TOSHIBA
1.2.826.0.1.3680043.8.498.15444316810805746453392291780593934328,CANON/TOSHIBA,Vantage,,5,103,0.046764578,True,False,324.0,en,False,en|CANON/TOSHIBA
1.2.826.0.1.3680043.8.498.15468179600399954478612037548577772269,SIEMENS,SonataVision,1.5,6,115,0.058068838,False,False,448.0,greek,False,greek|SIEMENS
1.2.826.0.1.3680043.8.498.15486463042236628073590077209793828847,SIEMENS,MAGNETOM Vida,3.0,7,223,0.061895388,False,False,384.0,hr/bs/sr,False,hr/bs/sr|SIEMENS
1.2.826.0.1.3680043.8.498.15522600887743817464976568872439594397,GE,Signa HDxt,1.5,5,143,0.075180034,False,False,512.0,en,False,en|GE
1.2.826.0.1.3680043.8.498.15539098084847502447238233198010208924,SIEMENS,MAGNETOM Avanto fit,1.5,6,302,0.437583096,False,True,720.0,de,False,de|SIEMENS
1.2.826.0.1.3680043.8.498.15593638897292057356864060466120253309,GE,SIGNA Artist,1.5,5,189,0.222054172,False,False,512.0,es,True,es|GE
1.2.826.0.1.3680043.8.498.15595595490910196952568459534537629865,PHILIPS,Ingenia,3.0,5,154,0.122075052,False,False,640.0,cyrillic,False,cyrillic|PHILIPS
1.2.826.0.1.3680043.8.498.15599161312748548709240395406977042093,GE,Optima MR450w,1.5,5,168,0.137888646,False,False,640.0,en,False,en|GE
1.2.826.0.1.3680043.8.498.15630146025588580188363070220779173742,SIEMENS,Aera,1.5,5,155,0.031969922,False,False,320.0,tr,False,tr|SIEMENS
1.2.826.0.1.3680043.8.498.15709232000390534671340322807442769184,GE,SIGNA Artist,1.5,4,148,0.134441462,False,False,512.0,en,False,en|GE
1.2.826.0.1.3680043.8.498.15744573360087157139672078937679122840,CANON/TOSHIBA,Titan,1.5,8,294,0.204410266,False,True,640.0,en,False,en|CANON/TOSHIBA
1.2.826.0.1.3680043.8.498.15851463019383290210760064201595021029,SIEMENS,MAGNETOM Skyra,3.0,4,231,0.033363592,False,True,352.0,en,False,en|SIEMENS
1.2.826.0.1.3680043.8.498.15863325224755490561125835019647303556,PHILIPS,MR 5300,1.5,6,110,0.051824514,False,False,440.0,unknown,False,unknown|PHILIPS
1.2.826.0.1.3680043.8.498.15969838281154273030237391394632849764,SIEMENS,MAGNETOM Avanto fit,1.5,5,262,0.40272231,False,True,800.0,de,False,de|SIEMENS
1.2.826.0.1.3680043.8.498.16046164723877343553376490423345098256,SIEMENS,MAGNETOM Prisma,3.0,4,142,0.138080446,False,False,592.0,greek,False,greek|SIEMENS
1.2.826.0.1.3680043.8.498.16051798246004436152597344963060310360,GE,SIGNA Explorer,1.5,5,131,0.059056148,False,False,512.0,tr,False,tr|GE
1.2.826.0.1.3680043.8.498.16060119389060497136231217718921482192,CANON/TOSHIBA,Galan 3T,3.0,7,239,0.30845861,False,False,768.0,en,True,en|CANON/TOSHIBA
1.2.826.0.1.3680043.8.498.16101435445990180482665354366724730305,SIEMENS,MAGNETOM Avanto fit,1.5,5,301,0.461464314,False,True,800.0,de,False,de|SIEMENS
1.2.826.0.1.3680043.8.498.16158812105029662172517682642229718094,PHILIPS,Achieva dStream,1.5,5,579,0.4563707,False,True,560.0,en,False,en|PHILIPS
1.2.826.0.1.3680043.8.498.16164261456077269604929662134371603081,SIEMENS,Aera,1.5,8,223,0.13686035,False,False,640.0,en,False,en|SIEMENS
1.2.826.0.1.3680043.8.498.16189833935983604051983090678102023832,GE,SIGNA Explorer,1.5,5,121,0.04475174,False,False,512.0,tr,False,tr|GE
1.2.826.0.1.3680043.8.498.16200518336931321995379999168737787921,GE,SIGNA Artist,1.5,4,143,0.127094394,False,False,512.0,en,False,en|GE
1.2.826.0.1.3680043.8.498.16225091905018667993201414191711776943,GE,SIGNA EXCITE,1.5,8,240,0.126156414,False,False,512.0,en,False,en|GE
1.2.826.0.1.3680043.8.498.16258190393569006141285550986533848849,PHILIPS,Achieva dStream,1.5,6,170,0.094453834,False,False,480.0,tr,False,tr|PHILIPS
1.2.826.0.1.3680043.8.498.16318078762749420171833135145622117452,SIEMENS,Skyra,3.0,5,154,0.04086391,False,False,320.0,es,False,es|SIEMENS
1.2.826.0.1.3680043.8.498.16338296537380784459604897543069625390,GE,SIGNA Artist,1.5,5,177,0.20788063,False,False,512.0,es,False,es|GE
1.2.826.0.1.3680043.8.498.16364873390453802195568603605191835957,SIEMENS,MAGNETOM Skyra,3.0,4,232,0.033749776,False,True,352.0,en,False,en|SIEMENS
1.2.826.0.1.3680043.8.498.16370303687278282143772106415664171358,PHILIPS,Achieva dStream,1.5,6,169,0.087266844,False,False,464.0,tr,False,tr|PHILIPS
1.2.826.0.1.3680043.8.498.16397020531009156965821242117417547331,PHILIPS,Ingenia,3.0,4,110,0.071162536,False,False,512.0,en,False,en|PHILIPS
1.2.826.0.1.3680043.8.498.16469256144078887607437578587242258846,SIEMENS,Aera,1.5,5,167,0.029578294,False,False,320.0,tr,False,tr|SIEMENS
1.2.826.0.1.3680043.8.498.16483470188406187000599644150600279596,SIEMENS,MAGNETOM Vida,3.0,5,166,0.153065872,False,False,640.0,nl,False,nl|SIEMENS
1.2.826.0.1.3680043.8.498.16527747624688737126118546487228060848,GE,SIGNA Architect,3.0,7,406,0.436835152,False,True,1024.0,tr,False,tr|GE
1.2.826.0.1.3680043.8.498.16534078612126477228267765508485297367,PHILIPS,Ingenia Ambition X,1.5,9,274,0.174733892,False,False,528.0,en,False,en|PHILIPS
1.2.826.0.1.3680043.8.498.16538738179840493095338324009830673843,PHILIPS,Ingenia,3.0,4,116,0.060994186,False,False,512.0,en,False,en|PHILIPS
1.2.826.0.1.3680043.8.498.16550793987525699514242241133391355835,PHILIPS,Ingenia,1.5,5,155,0.090402198,False,False,528.0,hr/bs/sr,False,hr/bs/sr|PHILIPS
1.2.826.0.1.3680043.8.498.16581426215518472805200227992550139190,SIEMENS,Aera,1.5,5,172,0.041591144,False,False,320.0,en,False,en|SIEMENS
1.2.826.0.1.3680043.8.498.16589468854653713035210251187012168350,PHILIPS,Achieva dStream,1.5,5,577,0.45531885,False,True,560.0,en,False,en|PHILIPS
1.2.826.0.1.3680043.8.498.16657553974040122719239506008948241297,PHILIPS,Intera,1.5,10,320,0.34816982,False,False,800.0,en,False,en|PHILIPS
1.2.826.0.1.3680043.8.498.16666020201961191623151386398626511849,PHILIPS,Ingenia,3.0,6,161,0.123651278,False,False,640.0,cyrillic,False,cyrillic|PHILIPS
1.2.826.0.1.3680043.8.498.16674237773422474998796191258459643061,PHILIPS,Ingenia,3.0,4,110,0.071164108,False,False,512.0,en,False,en|PHILIPS
1.2.826.0.1.3680043.8.498.16691383858003633107641297162554868325,SIEMENS,MAGNETOM Skyra,3.0,4,221,0.030940918,False,True,352.0,en,False,en|SIEMENS
1.2.826.0.1.3680043.8.498.16709565360569239280032743619008187278,PHILIPS,Ingenia,3.0,5,157,0.079473874,False,False,512.0,en,False,en|PHILIPS
1.2.826.0.1.3680043.8.498.16709696133689803501344038926512501779,CANON/TOSHIBA,Titan,1.5,5,125,0.060612992,False,False,512.0,en,False,en|CANON/TOSHIBA
1.2.826.0.1.3680043.8.498.16718788321951483456195507236392554704,SIEMENS,MAGNETOM Sola,1.5,5,172,0.182572276,False,False,760.0,nl,False,nl|SIEMENS
1.2.826.0.1.3680043.8.498.16724013341359693140331158148551346369,SIEMENS,MAGNETOM Avanto fit,1.5,5,260,0.399034098,False,True,800.0,de,False,de|SIEMENS
1.2.826.0.1.3680043.8.498.16774450022563283092653506225603012645,SIEMENS,MAGNETOM Prisma,3.0,5,152,0.122019126,False,False,416.0,greek,False,greek|SIEMENS
1.2.826.0.1.3680043.8.498.16812524557513419866531695739014681414,GE,SIGNA Artist,1.5,5,183,0.214180954,False,False,512.0,es,False,es|GE
1.2.826.0.1.3680043.8.498.16843381581429596234606436682284624187,PHILIPS,Ingenia,3.0,4,130,0.068355514,False,False,512.0,en,False,en|PHILIPS
1.2.826.0.1.3680043.8.498.16845451648760595922758166878121325861,PHILIPS,MR 5300,1.5,5,99,0.058613412,False,False,528.0,es,False,es|PHILIPS
1.2.826.0.1.3680043.8.498.16862596867845295946732698348903803700,SIEMENS,SonataVision,1.5,5,99,0.043528062,False,False,384.0,greek,False,greek|SIEMENS
1.2.826.0.1.3680043.8.498.16864649493021092944977766326505053153,CANON/TOSHIBA,Titan,1.5,7,240,0.19695827,False,False,640.0,en,False,en|CANON/TOSHIBA
1.2.826.0.1.3680043.8.498.16886658450293145802897654768506439494,CANON/TOSHIBA,Vantage,,5,134,0.08859207,True,False,512.0,en,False,en|CANON/TOSHIBA
1.2.826.0.1.3680043.8.498.17049315826418217889213226790962592213,PHILIPS,Ingenia,3.0,4,130,0.068355934,False,False,512.0,en,False,en|PHILIPS
1.2.826.0.1.3680043.8.498.17056997047488992455301411194938263817,PHILIPS,Ingenia Ambition X,1.5,10,302,0.166009662,False,True,520.0,en,False,en|PHILIPS
1.2.826.0.1.3680043.8.498.17070139245390396445395414066427036835,SIEMENS,SonataVision,1.5,5,99,0.044576348,False,False,384.0,greek,False,greek|SIEMENS
1.2.826.0.1.3680043.8.498.17074746747536999918446136673966046653,SIEMENS,Aera,1.5,5,127,0.026193932,False,False,320.0,tr,False,tr|SIEMENS
1.2.826.0.1.3680043.8.498.17092147498062993594620309531155267119,CANON/TOSHIBA,Galan 3T,3.0,7,210,0.232557244,False,False,768.0,en,False,en|CANON/TOSHIBA
1.2.826.0.1.3680043.8.498.17093025979426350838724553020541643719,PHILIPS,Ingenia Ambition X,1.5,9,304,0.178154288,False,False,512.0,en,False,en|PHILIPS
1.2.826.0.1.3680043.8.498.17107696939614797679012793547913769707,SIEMENS,MAGNETOM Vida,3.0,6,191,0.053302734,False,False,384.0,hr/bs/sr,False,hr/bs/sr|SIEMENS
1.2.826.0.1.3680043.8.498.17123244662958741977525806700986256210,PHILIPS,Ingenia,3.0,5,144,0.089038688,False,False,512.0,en,False,en|PHILIPS
1.2.826.0.1.3680043.8.498.17146868851921828837871671912815843012,PHILIPS,Ingenia,3.0,4,122,0.075944368,False,False,568.0,en,False,en|PHILIPS
1.2.826.0.1.3680043.8.498.17160610480070701553118850947260201608,PHILIPS,Ingenia,1.5,5,94,0.072157234,False,False,576.0,es,False,es|PHILIPS
1.2.826.0.1.3680043.8.498.17241550277273207658303011467222594165,SIEMENS,Aera,1.5,7,247,0.15132124,False,False,640.0,en,False,en|SIEMENS
1.2.826.0.1.3680043.8.498.17265093113586420061761042467476063876,GE,SIGNA Explorer,1.5,5,108,0.056790702,False,False,512.0,tr,False,tr|GE
1.2.826.0.1.3680043.8.498.17274490471295558668613733667390457509,SIEMENS,SonataVision,1.5,5,103,0.047860556,False,False,384.0,greek,False,greek|SIEMENS
1.2.826.0.1.3680043.8.498.17336223563862025807066700226971845206,GE,Signa HDxt,1.5,5,156,0.06313498,False,False,512.0,en,False,en|GE
1.2.826.0.1.3680043.8.498.17389120886685633448235711042721669823,GE,Signa HDxt,1.5,5,168,0.034063688,False,False,256.0,en,False,en|GE
1.2.826.0.1.3680043.8.498.17415936504684075438800895036740822145,GE,SIGNA Artist,1.5,5,204,0.24095368,False,False,512.0,es,False,es|GE
1.2.826.0.1.3680043.8.498.17420673628956367425739018933968443620,SIEMENS,MAGNETOM Avanto fit,1.5,5,259,0.391622598,False,True,800.0,de,False,de|SIEMENS
1.2.826.0.1.3680043.8.498.17427902052389033416295416299697276519,SIEMENS,MAGNETOM Prisma,3.0,4,147,0.143024416,False,False,592.0,greek,False,greek|SIEMENS
1.2.826.0.1.3680043.8.498.17517950899674150719043097786728121608,PHILIPS,Ingenia,1.5,5,102,0.091402322,False,False,480.0,es,False,es|PHILIPS
1.2.826.0.1.3680043.8.498.17547781127981007962008163248942714330,GE,Optima MR450w,1.5,5,172,0.033808584,False,False,256.0,en,False,en|GE
1.2.826.0.1.3680043.8.498.17596657287050550465463272509976106854,SIEMENS,MAGNETOM Avanto fit,1.5,5,288,0.4401083,False,True,800.0,de,False,de|SIEMENS
1.2.826.0.1.3680043.8.498.17618734998753079190687719289815512319,SIEMENS,Skyra,3.0,5,158,0.04158206,False,False,320.0,es,False,es|SIEMENS
1.2.826.0.1.3680043.8.498.17662880041629379035049367252086125592,SIEMENS,SonataVision,1.5,5,105,0.040975428,False,False,384.0,greek,False,greek|SIEMENS
1.2.826.0.1.3680043.8.498.17663005209256897892831319144686413853,SIEMENS,SonataVision,1.5,5,98,0.04375549,False,False,384.0,greek,False,greek|SIEMENS
1.2.826.0.1.3680043.8.498.17691941055331862184525411493110144433,GE,SIGNA Artist,1.5,5,197,0.232552464,False,False,512.0,es,False,es|GE
1.2.826.0.1.3680043.8.498.17741907690913585163443565102293192244,SIEMENS,MAGNETOM Vida,3.0,6,197,0.05499138,False,False,384.0,hr/bs/sr,False,hr/bs/sr|SIEMENS
1.2.826.0.1.3680043.8.498.17768582402712001917772688462080201650,GE,SIGNA EXCITE,1.5,7,197,0.103554524,False,False,512.0,en,False,en|GE
1.2.826.0.1.3680043.8.498.17769942698581399165275319502954100325,PHILIPS,Ingenia,3.0,4,118,0.05835962,False,False,512.0,en,False,en|PHILIPS
1.2.826.0.1.3680043.8.498.17813878802252660525798053577039470087,CANON/TOSHIBA,Vantage,,5,141,0.093018854,True,False,576.0,en,False,en|CANON/TOSHIBA
1.2.826.0.1.3680043.8.498.17836815413824722543229791044312174885,PHILIPS,Ingenia,3.0,6,132,0.170106694,False,False,736.0,es,False,es|PHILIPS
1.2.826.0.1.3680043.8.498.17844546765907321649997094867791102711,GE,SIGNA Architect,3.0,9,572,0.57756149,False,True,1024.0,tr,True,tr|GE
1.2.826.0.1.3680043.8.498.17856297841306582866782295284505406916,GE,SIGNA Artist,1.5,6,187,0.098317392,False,False,512.0,en,False,en|GE
1.2.826.0.1.3680043.8.498.17865613300681542407687000381594067366,GE,SIGNA Artist,1.5,5,189,0.225202368,False,False,512.0,es,False,es|GE
1.2.826.0.1.3680043.8.498.17909590711893200514107254988453660857,SIEMENS,MAGNETOM Altea,1.5,8,192,0.062463138,False,False,378.0,hr/bs/sr,False,hr/bs/sr|SIEMENS
1.2.826.0.1.3680043.8.498.17931021655186901394796168474942485728,PHILIPS,Ingenia,1.5,6,185,0.104725172,False,False,512.0,hr/bs/sr,False,hr/bs/sr|PHILIPS
1.2.826.0.1.3680043.8.498.17967978373588651520812399064902037467,SIEMENS,Aera,1.5,5,164,0.02888674,False,False,320.0,tr,False,tr|SIEMENS
1.2.826.0.1.3680043.8.498.17985756708438762670829959560049370730,GE,SIGNA Explorer,1.5,5,133,0.069938088,False,False,512.0,tr,False,tr|GE
1.2.826.0.1.3680043.8.498.18080511167840608448833484000937072258,CANON/TOSHIBA,Vantage,,5,126,0.082368026,True,False,512.0,en,False,en|CANON/TOSHIBA
1.2.826.0.1.3680043.8.498.18090147030578547920423840630147682826,SIEMENS,Skyra,3.0,5,154,0.076491298,False,False,384.0,es,False,es|SIEMENS
1.2.826.0.1.3680043.8.498.18092766733837308394607532608319746043,SIEMENS,Aera,1.5,5,176,0.042601814,False,False,320.0,en,False,en|SIEMENS
1.2.826.0.1.3680043.8.498.18113123512696698441392990570166201548,SIEMENS,Aera,1.5,5,144,0.02549788,False,False,320.0,tr,False,tr|SIEMENS
1.2.826.0.1.3680043.8.498.18114567737638963627123562895002602285,SIEMENS,MAGNETOM Lumina,3.0,5,182,0.063263966,False,False,416.0,es,False,es|SIEMENS
1.2.826.0.1.3680043.8.498.18175450083338316799857698898702333009,SIEMENS,MAGNETOM Avanto fit,1.5,5,268,0.40649185,False,True,800.0,de,False,de|SIEMENS
1.2.826.0.1.3680043.8.498.18176586296602067352845573876750324761,SIEMENS,Aera,1.5,5,144,0.02549906,False,False,320.0,tr,False,tr|SIEMENS
1.2.826.0.1.3680043.8.498.18199465156572252531439880765733639584,SIEMENS,Aera,1.5,6,177,0.04142009,False,False,320.0,hr/bs/sr,False,hr/bs/sr|SIEMENS
1.2.826.0.1.3680043.8.498.18230847745299902998425838090653825745,GE,Optima MR450w,1.5,5,154,0.08096577,False,False,512.0,en,False,en|GE
1.2.826.0.1.3680043.8.498.18245500498843512203508664874652003124,GE,SIGNA Explorer,1.5,6,163,0.085711432,False,False,512.0,tr,False,tr|GE
1.2.826.0.1.3680043.8.498.18315708641533862849721595991941979080,CANON/TOSHIBA,Vantage,,5,130,0.084468996,True,False,512.0,en,False,en|CANON/TOSHIBA
1.2.826.0.1.3680043.8.498.18344563362014614046776037921812502569,SIEMENS,MAGNETOM Vida,3.0,6,191,0.053295956,False,False,384.0,hr/bs/sr,False,hr/bs/sr|SIEMENS
1.2.826.0.1.3680043.8.498.18350185433331570523543207086298834067,PHILIPS,Ingenia,3.0,6,182,0.153342206,False,False,672.0,cyrillic,False,cyrillic|PHILIPS
1.2.826.0.1.3680043.8.498.18389676218363070462526838642303976332,SIEMENS,MAGNETOM Aera,1.5,4,153,0.042102072,False,False,384.0,fr,False,fr|SIEMENS
1.2.826.0.1.3680043.8.498.18392509497170616983977319528036573378,SIEMENS,Aera,1.5,5,144,0.025497138,False,False,320.0,tr,True,tr|SIEMENS
1.2.826.0.1.3680043.8.498.18403627643718880914843209837672242908,GE,SIGNA Architect,3.0,9,576,0.585955936,False,True,1024.0,tr,False,tr|GE
1.2.826.0.1.3680043.8.498.18509793799833391995987656714798904411,SIEMENS,MAGNETOM Avanto fit,1.5,5,256,0.391653948,False,True,800.0,de,False,de|SIEMENS
1.2.826.0.1.3680043.8.498.18518393141873346710197645305647124682,SIEMENS,MAGNETOM Vida,3.0,4,130,0.05919427,False,False,480.0,en,False,en|SIEMENS
1.2.826.0.1.3680043.8.498.18529656610752887218162968403101035390,GE,SIGNA EXCITE,1.5,7,168,0.088309246,False,False,512.0,tr,False,tr|GE
1.2.826.0.1.3680043.8.498.18592535981451766048952107991674227570,SIEMENS,Aera,1.5,5,144,0.025498822,False,False,320.0,tr,False,tr|SIEMENS
1.2.826.0.1.3680043.8.498.18614704377104425868545800677445972261,GE,SIGNA Artist,1.5,5,178,0.0935956,False,False,512.0,en,False,en|GE
1.2.826.0.1.3680043.8.498.18625377919309205857120774497713011583,GE,Optima MR450w,,5,108,0.0567375,True,False,512.0,en,False,en|GE
1.2.826.0.1.3680043.8.498.18653838887148864162027930218548124748,SIEMENS,Aera,1.5,9,383,0.13182228,False,True,512.0,en,False,en|SIEMENS
1.2.826.0.1.3680043.8.498.18671006890719350655167441375718348829,SIEMENS,SonataVision,1.5,5,98,0.043636524,False,False,384.0,greek,False,greek|SIEMENS
1.2.826.0.1.3680043.8.498.18680059761479598675335345641208680006,GE,SIGNA EXCITE,1.5,7,182,0.095668476,False,False,512.0,en,False,en|GE
1.2.826.0.1.3680043.8.498.18695727379446620258431748063749176639,SIEMENS,MAGNETOM Avanto fit,1.5,5,304,0.462325338,False,True,800.0,de,False,de|SIEMENS
1.2.826.0.1.3680043.8.498.18721466442792788108431096912844719622,SIEMENS,Aera,1.5,8,227,0.134829898,False,False,640.0,en,False,en|SIEMENS
1.2.826.0.1.3680043.8.498.18758199166360428760124471581842191566,SIEMENS,Espree,1.5,5,137,0.024560662,False,False,320.0,en,False,en|SIEMENS
1.2.826.0.1.3680043.8.498.18792568294433896490648198192877693850,SIEMENS,Espree,1.5,7,214,0.167952226,False,False,640.0,en,False,en|SIEMENS
1.2.826.0.1.3680043.8.498.18807952338149288346040972005636698334,PHILIPS,Achieva dStream,3.0,9,273,0.20756071,False,False,640.0,en,False,en|PHILIPS
1.2.826.0.1.3680043.8.498.18825393854436144614202928260751418496,GE,SIGNA Artist,1.5,5,189,0.22205708,False,False,512.0,es,False,es|GE
1.2.826.0.1.3680043.8.498.18848481788456572234982139368351538716,SIEMENS,Aera,1.5,5,156,0.02753069,False,False,320.0,tr,False,tr|SIEMENS
1.2.826.0.1.3680043.8.498.18879049235810379709186936621085221483,PHILIPS,Ingenia,3.0,4,118,0.05835826,False,False,512.0,en,False,en|PHILIPS
1.2.826.0.1.3680043.8.498.18899625751876258520147203904985857313,GE,Optima MR450w,,5,96,0.050432906,True,False,512.0,en,False,en|GE
1.2.826.0.1.3680043.8.498.18931107448953327254073392032141677797,SIEMENS,MAGNETOM Aera,1.5,4,154,0.042489248,False,False,384.0,fr,False,fr|SIEMENS
1.2.826.0.1.3680043.8.498.18968967345606818331567480514437075646,GE,Optima MR450w,1.5,7,202,0.095990598,False,False,512.0,en,False,en|GE
1.2.826.0.1.3680043.8.498.18993960105596277135383396226525760874,CANON/TOSHIBA,Titan,1.5,8,192,0.157567064,False,False,640.0,tr,False,tr|CANON/TOSHIBA
1.2.826.0.1.3680043.8.498.19034825848229751701363461935217290295,GE,Optima MR430s 1.5T,1.5,5,144,0.075687096,False,False,512.0,en,False,en|GE
1.2.826.0.1.3680043.8.498.19104350033985745058396432133828748480,SIEMENS,SonataVision,1.5,5,94,0.03978186,False,False,384.0,greek,False,greek|SIEMENS
1.2.826.0.1.3680043.8.498.19124879088354547836118593585646705198,SIEMENS,MAGNETOM Vida,3.0,5,166,0.154319406,False,False,640.0,nl,False,nl|SIEMENS
1.2.826.0.1.3680043.8.498.19178214677492694135853596920291058397,GE,SIGNA Artist,1.5,5,194,0.102008494,False,False,512.0,en,False,en|GE
1.2.826.0.1.3680043.8.498.19183011851352129901149443549646899548,SIEMENS,MAGNETOM Avanto fit,1.5,5,320,0.491410536,False,True,800.0,de,False,de|SIEMENS
1.2.826.0.1.3680043.8.498.19194090255958016414082788444327981898,PHILIPS,Achieva dStream,3.0,9,463,0.246014582,False,True,640.0,en,False,en|PHILIPS
1.2.826.0.1.3680043.8.498.19197037365998103318720742154440921358,SIEMENS,MAGNETOM Vida,3.0,4,130,0.05919372,False,False,480.0,en,False,en|SIEMENS
1.2.826.0.1.3680043.8.498.19198152070740205434848422424805073748,SIEMENS,SonataVision,1.5,5,98,0.043755662,False,False,384.0,greek,False,greek|SIEMENS
1.2.826.0.1.3680043.8.498.19291375342005405073321673638971145777,SIEMENS,SonataVision,1.5,6,116,0.058527414,False,False,448.0,greek,False,greek|SIEMENS
1.2.826.0.1.3680043.8.498.19342628541833173544083802327412975225,PHILIPS,Achieva dStream,3.0,9,274,0.211544068,False,False,640.0,en,False,en|PHILIPS
1.2.826.0.1.3680043.8.498.19374331384306309057311171252852774841,SIEMENS,SonataVision,1.5,5,95,0.042178788,False,False,384.0,greek,False,greek|SIEMENS
1.2.826.0.1.3680043.8.498.19419878169415950073207624537163068568,CANON/TOSHIBA,Vantage,,5,128,0.083418352,True,False,512.0,en,False,en|CANON/TOSHIBA
1.2.826.0.1.3680043.8.498.19439950168933299231685815631786334293,PHILIPS,Ingenia,3.0,4,118,0.058358484,False,False,512.0,en,False,en|PHILIPS
1.2.826.0.1.3680043.8.498.19486520578867272329833751210055639515,GE,SIGNA Artist,1.5,4,136,0.121840538,False,False,512.0,en,False,en|GE
1.2.826.0.1.3680043.8.498.19489875090732464985703624680756212359,SIEMENS,Skyra,3.0,5,154,0.040651358,False,False,320.0,es,False,es|SIEMENS
1.2.826.0.1.3680043.8.498.19512754570664577075249836633718382506,PHILIPS,Ingenia,3.0,5,170,0.133243488,False,False,640.0,cyrillic,False,cyrillic|PHILIPS
1.2.826.0.1.3680043.8.498.19516545000256238042886469152307943182,SIEMENS,SonataVision,1.5,5,94,0.041522002,False,False,384.0,greek,False,greek|SIEMENS
1.2.826.0.1.3680043.8.498.19573195389434178432956976770560221462,PHILIPS,Ingenia,1.5,6,124,0.075244758,False,False,536.0,es,False,es|PHILIPS
1.2.826.0.1.3680043.8.498.19592989024994864431870593504844309885,GE,SIGNA Artist,1.5,4,140,0.123943856,False,False,512.0,en,False,en|GE
1.2.826.0.1.3680043.8.498.19601428113073026637547887698342670296,PHILIPS,Ingenia,1.5,6,114,0.066621698,False,False,536.0,es,False,es|PHILIPS
1.2.826.0.1.3680043.8.498.19624674714110931897302481276137067638,SIEMENS,SonataVision,1.5,5,96,0.042114758,False,False,384.0,greek,False,greek|SIEMENS
1.2.826.0.1.3680043.8.498.19706775737718777290660344285046025310,SIEMENS,SonataVision,1.5,5,94,0.041519516,False,False,384.0,greek,False,greek|SIEMENS
1.2.826.0.1.3680043.8.498.19722687746450343001601428638894755031,PHILIPS,Achieva,1.5,5,183,0.092154572,False,False,560.0,en,False,en|PHILIPS
1.2.826.0.1.3680043.8.498.19788612491138642031531719942303619648,PHILIPS,Achieva dStream,1.5,4,404,0.32729718,False,True,640.0,en,False,en|PHILIPS
1.2.826.0.1.3680043.8.498.19813267030974842239752491935957206955,SIEMENS,SonataVision,1.5,5,99,0.04405128,False,False,384.0,greek,False,greek|SIEMENS
1.2.826.0.1.3680043.8.498.19821498229702528191367700655079805824,PHILIPS,Ingenia,3.0,5,154,0.1220734,False,False,640.0,cyrillic,False,cyrillic|PHILIPS
1.2.826.0.1.3680043.8.498.19830663206351645385520268848711462246,SIEMENS,MAGNETOM Prisma,3.0,5,142,0.04475526,False,False,384.0,greek,False,greek|SIEMENS
1.2.826.0.1.3680043.8.498.19832308119617081676615236082965891208,SIEMENS,MAGNETOM Aera,1.5,4,141,0.03881644,False,False,384.0,fr,False,fr|SIEMENS
1.2.826.0.1.3680043.8.498.19845711038895023426012115550237130530,SIEMENS,Aera,1.5,5,156,0.027530966,False,False,320.0,tr,False,tr|SIEMENS
1.2.826.0.1.3680043.8.498.19871496221665809577186118817075295760,SIEMENS,MAGNETOM Sola,1.5,5,146,0.11073326,False,False,640.0,nl,False,nl|SIEMENS
1.2.826.0.1.3680043.8.498.19887850741193535685529812263489892001,PHILIPS,Achieva dStream,1.5,7,251,0.155063228,False,True,512.0,tr,False,tr|PHILIPS
1.2.826.0.1.3680043.8.498.19895710326297085463251295629948896948,SIEMENS,MAGNETOM Vida,3.0,5,166,0.044606834,False,False,384.0,hr/bs/sr,False,hr/bs/sr|SIEMENS
1.2.826.0.1.3680043.8.498.19925337578871911327225897926650188274,SIEMENS,MAGNETOM Vida,3.0,6,191,0.05329429,False,False,384.0,hr/bs/sr,False,hr/bs/sr|SIEMENS
1.2.826.0.1.3680043.8.498.19965044457637713843792494926652048462,GE,Optima MR450w,1.5,5,166,0.099086086,False,False,512.0,en,False,en|GE
1.2.826.0.1.3680043.8.498.19977273190231806393528180968361858122,PHILIPS,Ingenia,3.0,4,118,0.058359386,False,False,512.0,en,False,en|PHILIPS
1.2.826.0.1.3680043.8.498.20023559426196341254845485444587607391,PHILIPS,MR 5300,1.5,5,102,0.05309987,False,False,480.0,es,False,es|PHILIPS
1.2.826.0.1.3680043.8.498.20063306448698185569553477478719533390,SIEMENS,MAGNETOM Vida,3.0,6,191,0.053303192,False,False,384.0,hr/bs/sr,False,hr/bs/sr|SIEMENS
1.2.826.0.1.3680043.8.498.20123813962665544845986028832159432587,PHILIPS,Ingenia,3.0,4,130,0.068354652,False,False,512.0,en,False,en|PHILIPS
1.2.826.0.1.3680043.8.498.20134168618929769962391688049013971830,SIEMENS,Skyra,3.0,5,158,0.107758242,False,False,640.0,es,False,es|SIEMENS
1.2.826.0.1.3680043.8.498.20156361590688072955579948030116579099,GE,Optima MR450w,,5,112,0.058840578,True,False,512.0,en,False,en|GE
1.2.826.0.1.3680043.8.498.20184541870535223885310764061146422870,SIEMENS,MAGNETOM Aera,1.5,4,159,0.04397147,False,False,384.0,en,False,en|SIEMENS
1.2.826.0.1.3680043.8.498.20192024727432864451309151144591371229,SIEMENS,Espree,1.5,5,146,0.119814854,False,False,640.0,en,False,en|SIEMENS
1.2.826.0.1.3680043.8.498.20196165276643741937915346646793735100,SIEMENS,MAGNETOM Lumina,3.0,5,188,0.06534997,False,False,416.0,es,False,es|SIEMENS
1.2.826.0.1.3680043.8.498.20204907530808218314127264658715054041,FUJI/HITACHI,OASIS_Velocity,1.16,5,136,0.052969036,False,False,448.0,en,False,en|FUJI/HITACHI
1.2.826.0.1.3680043.8.498.20232953944759707220316171133595554284,GE,SIGNA Artist,1.5,5,185,0.21523513,False,False,512.0,es,False,es|GE
1.2.826.0.1.3680043.8.498.20266523169651039493799975212435349766,SIEMENS,MAGNETOM Skyra,3.0,4,219,0.030348894,False,True,352.0,en,False,en|SIEMENS
1.2.826.0.1.3680043.8.498.20269296702024202621734017056347194499,SIEMENS,MAGNETOM Aera,1.5,4,151,0.0415093,False,False,384.0,en,False,en|SIEMENS
1.2.826.0.1.3680043.8.498.20301796413163444642416918108994411350,GE,SIGNA Explorer,1.5,5,108,0.048928382,False,False,512.0,tr,False,tr|GE
1.2.826.0.1.3680043.8.498.20375739629244657719385962474248679850,GE,SIGNA Artist,1.5,5,128,0.067298226,False,False,512.0,en,False,en|GE
1.2.826.0.1.3680043.8.498.20411068889491114730824265411248922690,SIEMENS,MAGNETOM Avanto fit,1.5,5,302,0.460683136,False,True,800.0,de,False,de|SIEMENS
1.2.826.0.1.3680043.8.498.20427402498958253193571475926580142499,CANON/TOSHIBA,Vantage,,6,160,0.100230216,True,False,512.0,en,False,en|CANON/TOSHIBA
1.2.826.0.1.3680043.8.498.20472525526345683475357475395677168372,CANON/TOSHIBA,Titan,1.5,8,265,0.217475986,False,False,640.0,en,False,en|CANON/TOSHIBA
1.2.826.0.1.3680043.8.498.20488337421252584047930242186072775007,PHILIPS,Achieva dStream,3.0,9,304,0.248382726,False,False,640.0,en,False,en|PHILIPS
1.2.826.0.1.3680043.8.498.20509336519532058090925280050885010886,CANON/TOSHIBA,Galan 3T,3.0,7,210,0.232556994,False,False,768.0,en,False,en|CANON/TOSHIBA
1.2.826.0.1.3680043.8.498.20521417572710861366819886462837836465,GE,SIGNA EXCITE,1.5,7,184,0.096719356,False,False,512.0,en,False,en|GE
1.2.826.0.1.3680043.8.498.20522330861615570894210641293344468905,PHILIPS,Achieva dStream,3.0,9,267,0.216977574,False,False,640.0,en,False,en|PHILIPS
1.2.826.0.1.3680043.8.498.20587514285427671071934631922521946816,SIEMENS,Skyra,3.0,5,154,0.03734917,False,False,320.0,es,False,es|SIEMENS
1.2.826.0.1.3680043.8.498.20600318722531772866761132262772105640,SIEMENS,MAGNETOM Vida,3.0,6,191,0.053296734,False,False,384.0,hr/bs/sr,False,hr/bs/sr|SIEMENS
1.2.826.0.1.3680043.8.498.20640858366001462094044810443654811785,PHILIPS,Ingenia,3.0,4,118,0.058358728,False,False,512.0,en,False,en|PHILIPS
1.2.826.0.1.3680043.8.498.20690227395174139480327772367312879333,SIEMENS,Aera,1.5,6,168,0.039156858,False,False,320.0,tr,False,tr|SIEMENS
1.2.826.0.1.3680043.8.498.20733151481921261415295204209910573639,GE,Optima MR450w,1.5,6,181,0.148539698,False,False,640.0,en,False,en|GE
1.2.826.0.1.3680043.8.498.20781255814255169306555078952156148784,PHILIPS,Achieva dStream,3.0,8,249,0.201989104,False,False,640.0,en,False,en|PHILIPS
1.2.826.0.1.3680043.8.498.20801986011906346655458394198951999413,GE,SIGNA Artist,1.5,5,209,0.248301502,False,False,512.0,es,False,es|GE
1.2.826.0.1.3680043.8.498.20850785960533583051456342090773230767,PHILIPS,Ingenia,3.0,6,189,0.156307024,False,False,672.0,cyrillic,False,cyrillic|PHILIPS
1.2.826.0.1.3680043.8.498.20852351697358589606507109300359572624,GE,SIGNA Explorer,1.5,5,186,0.097791466,False,False,512.0,en,False,en|GE
1.2.826.0.1.3680043.8.498.20859518005209632163032213488405671537,PHILIPS,Ingenia,3.0,4,138,0.072561896,False,False,512.0,en,False,en|PHILIPS
1.2.826.0.1.3680043.8.498.20933151653103548000061448393771614270,SIEMENS,Espree,1.5,5,200,0.164129864,False,False,640.0,en,False,en|SIEMENS
1.2.826.0.1.3680043.8.498.20947841686457891570351579406919873254,SIEMENS,MAGNETOM Avanto fit,1.5,5,256,0.391654766,False,True,800.0,unknown,False,unknown|SIEMENS
1.2.826.0.1.3680043.8.498.20953536352252551462901259297974956430,GE,Optima MR450w,1.5,5,175,0.033421118,False,False,256.0,en,False,en|GE
1.2.826.0.1.3680043.8.498.20969353615978236040448556356026349615,PHILIPS,Ingenia Elition X,3.0,6,361,0.110237826,False,True,512.0,en,False,en|PHILIPS
1.2.826.0.1.3680043.8.498.21012635480218712816069264326295410954,GE,SIGNA Artist,1.5,5,210,0.248824798,False,False,512.0,es,False,es|GE
1.2.826.0.1.3680043.8.498.21024377993947321291280779867493407199,PHILIPS,MR 5300,1.5,5,102,0.053099968,False,False,480.0,unknown,False,unknown|PHILIPS
1.2.826.0.1.3680043.8.498.21060274255072711241653174133146945101,PHILIPS,Achieva dStream,1.5,4,392,0.303111644,False,True,536.0,en,False,en|PHILIPS
1.2.826.0.1.3680043.8.498.21116046804798247223618072736212944615,SIEMENS,Aera,1.5,5,144,0.02549826,False,False,320.0,tr,False,tr|SIEMENS
1.2.826.0.1.3680043.8.498.21135201439483157418374033420156525658,SIEMENS,MAGNETOM Avanto fit,1.5,5,276,0.445140226,False,True,896.0,de,False,de|SIEMENS
1.2.826.0.1.3680043.8.498.21142867813782396036287673290033987859,PHILIPS,Achieva dStream,1.5,4,394,0.30436861,False,True,536.0,en,False,en|PHILIPS
1.2.826.0.1.3680043.8.498.21239630702461934662855021164119114203,PHILIPS,Ingenia,3.0,5,154,0.12207388,False,False,640.0,cyrillic,False,cyrillic|PHILIPS
1.2.826.0.1.3680043.8.498.21294732642571417618432023007693943849,PHILIPS,Ingenia,3.0,6,163,0.123069866,False,False,640.0,cyrillic,False,cyrillic|PHILIPS
1.2.826.0.1.3680043.8.498.21312254534068992054745674608909722454,SIEMENS,Aera,1.5,5,150,0.0242993,False,False,256.0,tr,False,tr|SIEMENS
1.2.826.0.1.3680043.8.498.21322638458116180116030396109651929596,SIEMENS,Aera,1.5,9,255,0.14739582,False,False,640.0,en,False,en|SIEMENS
1.2.826.0.1.3680043.8.498.21389336408905524316915532623385847283,SIEMENS,SonataVision,1.5,6,117,0.048338512,False,False,384.0,greek,False,greek|SIEMENS
1.2.826.0.1.3680043.8.498.21403015320378798778538823075316902483,SIEMENS,MAGNETOM Vida,3.0,6,191,0.053296276,False,False,384.0,hr/bs/sr,False,hr/bs/sr|SIEMENS
1.2.826.0.1.3680043.8.498.21413285047211074156709106352750752275,SIEMENS,Aera,1.5,5,174,0.04200336,False,False,320.0,en,False,en|SIEMENS
1.2.826.0.1.3680043.8.498.21449012857520712901884874638467532958,PHILIPS,Achieva dStream,1.5,4,405,0.376382126,False,True,640.0,en,False,en|PHILIPS
1.2.826.0.1.3680043.8.498.21478660341431677113136859217606773871,PHILIPS,Ingenia Ambition X,1.5,10,336,0.221846284,False,True,536.0,en,False,en|PHILIPS
1.2.826.0.1.3680043.8.498.21520719119040558609068952147312604007,CANON/TOSHIBA,Vantage,,5,128,0.083418368,True,False,512.0,en,False,en|CANON/TOSHIBA
1.2.826.0.1.3680043.8.498.21556073772857867149576001337847113661,PHILIPS,Achieva dStream,1.5,5,578,0.455742136,False,True,560.0,en,False,en|PHILIPS
1.2.826.0.1.3680043.8.498.21558570608416990974711670673431746511,GE,SIGNA Explorer,1.5,6,183,0.273951054,False,True,1024.0,tr,False,tr|GE
1.2.826.0.1.3680043.8.498.21584859831565112159503971937497384030,SIEMENS,MAGNETOM Prisma,3.0,5,128,0.039115004,False,False,384.0,greek,False,greek|SIEMENS
1.2.826.0.1.3680043.8.498.21605506484276750075895228202564072044,SIEMENS,MAGNETOM Skyra,3.0,4,221,0.03094153,False,True,352.0,en,False,en|SIEMENS
1.2.826.0.1.3680043.8.498.21606196343708804451390109412118036330,GE,SIGNA Artist,1.5,5,131,0.068875924,False,False,512.0,en,False,en|GE
1.2.826.0.1.3680043.8.498.21634792491972658759276025394685307053,FUJI/HITACHI,OASIS_Velocity,1.16,5,150,0.058474768,False,False,448.0,en,False,en|FUJI/HITACHI
1.2.826.0.1.3680043.8.498.21636337451527049130190928852193267826,SIEMENS,Aera,1.5,6,187,0.043978568,False,False,320.0,hr/bs/sr,False,hr/bs/sr|SIEMENS
1.2.826.0.1.3680043.8.498.21726746202429506433532477857404854137,SIEMENS,SonataVision,1.5,5,102,0.044941398,False,False,384.0,greek,False,greek|SIEMENS
1.2.826.0.1.3680043.8.498.21769352980698937182060933429354012104,SIEMENS,MAGNETOM Vida,3.0,4,130,0.059193576,False,False,480.0,en,False,en|SIEMENS
1.2.826.0.1.3680043.8.498.21798342483930597563659425189400765869,GE,Optima MR450w,,5,124,0.065142754,True,False,512.0,en,False,en|GE
1.2.826.0.1.3680043.8.498.21862609534273524003153225756948913437,GE,Optima MR450w,1.5,5,174,0.142812154,False,False,640.0,en,False,en|GE
1.2.826.0.1.3680043.8.498.21868734450232158209414868901539475548,SIEMENS,MAGNETOM Aera,1.5,4,144,0.039710676,False,False,384.0,en,False,en|SIEMENS
1.2.826.0.1.3680043.8.498.21874562538764236819894456417694074673,GE,SIGNA Artist,1.5,5,173,0.20105959,False,False,512.0,es,False,es|GE
1.2.826.0.1.3680043.8.498.21904421326144238681996713485932410596,SIEMENS,MAGNETOM Vida,3.0,7,227,0.060259912,False,False,384.0,hr/bs/sr,False,hr/bs/sr|SIEMENS
1.2.826.0.1.3680043.8.498.21937000442536121262190458446148124910,SIEMENS,Aera,1.5,8,387,0.164494742,False,True,640.0,en,False,en|SIEMENS
1.2.826.0.1.3680043.8.498.21954482915702797371609582020715955762,SIEMENS,MAGNETOM Vida,3.0,5,166,0.153066308,False,False,640.0,nl,False,nl|SIEMENS
1.2.826.0.1.3680043.8.498.21991252201684723900045301917670383228,GE,SIGNA Artist,1.5,5,201,0.237802894,False,False,512.0,es,False,es|GE
1.2.826.0.1.3680043.8.498.22007253197523827371600763959266047295,PHILIPS,Ingenia,1.5,6,171,0.09035191,False,False,520.0,hr/bs/sr,False,hr/bs/sr|PHILIPS
1.2.826.0.1.3680043.8.498.22025729757015485203756049440674914537,GE,SIGNA Explorer,1.5,5,133,0.060894022,False,False,512.0,tr,False,tr|GE
1.2.826.0.1.3680043.8.498.22027914323057444746912555313058666950,GE,SIGNA EXCITE,1.5,7,188,0.098820384,False,False,512.0,en,False,en|GE
1.2.826.0.1.3680043.8.498.22053727963380087706894183799325067544,SIEMENS,MAGNETOM Vida,3.0,4,130,0.059194292,False,False,480.0,en,False,en|SIEMENS
1.2.826.0.1.3680043.8.498.22057596860528658818833903685827585805,SIEMENS,MAGNETOM Vida,3.0,5,166,0.153065976,False,False,640.0,nl,False,nl|SIEMENS
1.2.826.0.1.3680043.8.498.22088734384869383587217556574382319654,SIEMENS,MAGNETOM Vida,3.0,6,191,0.053295846,False,False,384.0,hr/bs/sr,False,hr/bs/sr|SIEMENS
1.2.826.0.1.3680043.8.498.22109739962224309418874538994436903404,SIEMENS,Biograph_mMR,3.0,5,188,0.035827716,False,False,320.0,en,True,en|SIEMENS
1.2.826.0.1.3680043.8.498.22119720417177816110156744770171496965,PHILIPS,Achieva dStream,3.0,8,266,0.246642446,False,False,712.0,en,False,en|PHILIPS
1.2.826.0.1.3680043.8.498.22126824950877890715014783370071292997,PHILIPS,Achieva dStream,1.5,7,226,0.09927551,False,True,432.0,tr,False,tr|PHILIPS
1.2.826.0.1.3680043.8.498.22135282054716841452811687331325271982,GE,SIGNA EXCITE,,5,91,0.047806412,True,False,512.0,en,False,en|GE
1.2.826.0.1.3680043.8.498.22137222939487357840166329770642627189,SIEMENS,MAGNETOM Vida,3.0,4,130,0.05919329,False,False,480.0,en,False,en|SIEMENS
1.2.826.0.1.3680043.8.498.22249763791584161324425922920269052844,SIEMENS,MAGNETOM Vida,3.0,6,191,0.053303086,False,False,384.0,hr/bs/sr,False,hr/bs/sr|SIEMENS
1.2.826.0.1.3680043.8.498.22263857526032448247006468310072414129,PHILIPS,Ingenia,3.0,4,120,0.063097234,False,False,512.0,en,False,en|PHILIPS
1.2.826.0.1.3680043.8.498.22275537949387641831010030150398063643,GE,SIGNA Artist,1.5,5,191,0.22782714,False,False,512.0,es,False,es|GE
1.2.826.0.1.3680043.8.498.22338400095583099753286935111647807038,SIEMENS,MAGNETOM Avanto fit,1.5,5,258,0.396654472,False,True,800.0,de,False,de|SIEMENS
1.2.826.0.1.3680043.8.498.22357754074308826479280023393343731000,PHILIPS,Ingenia,3.0,4,136,0.071509616,False,False,512.0,en,False,en|PHILIPS
1.2.826.0.1.3680043.8.498.22394208178597637441149549895512290013,SIEMENS,MAGNETOM Aera,1.5,4,144,0.039704578,False,False,384.0,fr,False,fr|SIEMENS
1.2.826.0.1.3680043.8.498.22398041676780235097751294563297953841,PHILIPS,Achieva dStream,1.5,5,586,0.45994861,False,True,560.0,en,False,en|PHILIPS
1.2.826.0.1.3680043.8.498.22398731807962276404889164827238996005,GE,SIGNA Explorer,1.5,5,146,0.055541784,False,False,512.0,tr,False,tr|GE
1.2.826.0.1.3680043.8.498.22407175411826914385667795929161924645,PHILIPS,Ingenia,1.5,5,113,0.18935031,False,False,960.0,es,False,es|PHILIPS
1.2.826.0.1.3680043.8.498.22426390571898968732573184721547490379,SIEMENS,SonataVision,1.5,5,93,0.041222516,False,False,384.0,greek,False,greek|SIEMENS
1.2.826.0.1.3680043.8.498.22456525904575663955604077506103354060,PHILIPS,Ingenia,3.0,5,166,0.132130288,False,False,640.0,cyrillic,False,cyrillic|PHILIPS
1.2.826.0.1.3680043.8.498.22480218016816209183384996714060953859,GE,SIGNA EXCITE,1.5,7,196,0.103026488,False,False,512.0,en,False,en|GE
1.2.826.0.1.3680043.8.498.22508124641661887430614105328316053644,PHILIPS,Ingenia,3.0,4,142,0.06974187,False,False,512.0,en,False,en|PHILIPS
1.2.826.0.1.3680043.8.498.22583985355672251619550173090948161714,SIEMENS,Aera,1.5,5,172,0.041590962,False,False,320.0,en,False,en|SIEMENS
1.2.826.0.1.3680043.8.498.22594249996322566888700984133307337128,SIEMENS,MAGNETOM Vida,3.0,6,191,0.05330294,False,False,384.0,hr/bs/sr,False,hr/bs/sr|SIEMENS
1.2.826.0.1.3680043.8.498.22594742481654038247097269358877852869,CANON/TOSHIBA,Vantage,,5,120,0.079215522,True,False,512.0,en,False,en|CANON/TOSHIBA
1.2.826.0.1.3680043.8.498.22596004572382994883130705870731193046,SIEMENS,SonataVision,1.5,5,93,0.041291332,False,False,384.0,greek,False,greek|SIEMENS
1.2.826.0.1.3680043.8.498.22617494262793136174349268379191631799,PHILIPS,Ingenia,3.0,5,154,0.122073936,False,False,640.0,cyrillic,False,cyrillic|PHILIPS
1.2.826.0.1.3680043.8.498.22632919018724241015271844108954804020,SIEMENS,Aera,1.5,6,192,0.044513166,False,False,320.0,hr/bs/sr,False,hr/bs/sr|SIEMENS
1.2.826.0.1.3680043.8.498.22656222254273662937226093008714426490,SIEMENS,MAGNETOM Aera,1.5,4,144,0.039525506,False,False,384.0,fr,False,fr|SIEMENS
1.2.826.0.1.3680043.8.498.22678957404909201599340396039237525550,SIEMENS,Espree,1.5,5,142,0.020504512,False,False,256.0,en,False,en|SIEMENS
1.2.826.0.1.3680043.8.498.22684505799921376181913295621462268931,PHILIPS,Ingenia,3.0,4,124,0.065200572,False,False,512.0,en,False,en|PHILIPS
1.2.826.0.1.3680043.8.498.22803020644232321685575897661362804423,GE,SIGNA Explorer,1.5,5,118,0.053399566,False,False,512.0,tr,False,tr|GE
1.2.826.0.1.3680043.8.498.22867776500261605752195206933939172136,GE,SIGNA Architect,3.0,7,346,0.411551022,False,True,1024.0,tr,False,tr|GE
1.2.826.0.1.3680043.8.498.22886251629508830700774506697670139848,SIEMENS,MAGNETOM Avanto fit,1.5,5,288,0.445614078,False,True,800.0,de,False,de|SIEMENS
1.2.826.0.1.3680043.8.498.22938598188283919466040132624303635817,SIEMENS,SonataVision,1.5,6,113,0.047281524,False,False,384.0,greek,False,greek|SIEMENS
1.2.826.0.1.3680043.8.498.22985467719058223198642920273233975053,SIEMENS,MAGNETOM Avanto fit,1.5,6,330,0.50740535,False,True,800.0,de,False,de|SIEMENS
1.2.826.0.1.3680043.8.498.22990786875064680564672188701015740170,PHILIPS,Achieva dStream,1.5,5,120,0.061449186,False,False,512.0,es,False,es|PHILIPS
1.2.826.0.1.3680043.8.498.23043120269252616884307662769766701449,SIEMENS,MAGNETOM Sempra,1.5,5,154,0.038250602,False,False,320.0,es,False,es|SIEMENS
1.2.826.0.1.3680043.8.498.23046618786812839762801821364158313134,FUJI/HITACHI,OASIS,1.16,5,146,0.041288572,False,False,320.0,en,False,en|FUJI/HITACHI
1.2.826.0.1.3680043.8.498.23063675880057833741455102729816364091,SIEMENS,SonataVision,1.5,5,95,0.04129037,False,False,384.0,greek,False,greek|SIEMENS
1.2.826.0.1.3680043.8.498.23065868481290440008286663193810913414,SIEMENS,MAGNETOM Vida,3.0,6,234,0.064350734,False,False,384.0,hr/bs/sr,False,hr/bs/sr|SIEMENS
1.2.826.0.1.3680043.8.498.23073694267101759922738121732233014980,SIEMENS,MAGNETOM Vida,3.0,6,191,0.053303152,False,False,384.0,hr/bs/sr,False,hr/bs/sr|SIEMENS
1.2.826.0.1.3680043.8.498.23081294963277525274551516232134221416,CANON/TOSHIBA,Vantage,,5,124,0.078916546,True,False,512.0,en,False,en|CANON/TOSHIBA
1.2.826.0.1.3680043.8.498.23094733099955217022059584418468076048,PHILIPS,Multiva,1.5,5,122,0.066153104,False,False,528.0,es,False,es|PHILIPS
1.2.826.0.1.3680043.8.498.23107903961514228607587963030481481744,SIEMENS,MAGNETOM Aera,1.5,4,148,0.040711884,False,False,384.0,fr,False,fr|SIEMENS
1.2.826.0.1.3680043.8.498.23166300530486600338569917595744444657,PHILIPS,Achieva dStream,1.5,4,391,0.302585766,False,True,536.0,en,False,en|PHILIPS
1.2.826.0.1.3680043.8.498.23182005205627494484490011351673355568,SIEMENS,MAGNETOM Vida,3.0,5,166,0.153065852,False,False,640.0,nl,False,nl|SIEMENS
1.2.826.0.1.3680043.8.498.23378338408981699466914366379590099738,CANON/TOSHIBA,Vantage,,5,120,0.079215396,True,False,512.0,en,False,en|CANON/TOSHIBA
1.2.826.0.1.3680043.8.498.23394601328148358087542766577727876635,SIEMENS,MAGNETOM Prisma,3.0,4,132,0.125963166,False,False,588.0,greek,False,greek|SIEMENS
1.2.826.0.1.3680043.8.498.23409201792139701921731647470152180932,SIEMENS,Aera,1.5,5,143,0.02949465,False,False,320.0,tr,False,tr|SIEMENS
1.2.826.0.1.3680043.8.498.23422918444346962998731376196027420200,PHILIPS,Achieva dStream,1.5,6,116,0.04874789,False,False,456.0,es,False,es|PHILIPS
1.2.826.0.1.3680043.8.498.23427198594727947883953289189443006288,GE,Optima MR430s 1.5T,1.5,5,136,0.071481818,False,False,512.0,en,False,en|GE
1.2.826.0.1.3680043.8.498.23518857399095666263158269685495375084,SIEMENS,MAGNETOM Vida,3.0,4,130,0.05919349,False,False,480.0,en,False,en|SIEMENS
1.2.826.0.1.3680043.8.498.23523176367321534630723586470190430254,GE,Optima MR450w,1.5,5,146,0.028789626,False,False,256.0,en,False,en|GE
1.2.826.0.1.3680043.8.498.23677916081296740815989149501889343663,PHILIPS,Ingenia,1.5,5,156,0.081961964,False,False,512.0,hr/bs/sr,False,hr/bs/sr|PHILIPS
1.2.826.0.1.3680043.8.498.23686732555936573712275826587678502899,SIEMENS,Aera,1.5,5,143,0.029494878,False,False,320.0,tr,False,tr|SIEMENS
1.2.826.0.1.3680043.8.498.23703817737293327679300330167234268929,SIEMENS,MAGNETOM Avanto fit,1.5,5,292,0.443460816,False,True,896.0,de,False,de|SIEMENS
1.2.826.0.1.3680043.8.498.23713320796530316370039202981138376061,CANON/TOSHIBA,Vantage,,5,99,0.06481366,True,False,512.0,en,False,en|CANON/TOSHIBA
1.2.826.0.1.3680043.8.498.23719982492392272262684855675016475265,SIEMENS,MAGNETOM Vida,3.0,5,166,0.153065932,False,False,640.0,nl,False,nl|SIEMENS
1.2.826.0.1.3680043.8.498.23733147518259581649562651915997449088,SIEMENS,MAGNETOM Vida,3.0,6,191,0.053302994,False,False,384.0,hr/bs/sr,False,hr/bs/sr|SIEMENS
1.2.826.0.1.3680043.8.498.23757007145576852496599816072431075057,SIEMENS,MAGNETOM Vida,3.0,4,147,0.06661578,False,False,480.0,en,False,en|SIEMENS
1.2.826.0.1.3680043.8.498.23822313132245448173452915228147497501,GE,SIGNA Artist,1.5,5,215,0.254598382,False,False,512.0,es,False,es|GE
1.2.826.0.1.3680043.8.498.23833933822461809237193998300076847210,SIEMENS,MAGNETOM Avanto fit,1.5,5,276,0.423297112,False,True,800.0,de,False,de|SIEMENS
1.2.826.0.1.3680043.8.498.23849672490426589132734390202638283865,GE,SIGNA Voyager,1.5,5,168,0.047434394,False,False,256.0,en,False,en|GE
1.2.826.0.1.3680043.8.498.23911658810234305013984976739924353704,PHILIPS,Achieva dStream,1.5,5,580,0.463871604,False,True,640.0,en,False,en|PHILIPS
1.2.826.0.1.3680043.8.498.23939313916974849526459717576344063277,PHILIPS,Achieva dStream,1.5,5,108,0.047995506,False,False,480.0,es,False,es|PHILIPS
1.2.826.0.1.3680043.8.498.23956169649865635269920565218680494366,SIEMENS,MAGNETOM Avanto fit,1.5,5,297,0.452035994,False,True,800.0,de,False,de|SIEMENS
1.2.826.0.1.3680043.8.498.23986051274386630509877205174270047762,SIEMENS,MAGNETOM Skyra,3.0,4,221,0.03094118,False,True,352.0,en,False,en|SIEMENS
1.2.826.0.1.3680043.8.498.24012076387083114283116476459425015413,GE,SIGNA EXCITE,1.5,7,207,0.108806766,False,False,512.0,en,False,en|GE
1.2.826.0.1.3680043.8.498.24068239310155798723127213793623172530,GE,SIGNA Architect,3.0,9,516,0.548116516,False,True,1024.0,tr,False,tr|GE
1.2.826.0.1.3680043.8.498.24101792822866991033671006059283560916,PHILIPS,Achieva,1.5,5,102,0.06038499,False,False,560.0,es,False,es|PHILIPS
1.2.826.0.1.3680043.8.498.24126422042626612740219325272793737656,SIEMENS,Aera,1.5,5,141,0.031515026,False,False,320.0,tr,False,tr|SIEMENS
1.2.826.0.1.3680043.8.498.24209643225939781032698894992032106781,PHILIPS,Ingenia,3.0,4,120,0.079469868,False,False,520.0,en,False,en|PHILIPS
1.2.826.0.1.3680043.8.498.24219103446788192052503003052696523200,SIEMENS,MAGNETOM Prisma,3.0,4,140,0.135542982,False,False,588.0,greek,False,greek|SIEMENS
1.2.826.0.1.3680043.8.498.24220732394554303343522053195582322788,GE,SIGNA EXCITE,1.5,7,180,0.09461394,False,False,512.0,en,False,en|GE
1.2.826.0.1.3680043.8.498.24267153760943721146187182369810590631,PHILIPS,Ingenia,1.5,5,170,0.096336564,False,False,512.0,hr/bs/sr,False,hr/bs/sr|PHILIPS
1.2.826.0.1.3680043.8.498.24283484945988825507450239904606754405,PHILIPS,Achieva dStream,1.5,5,104,0.046193986,False,False,480.0,es,False,es|PHILIPS
1.2.826.0.1.3680043.8.498.24291465113360632954006568021942978765,SIEMENS,MAGNETOM Avanto fit,1.5,5,284,0.436378076,False,True,800.0,de,False,de|SIEMENS
1.2.826.0.1.3680043.8.498.24302889622350917085868032747474929504,SIEMENS,Aera,1.5,7,207,0.12373824,False,False,640.0,en,False,en|SIEMENS
1.2.826.0.1.3680043.8.498.24313647347273496316728514161733307557,PHILIPS,Achieva,1.5,5,116,0.068688054,False,False,560.0,es,False,es|PHILIPS
1.2.826.0.1.3680043.8.498.24369332907731805266450307536793220148,SIEMENS,MAGNETOM Avanto fit,1.5,6,320,0.500811154,False,True,848.0,de,False,de|SIEMENS
1.2.826.0.1.3680043.8.498.24432243084670627958434695475653885175,SIEMENS,MAGNETOM Vida,3.0,4,130,0.059193446,False,False,480.0,en,False,en|SIEMENS
1.2.826.0.1.3680043.8.498.24478195415117310702720951368429189290,SIEMENS,Skyra,3.0,5,162,0.04280082,False,False,320.0,es,False,es|SIEMENS
1.2.826.0.1.3680043.8.498.24502332819381293694020055836255028614,PHILIPS,Ingenia,3.0,5,159,0.126693918,False,False,640.0,cyrillic,False,cyrillic|PHILIPS
1.2.826.0.1.3680043.8.498.24529300482982370922479679056174585978,PHILIPS,Ingenia,1.5,7,164,0.1828832,False,False,720.0,es,False,es|PHILIPS
1.2.826.0.1.3680043.8.498.24555528844026121007453886375651403314,SIEMENS,MAGNETOM Prisma,3.0,4,140,0.11784844,False,False,588.0,greek,False,greek|SIEMENS
1.2.826.0.1.3680043.8.498.24563801799946310644914912532825629118,SIEMENS,MAGNETOM Prisma,3.0,4,140,0.117848232,False,False,588.0,greek,False,greek|SIEMENS
1.2.826.0.1.3680043.8.498.24588524807799377432185260702152371503,PHILIPS,Ingenia,3.0,5,154,0.122074002,False,False,640.0,cyrillic,False,cyrillic|PHILIPS
1.2.826.0.1.3680043.8.498.24635589616467409099788838058892886889,PHILIPS,Achieva dStream,1.5,6,160,0.118287402,False,False,544.0,tr,False,tr|PHILIPS
1.2.826.0.1.3680043.8.498.24661137747502154216858169258339731263,SIEMENS,MAGNETOM Prisma,3.0,5,138,0.043142926,False,False,384.0,greek,False,greek|SIEMENS
1.2.826.0.1.3680043.8.498.24679905857546029995247839380830345841,GE,SIGNA EXCITE,1.5,4,114,0.059926802,False,False,512.0,en,False,en|GE
1.2.826.0.1.3680043.8.498.24680736086205072406257935876858402593,SIEMENS,SonataVision,1.5,5,97,0.042935202,False,False,384.0,greek,False,greek|SIEMENS
1.2.826.0.1.3680043.8.498.24714029982431301486050388345836960910,GE,Optima MR450w,,5,95,0.049907454,True,False,512.0,en,False,en|GE
1.2.826.0.1.3680043.8.498.24758830794084473905762034032291806038,PHILIPS,Intera,1.5,12,356,0.435615556,False,False,768.0,en,False,en|PHILIPS
1.2.826.0.1.3680043.8.498.24808246532191535554375304081795021306,SIEMENS,Skyra,3.0,5,164,0.039863164,False,False,320.0,es,False,es|SIEMENS
1.2.826.0.1.3680043.8.498.24826041178550854190310664677274404684,PHILIPS,Ingenia,3.0,6,162,0.13989113,False,False,592.0,tr,False,tr|PHILIPS
1.2.826.0.1.3680043.8.498.24866943620580666216571030343221534720,PHILIPS,Ingenia,1.5,5,96,0.06674747,False,False,576.0,unknown,False,unknown|PHILIPS
1.2.826.0.1.3680043.8.498.24872746733270791851241663716306993824,SIEMENS,MAGNETOM Vida,3.0,8,260,0.118389448,False,False,480.0,en,False,en|SIEMENS
1.2.826.0.1.3680043.8.498.24875052319550288230112434151792125187,SIEMENS,Aera,1.5,5,144,0.01908494,False,False,256.0,tr,False,tr|SIEMENS
1.2.826.0.1.3680043.8.498.24940437326555494150792221007907527983,GE,SIGNA EXCITE,1.5,13,364,0.191334976,False,False,512.0,en,False,en|GE
1.2.826.0.1.3680043.8.498.25006652485159423287561656594171884310,SIEMENS,MAGNETOM Aera,1.5,4,137,0.037810742,False,False,384.0,en,False,en|SIEMENS
1.2.826.0.1.3680043.8.498.25010661650105533302140829168731585935,SIEMENS,MAGNETOM Lumina,3.0,5,160,0.05561662,False,False,416.0,es,False,es|SIEMENS
1.2.826.0.1.3680043.8.498.25088333117273619121936521384053709674,PHILIPS,Achieva dStream,1.5,7,220,0.126271826,False,True,480.0,tr,False,tr|PHILIPS
1.2.826.0.1.3680043.8.498.25103708168569906591706406794385334861,PHILIPS,Ingenia,1.5,7,132,0.10664546,False,False,560.0,es,False,es|PHILIPS
1.2.826.0.1.3680043.8.498.25107837907285885353845034555062540189,PHILIPS,Ingenia,3.0,5,154,0.122074124,False,False,640.0,cyrillic,False,cyrillic|PHILIPS
1.2.826.0.1.3680043.8.498.25145588904873072866960435474159832047,SIEMENS,Espree,1.5,5,157,0.12884136,False,False,640.0,en,False,en|SIEMENS
1.2.826.0.1.3680043.8.498.25156207169523051276979595262558652072,SIEMENS,Aera,1.5,6,180,0.042042294,False,False,320.0,hr/bs/sr,False,hr/bs/sr|SIEMENS
1.2.826.0.1.3680043.8.498.25167060436407065195851060078175404789,PHILIPS,Ingenia,3.0,4,113,0.056099164,False,False,512.0,en,False,en|PHILIPS
1.2.826.0.1.3680043.8.498.25188196199869378521949969245728443004,SIEMENS,MAGNETOM Prisma,3.0,4,131,0.110233512,False,False,588.0,greek,False,greek|SIEMENS
1.2.826.0.1.3680043.8.498.25196393144875332073285250936506555534,SIEMENS,SonataVision,1.5,4,76,0.031959588,False,False,384.0,greek,False,greek|SIEMENS
1.2.826.0.1.3680043.8.498.25206096958520407302630747466352252249,SIEMENS,SonataVision,1.5,5,97,0.042932942,False,False,384.0,greek,False,greek|SIEMENS
1.2.826.0.1.3680043.8.498.25252553477605568387898480443616118724,SIEMENS,SonataVision,1.5,5,96,0.042114616,False,False,384.0,greek,False,greek|SIEMENS
1.2.826.0.1.3680043.8.498.25259588756496584739814764896903786709,PHILIPS,MR 5300,1.5,6,102,0.056496846,False,False,464.0,es,False,es|PHILIPS
1.2.826.0.1.3680043.8.498.25266231062774974303723359806535863810,PHILIPS,MR 5300,1.5,7,132,0.066487782,False,False,480.0,es,False,es|PHILIPS
1.2.826.0.1.3680043.8.498.25292715244575997322139502072242615319,PHILIPS,Achieva dStream,1.5,5,104,0.046194004,False,False,480.0,es,False,es|PHILIPS
1.2.826.0.1.3680043.8.498.25359770839263995354733835365510047109,SIEMENS,SonataVision,1.5,5,93,0.040701322,False,False,384.0,greek,False,greek|SIEMENS
1.2.826.0.1.3680043.8.498.25394815405242666778213609728680620077,SIEMENS,MAGNETOM Avanto fit,1.5,5,268,0.411996068,False,True,800.0,de,False,de|SIEMENS
1.2.826.0.1.3680043.8.498.25431207706481141354761246438973384670,GE,Signa HDxt,1.5,5,117,0.061511724,False,False,512.0,en,False,en|GE
1.2.826.0.1.3680043.8.498.25440342930186170531037102906687829898,GE,SIGNA Explorer,1.5,5,106,0.03922559,False,False,512.0,tr,False,tr|GE
1.2.826.0.1.3680043.8.498.25480883220477368504575353972328124891,CANON/TOSHIBA,Galan 3T,3.0,7,210,0.231543448,False,False,768.0,en,False,en|CANON/TOSHIBA
1.2.826.0.1.3680043.8.498.25487225187305802150215261512092051199,SIEMENS,MAGNETOM Vida,3.0,4,130,0.059193746,False,False,480.0,en,False,en|SIEMENS
1.2.826.0.1.3680043.8.498.25505153402978560400776672230220616863,SIEMENS,MAGNETOM Aera,1.5,4,155,0.042701094,False,False,384.0,tr,False,tr|SIEMENS
1.2.826.0.1.3680043.8.498.25512240159357553134500245590935010104,GE,SIGNA Artist,1.5,5,215,0.253025592,False,False,512.0,es,False,es|GE
1.2.826.0.1.3680043.8.498.25549974159486441938843396591725289882,CANON/TOSHIBA,Vantage,,5,107,0.07036439,True,False,512.0,en,False,en|CANON/TOSHIBA
1.2.826.0.1.3680043.8.498.25550871519416839807700061317524004550,PHILIPS,Achieva dStream,3.0,9,291,0.24956342,False,False,640.0,en,False,en|PHILIPS
1.2.826.0.1.3680043.8.498.25558526735614916746398919603493693652,SIEMENS,MAGNETOM Aera,1.5,4,159,0.04370017,False,False,384.0,en,False,en|SIEMENS
1.2.826.0.1.3680043.8.498.25604547074218147115077644853162295379,SIEMENS,Aera,1.5,5,144,0.025498232,False,False,320.0,tr,False,tr|SIEMENS
1.2.826.0.1.3680043.8.498.25616615589791001678067099907823838797,SIEMENS,MAGNETOM Vida,3.0,6,191,0.05329669,False,False,384.0,hr/bs/sr,False,hr/bs/sr|SIEMENS
1.2.826.0.1.3680043.8.498.25635522141852534580088120697977308505,PHILIPS,Ingenia,1.5,6,154,0.12098343,False,False,656.0,es,False,es|PHILIPS
1.2.826.0.1.3680043.8.498.25643897330283020467388814112594686690,SIEMENS,MAGNETOM Vida,3.0,4,134,0.06350462,False,False,480.0,en,False,en|SIEMENS
1.2.826.0.1.3680043.8.498.25650384476012633612528314070894186451,GE,SIGNA Explorer,1.5,6,183,0.277096588,False,True,1024.0,tr,False,tr|GE
1.2.826.0.1.3680043.8.498.25663557443141366332431300959089922567,SIEMENS,MAGNETOM Vida,3.0,6,191,0.053303394,False,False,384.0,hr/bs/sr,False,hr/bs/sr|SIEMENS
1.2.826.0.1.3680043.8.498.25663827732039068221184137540713755716,PHILIPS,Ingenia,3.0,5,164,0.130196628,False,False,640.0,cyrillic,False,cyrillic|PHILIPS
1.2.826.0.1.3680043.8.498.25679930222284447338484621953345520487,PHILIPS,Achieva dStream,3.0,10,333,0.253794566,False,True,640.0,en,False,en|PHILIPS
1.2.826.0.1.3680043.8.498.25695966186129395049687747156570466645,SIEMENS,SonataVision,1.5,4,75,0.031660978,False,False,384.0,greek,True,greek|SIEMENS
1.2.826.0.1.3680043.8.498.25697539332996211770844878649053316629,PHILIPS,Ingenia,3.0,5,154,0.122074064,False,False,640.0,cyrillic,False,cyrillic|PHILIPS
1.2.826.0.1.3680043.8.498.25758766525934930593672922246867704103,SIEMENS,Aera,1.5,5,161,0.026276616,False,False,256.0,tr,False,tr|SIEMENS
1.2.826.0.1.3680043.8.498.25765711614507755527825654507920391096,PHILIPS,Ingenia,1.5,7,204,0.107710578,False,False,512.0,hr/bs/sr,False,hr/bs/sr|PHILIPS
1.2.826.0.1.3680043.8.498.25766387275525303860953321689718246405,PHILIPS,Ingenia,1.5,5,105,0.089461778,False,False,480.0,es,False,es|PHILIPS
1.2.826.0.1.3680043.8.498.25766673238950703352855821505938941878,SIEMENS,MAGNETOM Avanto fit,1.5,6,320,0.475282102,False,True,752.0,de,False,de|SIEMENS
1.2.826.0.1.3680043.8.498.25792216289349936450377008453709520260,GE,SIGNA Explorer,1.5,6,173,0.259256276,False,True,1024.0,tr,False,tr|GE
1.2.826.0.1.3680043.8.498.25815857653380672532983223088817283976,GE,Optima MR450w,1.5,5,166,0.03222698,False,False,256.0,en,False,en|GE
1.2.826.0.1.3680043.8.498.25818541516137783435601858274495597736,PHILIPS,Ingenia,3.0,5,137,0.081281902,False,False,512.0,en,False,en|PHILIPS
1.2.826.0.1.3680043.8.498.25856396695552621816673203639618612020,SIEMENS,MAGNETOM Avanto fit,1.5,5,246,0.372835154,False,True,800.0,de,False,de|SIEMENS
1.2.826.0.1.3680043.8.498.25899681172115698926926115441929702502,SIEMENS,MAGNETOM Vida,3.0,9,290,0.080380504,False,False,384.0,hr/bs/sr,False,hr/bs/sr|SIEMENS
1.2.826.0.1.3680043.8.498.25904473139226718487560978103077541725,SIEMENS,MAGNETOM Vida,3.0,6,191,0.053303226,False,False,384.0,hr/bs/sr,False,hr/bs/sr|SIEMENS
1.2.826.0.1.3680043.8.498.25909078145370189195643713208718315003,GE,Optima MR450w,,6,120,0.063040782,True,False,512.0,en,False,en|GE
1.2.826.0.1.3680043.8.498.25928779639851562853500186715690156268,SIEMENS,MAGNETOM Vida,3.0,6,191,0.053296038,False,False,384.0,hr/bs/sr,False,hr/bs/sr|SIEMENS
1.2.826.0.1.3680043.8.498.25953117039631879376428439063599611036,GE,SIGNA Explorer,1.5,5,127,0.066782074,False,False,512.0,tr,False,tr|GE
1.2.826.0.1.3680043.8.498.25977532612504997807641730439567378227,GE,Optima MR450w,1.5,5,162,0.132947764,False,False,640.0,en,False,en|GE
1.2.826.0.1.3680043.8.498.26002972602557466222471260313257965551,SIEMENS,MAGNETOM_ESSENZA,1.5,4,156,0.035688152,False,False,320.0,en,False,en|SIEMENS
1.2.826.0.1.3680043.8.498.26004572902429209855865822977387283547,SIEMENS,Aera,1.5,5,162,0.033906138,False,False,320.0,hr/bs/sr,False,hr/bs/sr|SIEMENS
1.2.826.0.1.3680043.8.498.26006372873438224908989402529530833528,PHILIPS,Ingenia,3.0,6,173,0.134124848,False,False,640.0,cyrillic,False,cyrillic|PHILIPS
1.2.826.0.1.3680043.8.498.26023120405608635089544039694812003604,SIEMENS,Aera,1.5,5,127,0.026192174,False,False,320.0,tr,False,tr|SIEMENS
1.2.826.0.1.3680043.8.498.26066524302907849854339129271283426208,GE,SIGNA EXCITE,,5,93,0.041776188,True,False,512.0,en,False,en|GE
1.2.826.0.1.3680043.8.498.26072622476167889001255150030772906081,PHILIPS,Multiva,1.5,5,102,0.054432844,False,False,512.0,es,False,es|PHILIPS
1.2.826.0.1.3680043.8.498.26150637525321126007832687915610995568,PHILIPS,Ingenia,3.0,5,125,0.148807178,False,False,768.0,es,False,es|PHILIPS
1.2.826.0.1.3680043.8.498.26201626427712146573573952548179938304,SIEMENS,MAGNETOM Avanto fit,1.5,6,314,0.448339376,False,True,720.0,de,False,de|SIEMENS
1.2.826.0.1.3680043.8.498.26257425287121280175418060407044075705,PHILIPS,Ingenia,1.5,6,170,0.099609318,False,False,528.0,hr/bs/sr,False,hr/bs/sr|PHILIPS
1.2.826.0.1.3680043.8.498.26266119962108543565575361589492142091,PHILIPS,Ingenia,3.0,6,173,0.132092988,False,False,640.0,cyrillic,False,cyrillic|PHILIPS
1.2.826.0.1.3680043.8.498.26325951519908477683595799515094966069,SIEMENS,Aera,1.5,5,144,0.019084822,False,False,256.0,tr,False,tr|SIEMENS
1.2.826.0.1.3680043.8.498.26333849754345698117396119042432557445,PHILIPS,Ingenia,3.0,4,120,0.063097398,False,False,512.0,en,False,en|PHILIPS
1.2.826.0.1.3680043.8.498.26351577824204863242390892891061594387,SIEMENS,MAGNETOM Prisma,3.0,6,187,0.134698978,False,False,384.0,greek,False,greek|SIEMENS
1.2.826.0.1.3680043.8.498.26373657290121957625263322898744712730,SIEMENS,MAGNETOM Prisma,3.0,5,190,0.134766706,False,False,384.0,greek,False,greek|SIEMENS
1.2.826.0.1.3680043.8.498.26408081008482310696738068933718440200,GE,Optima MR450w,,5,146,0.076700508,True,False,512.0,en,False,en|GE
1.2.826.0.1.3680043.8.498.26431974442245797095978351976773354669,SIEMENS,Aera,1.5,9,383,0.158073658,False,True,640.0,en,False,en|SIEMENS
1.2.826.0.1.3680043.8.498.26474456265903975319674669470473661691,SIEMENS,Aera,1.5,5,144,0.025498028,False,False,320.0,tr,False,tr|SIEMENS
1.2.826.0.1.3680043.8.498.26485916396240515006042297316506505324,GE,SIGNA Explorer,1.5,5,122,0.055501576,False,False,512.0,tr,False,tr|GE
1.2.826.0.1.3680043.8.498.26512333939158074470511885252122191522,GE,SIGNA Artist,1.5,5,124,0.06519518,False,False,512.0,en,False,en|GE
1.2.826.0.1.3680043.8.498.26536992666456596813876340849399448897,SIEMENS,Verio_DOT,3.0,6,228,0.030214778,False,False,256.0,en,False,en|SIEMENS
1.2.826.0.1.3680043.8.498.26542435427465415008860869796504112727,SIEMENS,MAGNETOM Aera,1.5,4,160,0.043998326,False,False,384.0,fr,False,fr|SIEMENS
1.2.826.0.1.3680043.8.498.26619973716086136503589916868066348957,PHILIPS,Ingenia,3.0,5,186,0.1824741,False,False,704.0,cyrillic,False,cyrillic|PHILIPS
1.2.826.0.1.3680043.8.498.26651323353208729423825552073457972796,SIEMENS,MAGNETOM Avanto fit,1.5,5,290,0.442624744,False,True,800.0,de,False,de|SIEMENS
1.2.826.0.1.3680043.8.498.26698126402727061400851465377574886112,GE,SIGNA Explorer,1.5,5,125,0.055902038,False,False,512.0,tr,False,tr|GE
1.2.826.0.1.3680043.8.498.26725172078893286313351418435377708028,SIEMENS,MAGNETOM Skyra,3.0,4,219,0.030348426,False,True,352.0,en,False,en|SIEMENS
1.2.826.0.1.3680043.8.498.26790702379506190936834447203448882465,PHILIPS,Ingenia,3.0,4,114,0.056250102,False,False,512.0,en,True,en|PHILIPS
1.2.826.0.1.3680043.8.498.26792665054823243997838322477587733719,CANON/TOSHIBA,Vantage,,5,133,0.087392932,True,False,512.0,en,False,en|CANON/TOSHIBA
1.2.826.0.1.3680043.8.498.26842258746390750314059176647398369242,SIEMENS,MAGNETOM Vida,3.0,6,191,0.053303686,False,False,384.0,hr/bs/sr,False,hr/bs/sr|SIEMENS
1.2.826.0.1.3680043.8.498.26843088620128166809417361066548447201,PHILIPS,Ingenia,3.0,7,190,0.13297779,False,False,640.0,cyrillic,False,cyrillic|PHILIPS
1.2.826.0.1.3680043.8.498.26848412380762311150802301982233072694,SIEMENS,MAGNETOM Aera,1.5,4,134,0.037009678,False,False,384.0,fr,False,fr|SIEMENS
1.2.826.0.1.3680043.8.498.26875920364303755911342338961252130512,SIEMENS,MAGNETOM Vida,3.0,5,166,0.044607324,False,False,384.0,hr/bs/sr,False,hr/bs/sr|SIEMENS
1.2.826.0.1.3680043.8.498.26880562799522930458745136318439622601,GE,Optima MR430s 1.5T,1.5,5,140,0.073584788,False,False,512.0,en,False,en|GE
1.2.826.0.1.3680043.8.498.26946980494141305258556994153410856428,GE,Signa HDxt,1.5,5,120,0.043820388,False,False,512.0,en,False,en|GE
1.2.826.0.1.3680043.8.498.26978027400525885904983020900996228004,SIEMENS,MAGNETOM Vida,3.0,5,166,0.156900054,False,False,640.0,nl,False,nl|SIEMENS
1.2.826.0.1.3680043.8.498.26989584479346775218799121753035575730,PHILIPS,Ingenia,3.0,4,130,0.068355496,False,False,512.0,en,False,en|PHILIPS
1.2.826.0.1.3680043.8.498.27020884753639915245324093232218617967,SIEMENS,Aera,1.5,5,123,0.025728772,False,False,320.0,tr,False,tr|SIEMENS
1.2.826.0.1.3680043.8.498.27023892731021470476500135946317920771,GE,SIGNA Explorer,1.5,5,96,0.20147104,False,False,1024.0,tr,False,tr|GE
1.2.826.0.1.3680043.8.498.27025989808002468335294585261291982661,PHILIPS,Ingenia,1.5,5,102,0.088074474,False,False,480.0,es,False,es|PHILIPS
1.2.826.0.1.3680043.8.498.27034189091164693165076510006436405194,FUJI/HITACHI,OASIS_Velocity,1.16,6,192,0.085889908,False,False,512.0,en,False,en|FUJI/HITACHI
1.2.826.0.1.3680043.8.498.27059975738703546675398620281849285863,PHILIPS,Ingenia,3.0,4,130,0.068355434,False,False,512.0,en,False,en|PHILIPS
1.2.826.0.1.3680043.8.498.27157074709305277871045901905120405881,SIEMENS,SonataVision,1.5,5,94,0.04135807,False,False,384.0,greek,False,greek|SIEMENS
1.2.826.0.1.3680043.8.498.27161418589407291713644384596541786246,GE,SIGNA EXCITE,1.5,7,168,0.088311034,False,False,512.0,en,False,en|GE
1.2.826.0.1.3680043.8.498.27184343589256623289925252380526385858,SIEMENS,Aera,1.5,5,154,0.02483282,False,False,256.0,tr,False,tr|SIEMENS
1.2.826.0.1.3680043.8.498.27186001621007168581611489439038285508,SIEMENS,MAGNETOM Vida,3.0,4,132,0.060168546,False,False,480.0,en,False,en|SIEMENS
1.2.826.0.1.3680043.8.498.27191574009501966309382307682020135126,SIEMENS,MAGNETOM Vida,3.0,6,197,0.054998626,False,False,384.0,hr/bs/sr,False,hr/bs/sr|SIEMENS
1.2.826.0.1.3680043.8.498.27192678730060203972082511503480566620,SIEMENS,Aera,1.5,11,413,0.177976278,False,True,640.0,en,False,en|SIEMENS
1.2.826.0.1.3680043.8.498.27197413293500684424735285039923168926,PHILIPS,Achieva dStream,3.0,9,283,0.21928807,False,False,640.0,en,False,en|PHILIPS
1.2.826.0.1.3680043.8.498.27224327142578332905227939015479767285,PHILIPS,Achieva dStream,3.0,7,227,0.173900318,False,False,640.0,en,False,en|PHILIPS
1.2.826.0.1.3680043.8.498.27245171350765293537022546751529180545,CANON/TOSHIBA,Galan 3T,3.0,7,243,0.294251648,False,False,768.0,en,False,en|CANON/TOSHIBA
1.2.826.0.1.3680043.8.498.27306039618857661522863167157208122018,GE,SIGNA EXCITE,,5,83,0.043603786,True,False,512.0,en,False,en|GE
1.2.826.0.1.3680043.8.498.27311413427137994435573903541974122355,CANON/TOSHIBA,Vantage,,5,121,0.079740836,True,False,512.0,en,False,en|CANON/TOSHIBA
1.2.826.0.1.3680043.8.498.27319908980978184820438244981035567211,PHILIPS,Ingenia Elition X,3.0,6,361,0.113584926,False,True,512.0,en,False,en|PHILIPS
1.2.826.0.1.3680043.8.498.27324284859290040148888098857880927353,PHILIPS,Ingenia Elition X,3.0,5,316,0.085734144,False,True,512.0,en,False,en|PHILIPS
1.2.826.0.1.3680043.8.498.27339999385861467858422021400023533486,GE,Signa HDxt,1.5,5,106,0.055728764,False,False,512.0,en,False,en|GE
1.2.826.0.1.3680043.8.498.27398034409980350921804398626171135707,PHILIPS,Ingenia Ambition X,1.5,9,274,0.174734026,False,False,528.0,en,False,en|PHILIPS
1.2.826.0.1.3680043.8.498.27422742748182689233651649793019570511,CANON/TOSHIBA,Vantage,,5,109,0.071414886,True,False,512.0,en,False,en|CANON/TOSHIBA
1.2.826.0.1.3680043.8.498.27437263843446879932281897446100134924,GE,SIGNA EXCITE,1.5,7,189,0.099348526,False,False,512.0,en,True,en|GE
1.2.826.0.1.3680043.8.498.27456622705361831116491505615162380604,SIEMENS,MAGNETOM Vida,3.0,5,166,0.044613238,False,False,384.0,hr/bs/sr,False,hr/bs/sr|SIEMENS
1.2.826.0.1.3680043.8.498.27460982183399364904497832933739191826,PHILIPS,Ingenia,3.0,5,102,0.089847328,False,False,528.0,es,False,es|PHILIPS
1.2.826.0.1.3680043.8.498.27474440682441854303485403899867525864,GE,SIGNA Artist,1.5,5,195,0.229928118,False,False,512.0,es,False,es|GE
1.2.826.0.1.3680043.8.498.27593710915588175306316595263625481601,PHILIPS,Ingenia,3.0,4,122,0.064153864,False,False,512.0,en,False,en|PHILIPS
1.2.826.0.1.3680043.8.498.27627190971637735537007595480396264063,SIEMENS,MAGNETOM Vida,3.0,5,166,0.153066378,False,False,640.0,nl,False,nl|SIEMENS
1.2.826.0.1.3680043.8.498.27644321991318957631114727895883331622,SIEMENS,Espree,1.5,6,206,0.169053762,False,False,640.0,en,False,en|SIEMENS
1.2.826.0.1.3680043.8.498.27653320597564308144389724321115208375,SIEMENS,Aera,1.5,5,144,0.025497632,False,False,320.0,tr,False,tr|SIEMENS
1.2.826.0.1.3680043.8.498.27655410895168998898506695863000928400,SIEMENS,SonataVision,1.5,5,95,0.042342552,False,False,384.0,greek,False,greek|SIEMENS
1.2.826.0.1.3680043.8.498.27656830051511853680197276412365020780,GE,SIGNA Artist,1.5,6,203,0.106743832,False,False,512.0,en,False,en|GE
1.2.826.0.1.3680043.8.498.27671779587445983390840223475173360482,GE,Optima MR450w,,5,99,0.052008798,True,False,512.0,en,False,en|GE
1.2.826.0.1.3680043.8.498.27681651277422558344520227187021583924,GE,SIGNA Artist,1.5,6,223,0.24936827,False,False,512.0,es,False,es|GE
1.2.826.0.1.3680043.8.498.27710718386318170070605046744941324421,PHILIPS,Achieva dStream,1.5,4,393,0.30374042,False,True,536.0,en,False,en|PHILIPS
1.2.826.0.1.3680043.8.498.27723413941379681806317930349613970721,SIEMENS,Skyra,3.0,6,174,0.043277016,False,False,352.0,es,False,es|SIEMENS
1.2.826.0.1.3680043.8.498.27723573213501259053792522608339812759,SIEMENS,MAGNETOM Vida,3.0,6,191,0.053302974,False,False,384.0,hr/bs/sr,False,hr/bs/sr|SIEMENS
1.2.826.0.1.3680043.8.498.27737101979486411869208236811885597351,SIEMENS,Aera,1.5,9,253,0.145760564,False,False,640.0,en,False,en|SIEMENS
1.2.826.0.1.3680043.8.498.27793455627426963285485957211105588905,SIEMENS,SonataVision,1.5,5,93,0.041583886,False,False,384.0,greek,False,greek|SIEMENS
1.2.826.0.1.3680043.8.498.27796604203156439069742212039368371002,SIEMENS,Espree,1.5,6,170,0.027884318,False,False,288.0,en,False,en|SIEMENS
1.2.826.0.1.3680043.8.498.27883371281368994280894952749865160316,GE,SIGNA Explorer,1.5,5,138,0.072568342,False,False,512.0,tr,False,tr|GE
1.2.826.0.1.3680043.8.498.27890860883826681731748268459485259935,GE,Signa HDxt,1.5,5,128,0.016961036,False,False,256.0,en,False,en|GE
1.2.826.0.1.3680043.8.498.27921111050680927418542588425335218896,SIEMENS,SonataVision,1.5,5,100,0.044344926,False,False,384.0,greek,False,greek|SIEMENS
1.2.826.0.1.3680043.8.498.27925145307825795804342879375835424449,SIEMENS,Aera,1.5,5,150,0.02651433,False,False,320.0,tr,False,tr|SIEMENS
1.2.826.0.1.3680043.8.498.27934397251575987048967084987994202973,SIEMENS,SonataVision,1.5,5,96,0.04211069,False,False,384.0,greek,False,greek|SIEMENS
1.2.826.0.1.3680043.8.498.27946605663086243142356841956045514227,PHILIPS,Ingenia,3.0,5,154,0.122074854,False,False,640.0,cyrillic,False,cyrillic|PHILIPS
1.2.826.0.1.3680043.8.498.27990965288663885936880638302158503894,SIEMENS,MAGNETOM Avanto fit,1.5,7,344,0.542560348,False,True,800.0,de,False,de|SIEMENS
1.2.826.0.1.3680043.8.498.28011057282528460306257420499560926354,PHILIPS,Ingenia,3.0,5,154,0.12207506,False,False,640.0,cyrillic,False,cyrillic|PHILIPS
1.2.826.0.1.3680043.8.498.28023795363827851445172311810918021563,SIEMENS,MAGNETOM Vida,3.0,5,166,0.044607266,False,False,384.0,hr/bs/sr,False,hr/bs/sr|SIEMENS
1.2.826.0.1.3680043.8.498.28028890493668487238845659163252231337,GE,SIGNA EXCITE,,5,77,0.034552316,True,False,512.0,en,False,en|GE
1.2.826.0.1.3680043.8.498.28040645186226259590182363324146810031,GE,SIGNA Explorer,1.5,5,117,0.051694376,False,False,512.0,tr,False,tr|GE
1.2.826.0.1.3680043.8.498.28045606887691550130031344985830975325,PHILIPS,Ingenia,3.0,5,102,0.088648842,False,False,512.0,es,False,es|PHILIPS
1.2.826.0.1.3680043.8.498.28132506470634542229651932141193521661,SIEMENS,MAGNETOM Skyra,3.0,4,219,0.030349316,False,True,352.0,en,False,en|SIEMENS
1.2.826.0.1.3680043.8.498.28134711422142706763867845558971485241,PHILIPS,Ingenia,1.5,6,171,0.0903519,False,False,520.0,hr/bs/sr,False,hr/bs/sr|PHILIPS
1.2.826.0.1.3680043.8.498.28153286315438977482271934270979508349,SIEMENS,Aera,1.5,5,143,0.025069842,False,False,320.0,tr,False,tr|SIEMENS
1.2.826.0.1.3680043.8.498.28218476802410349760103243990109474475,GE,Signa HDxt,,5,99,0.05200873,True,False,512.0,en,False,en|GE
1.2.826.0.1.3680043.8.498.28220626968612492259133318770141901567,PHILIPS,Ingenia,1.5,6,170,0.097519604,False,False,528.0,hr/bs/sr,False,hr/bs/sr|PHILIPS
1.2.826.0.1.3680043.8.498.28237068093947300427040925444622840795,GE,SIGNA EXCITE,1.5,7,168,0.088309738,False,False,512.0,en,False,en|GE
1.2.826.0.1.3680043.8.498.28269350392124251309834584420564806882,SIEMENS,Skyra,3.0,5,162,0.080959204,False,False,384.0,es,False,es|SIEMENS
1.2.826.0.1.3680043.8.498.28289838818003822677994912735532050038,PHILIPS,Achieva dStream,1.5,5,120,0.057075002,False,False,480.0,es,False,es|PHILIPS
1.2.826.0.1.3680043.8.498.28295265939946677460838974253299313798,GE,DISCOVERY MR750w,,6,196,0.102977108,True,False,512.0,en,False,en|GE
1.2.826.0.1.3680043.8.498.28309626953500461628112343997868050028,SIEMENS,Skyra,3.0,5,158,0.038354594,False,False,320.0,es,False,es|SIEMENS
1.2.826.0.1.3680043.8.498.28333127304382930639614800697959296306,GE,SIGNA Artist,1.5,5,195,0.229930066,False,False,512.0,es,False,es|GE
1.2.826.0.1.3680043.8.498.28351884945918062351436698411322252525,GE,Optima MR450w,1.5,5,164,0.134605336,False,False,640.0,en,False,en|GE
1.2.826.0.1.3680043.8.498.28360174615866226538417948042981668998,PHILIPS,Ingenia,3.0,4,125,0.06203301,False,False,512.0,en,False,en|PHILIPS
1.2.826.0.1.3680043.8.498.28425280718252632810092859612928047098,SIEMENS,MAGNETOM Vida,3.0,5,166,0.153066152,False,False,640.0,nl,False,nl|SIEMENS
1.2.826.0.1.3680043.8.498.28481442608487320644829189127206806471,PHILIPS,Ingenia,3.0,5,150,0.122801348,False,False,672.0,cyrillic,False,cyrillic|PHILIPS
1.2.826.0.1.3680043.8.498.28488216314048990109149780234417422948,CANON/TOSHIBA,Titan,1.5,7,186,0.152643324,False,False,640.0,en,False,en|CANON/TOSHIBA
1.2.826.0.1.3680043.8.498.28490861391717560759667589681288427737,SIEMENS,MAGNETOM Lumina,3.0,5,176,0.061311968,False,False,416.0,es,False,es|SIEMENS
1.2.826.0.1.3680043.8.498.28539130184243787339297053654373783542,SIEMENS,MAGNETOM Avanto fit,1.5,5,274,0.417560176,False,True,800.0,de,False,de|SIEMENS
1.2.826.0.1.3680043.8.498.28579372595938810820078670002733005121,PHILIPS,Ingenia,3.0,5,102,0.088648804,False,False,512.0,es,False,es|PHILIPS
1.2.826.0.1.3680043.8.498.28595729988867300278425411189173775382,PHILIPS,Achieva,1.5,6,137,0.080211964,False,False,552.0,es,False,es|PHILIPS
1.2.826.0.1.3680043.8.498.28626044336302232656987963623687293705,SIEMENS,SonataVision,1.5,5,96,0.042112392,False,False,384.0,greek,False,greek|SIEMENS
1.2.826.0.1.3680043.8.498.28628472249424790112957421215774036156,SIEMENS,MAGNETOM Lumina,3.0,5,174,0.060483216,False,False,416.0,es,False,es|SIEMENS
1.2.826.0.1.3680043.8.498.28634248756653012357434232845788268719,PHILIPS,Achieva dStream,1.5,6,162,0.078658408,False,False,464.0,tr,False,tr|PHILIPS
1.2.826.0.1.3680043.8.498.28638490997780173004029312240334483157,SIEMENS,MAGNETOM Sola,1.5,5,146,0.110733124,False,False,640.0,nl,False,nl|SIEMENS
1.2.826.0.1.3680043.8.498.28646304373057947277669139986982208473,CANON/TOSHIBA,Galan 3T,3.0,7,210,0.232556854,False,False,768.0,en,False,en|CANON/TOSHIBA
1.2.826.0.1.3680043.8.498.28655385212214986812679045835025619123,SIEMENS,MAGNETOM Vida,3.0,4,130,0.059193566,False,False,480.0,en,False,en|SIEMENS
1.2.826.0.1.3680043.8.498.28670999234453413675502551916979760344,GE,SIGNA Architect,3.0,7,415,0.468278222,False,True,1024.0,tr,False,tr|GE
1.2.826.0.1.3680043.8.498.28686498221359515429184385385077600687,SIEMENS,MAGNETOM Avanto fit,1.5,5,256,0.391654544,False,True,800.0,de,False,de|SIEMENS
1.2.826.0.1.3680043.8.498.28697216332632397717077153882513537456,PHILIPS,Ingenia,3.0,4,116,0.057555526,False,False,512.0,en,False,en|PHILIPS
1.2.826.0.1.3680043.8.498.28746954364434312909368235768936980607,GE,SIGNA Explorer,1.5,5,124,0.055375954,False,False,512.0,tr,False,tr|GE
1.2.826.0.1.3680043.8.498.28770594655815108010532953376271504596,SIEMENS,Aera,1.5,5,150,0.02651453,False,False,320.0,tr,False,tr|SIEMENS
1.2.826.0.1.3680043.8.498.28779021651975021236045277212517629154,SIEMENS,Espree,1.5,5,134,0.01944906,False,False,256.0,en,False,en|SIEMENS
1.2.826.0.1.3680043.8.498.28848511016500781798837621261660844237,GE,Optima MR450w,,5,99,0.05200923,True,False,512.0,en,False,en|GE
1.2.826.0.1.3680043.8.498.28873180831637763124652074775631752918,SIEMENS,MAGNETOM Vida,3.0,6,191,0.053294018,False,False,384.0,hr/bs/sr,False,hr/bs/sr|SIEMENS
1.2.826.0.1.3680043.8.498.28888941572409703700315590339486528256,SIEMENS,MAGNETOM Vida,3.0,5,166,0.153065628,False,False,640.0,unknown,False,unknown|SIEMENS
1.2.826.0.1.3680043.8.498.28925345859498351203477642741908452608,SIEMENS,Aera,1.5,5,144,0.025498958,False,False,320.0,tr,True,tr|SIEMENS
1.2.826.0.1.3680043.8.498.28944156754203202831026290463520445489,PHILIPS,Achieva dStream,1.5,5,108,0.070944182,False,False,512.0,es,False,es|PHILIPS
1.2.826.0.1.3680043.8.498.28946722216615442736212359468410891872,SIEMENS,MAGNETOM Prisma,3.0,4,126,0.105834692,False,False,588.0,greek,False,greek|SIEMENS
1.2.826.0.1.3680043.8.498.28951331578236330522646806432827370713,SIEMENS,MAGNETOM Vida,3.0,4,130,0.059193742,False,False,480.0,en,False,en|SIEMENS
1.2.826.0.1.3680043.8.498.28954361146470748868500417103935640742,SIEMENS,MAGNETOM Vida,3.0,5,172,0.15798992,False,False,640.0,nl,False,nl|SIEMENS
1.2.826.0.1.3680043.8.498.29039872266866623711060910233238440882,SIEMENS,SonataVision,1.5,5,102,0.039170832,False,False,384.0,greek,False,greek|SIEMENS
1.2.826.0.1.3680043.8.498.29055892482211392922525222851162308510,PHILIPS,Ingenia,3.0,4,115,0.073791384,False,False,512.0,en,False,en|PHILIPS
1.2.826.0.1.3680043.8.498.29090158364700006304493717187346344597,SIEMENS,MAGNETOM Vida,3.0,5,166,0.153065578,False,False,640.0,nl,False,nl|SIEMENS
1.2.826.0.1.3680043.8.498.29227028592609694700827329867343028944,SIEMENS,MAGNETOM Vida,3.0,6,191,0.053295998,False,False,384.0,hr/bs/sr,False,hr/bs/sr|SIEMENS
1.2.826.0.1.3680043.8.498.29280448517432444306374036429824425668,SIEMENS,MAGNETOM Aera,1.5,4,150,0.041218314,False,False,384.0,en,False,en|SIEMENS
1.2.826.0.1.3680043.8.498.29292398668403593100514493322849770181,GE,SIGNA EXCITE,,5,87,0.04570513,True,False,512.0,en,False,en|GE
1.2.826.0.1.3680043.8.498.29294899952044311440141172596030689586,SIEMENS,Aera,1.5,5,176,0.04260885,False,False,320.0,en,False,en|SIEMENS
1.2.826.0.1.3680043.8.498.29343735048224321966824641432873034291,SIEMENS,MAGNETOM Skyra,3.0,4,221,0.030760594,False,True,352.0,en,False,en|SIEMENS
1.2.826.0.1.3680043.8.498.29354469534263517460113311852821643665,SIEMENS,MAGNETOM Avanto fit,1.5,6,340,0.49532871,False,True,720.0,de,False,de|SIEMENS
1.2.826.0.1.3680043.8.498.29364640434226980751405780979697632001,SIEMENS,Aera,1.5,9,443,0.171570872,False,True,640.0,en,False,en|SIEMENS
1.2.826.0.1.3680043.8.498.29371692234061436334815897970798625595,SIEMENS,SonataVision,1.5,5,90,0.03987762,False,False,384.0,greek,False,greek|SIEMENS
1.2.826.0.1.3680043.8.498.29375052467745327893128894062568944496,SIEMENS,Aera,1.5,8,223,0.136868744,False,False,640.0,en,False,en|SIEMENS
1.2.826.0.1.3680043.8.498.29384016102624554484300773136383156153,GE,Signa HDxt,1.5,5,171,0.032885678,False,False,256.0,en,False,en|GE
1.2.826.0.1.3680043.8.498.29418130858182890216867847991592582370,GE,Optima MR450w,1.5,5,177,0.14525738,False,False,640.0,en,False,en|GE
1.2.826.0.1.3680043.8.498.29443692810539372078922146461173545451,PHILIPS,MR 7700,3.0,4,128,0.115563694,False,False,512.0,en,False,en|PHILIPS
1.2.826.0.1.3680043.8.498.29473278891551292295080887778714088878,PHILIPS,MR 5300,1.5,5,94,0.058768238,False,False,528.0,es,False,es|PHILIPS
1.2.826.0.1.3680043.8.498.29509443439138257275071354031180789464,GE,SIGNA Explorer,1.5,5,108,0.047748334,False,False,512.0,tr,False,tr|GE
1.2.826.0.1.3680043.8.498.29579560656789178333629609998252952856,PHILIPS,Ingenia,3.0,5,150,0.124256126,False,False,640.0,cyrillic,False,cyrillic|PHILIPS
1.2.826.0.1.3680043.8.498.29735852958813434703969490187047665950,PHILIPS,Achieva dStream,3.0,9,275,0.223887036,False,False,640.0,en,False,en|PHILIPS
1.2.826.0.1.3680043.8.498.29739171278960083313048266628194182569,SIEMENS,MAGNETOM Lumina,3.0,5,176,0.065049656,False,False,416.0,es,False,es|SIEMENS
1.2.826.0.1.3680043.8.498.29741673719687535294395668150749894623,PHILIPS,Ingenia,3.0,4,130,0.06835597,False,False,512.0,en,False,en|PHILIPS
1.2.826.0.1.3680043.8.498.29758331841591711520514486913006094054,PHILIPS,Achieva dStream,1.5,5,115,0.050761586,False,False,480.0,es,False,es|PHILIPS
1.2.826.0.1.3680043.8.498.29764868091238287072166823522853419550,PHILIPS,Ingenia,3.0,4,130,0.06835551,False,False,512.0,en,True,en|PHILIPS
1.2.826.0.1.3680043.8.498.29794301133358685635777478470865282350,GE,SIGNA Artist,1.5,5,205,0.243052538,False,False,512.0,es,False,es|GE
1.2.826.0.1.3680043.8.498.29826129803278661744835136993610646069,SIEMENS,MAGNETOM Vida,3.0,6,191,0.053295914,False,False,384.0,hr/bs/sr,False,hr/bs/sr|SIEMENS
1.2.826.0.1.3680043.8.498.29866827083314645739444078187995496049,PHILIPS,Ingenia,3.0,6,179,0.15022755,False,False,672.0,cyrillic,False,cyrillic|PHILIPS
1.2.826.0.1.3680043.8.498.29943089198208468441240036404506927883,PHILIPS,Achieva dStream,1.5,5,582,0.458946594,False,True,560.0,en,False,en|PHILIPS
1.2.826.0.1.3680043.8.498.29971686675947075024168289004002445393,GE,SIGNA Explorer,1.5,4,120,0.063091728,False,False,512.0,en,False,en|GE
1.2.826.0.1.3680043.8.498.29976611818313906970687136815346573471,PHILIPS,Ingenia,3.0,5,103,0.07911011,False,False,512.0,es,False,es|PHILIPS
1.2.826.0.1.3680043.8.498.30058585660043363937345050478072453854,PHILIPS,MR 7700,3.0,4,128,0.115563638,False,False,512.0,en,False,en|PHILIPS
1.2.826.0.1.3680043.8.498.30066410959464367576375502522994033142,PHILIPS,Ingenia,3.0,5,164,0.130196764,False,False,640.0,cyrillic,False,cyrillic|PHILIPS
1.2.826.0.1.3680043.8.498.30104491808697888642424160917715722238,SIEMENS,MAGNETOM Vida,3.0,8,260,0.118389104,False,False,480.0,en,False,en|SIEMENS
1.2.826.0.1.3680043.8.498.30131339052241668380936148362472245259,SIEMENS,Skyra,3.0,5,168,0.044611372,False,False,320.0,es,False,es|SIEMENS
1.2.826.0.1.3680043.8.498.30150613585152527569197215147135001922,PHILIPS,Ingenia Ambition X,1.5,11,372,0.208962772,False,True,528.0,en,False,en|PHILIPS
1.2.826.0.1.3680043.8.498.30167179890902431464942556467698238073,PHILIPS,Ingenia Ambition X,1.5,9,334,0.201906066,False,True,560.0,en,False,en|PHILIPS
1.2.826.0.1.3680043.8.498.30174064884443577177838026250637902388,SIEMENS,SonataVision,1.5,5,97,0.04293493,False,False,384.0,greek,False,greek|SIEMENS
1.2.826.0.1.3680043.8.498.30206987686375669521451035370290737934,PHILIPS,Ingenia,3.0,4,120,0.063097352,False,False,512.0,en,False,en|PHILIPS
1.2.826.0.1.3680043.8.498.30222189977108980260768952691472020722,PHILIPS,Achieva dStream,1.5,6,169,0.101653494,False,False,496.0,tr,False,tr|PHILIPS
1.2.826.0.1.3680043.8.498.30233578499383083757206211752001832047,SIEMENS,MAGNETOM Vida,3.0,7,227,0.060269186,False,False,384.0,hr/bs/sr,False,hr/bs/sr|SIEMENS
1.2.826.0.1.3680043.8.498.30246079718471552972130572444383079911,GE,SIGNA Explorer,1.5,5,134,0.070464646,False,False,512.0,tr,True,tr|GE
1.2.826.0.1.3680043.8.498.30248682294786626375369374249874501600,PHILIPS,Achieva dStream,3.0,9,275,0.2071056,False,False,640.0,en,False,en|PHILIPS
1.2.826.0.1.3680043.8.498.30252501257451878373370333329266264057,GE,SIGNA Architect,3.0,9,556,0.569141906,False,True,1024.0,tr,False,tr|GE
1.2.826.0.1.3680043.8.498.30264599677934095429161619981918944098,GE,SIGNA Voyager,1.5,5,158,0.04335585,False,False,256.0,en,False,en|GE
1.2.826.0.1.3680043.8.498.30282025087399390929963075109487390046,PHILIPS,Achieva dStream,1.5,5,584,0.459101816,False,True,560.0,en,False,en|PHILIPS
1.2.826.0.1.3680043.8.498.30330001893437233719772129404417384472,GE,SIGNA Artist,1.5,5,132,0.06940128,False,False,512.0,en,False,en|GE
1.2.826.0.1.3680043.8.498.30381005430261460472880465705496199540,SIEMENS,Aera,1.5,5,127,0.026193726,False,False,320.0,tr,False,tr|SIEMENS
1.2.826.0.1.3680043.8.498.30420245540489522189154634720778032533,SIEMENS,MAGNETOM Vida,3.0,5,166,0.153066242,False,False,640.0,nl,False,nl|SIEMENS
1.2.826.0.1.3680043.8.498.30423643741419627789701272644909134762,SIEMENS,Aera,1.5,6,215,0.049261842,False,False,320.0,hr/bs/sr,False,hr/bs/sr|SIEMENS
1.2.826.0.1.3680043.8.498.30435446905709054197096833427672604260,SIEMENS,MAGNETOM Vida,3.0,6,197,0.054991516,False,False,384.0,hr/bs/sr,False,hr/bs/sr|SIEMENS
1.2.826.0.1.3680043.8.498.30490857770169699336468319880130884989,SIEMENS,Aera,1.5,8,306,0.175622276,False,False,512.0,en,False,en|SIEMENS
1.2.826.0.1.3680043.8.498.30517381653283520211188050362394799510,GE,Optima MR450w,,5,123,0.064621118,True,False,512.0,en,False,en|GE
1.2.826.0.1.3680043.8.498.30520444048368652235940346583890702451,CANON/TOSHIBA,Titan,1.5,7,240,0.196958336,False,False,640.0,en,False,en|CANON/TOSHIBA
1.2.826.0.1.3680043.8.498.30537361712821464927469618193893850465,SIEMENS,MAGNETOM Avanto fit,1.5,6,271,0.414911848,False,True,848.0,de,False,de|SIEMENS
1.2.826.0.1.3680043.8.498.30557810085867943803354292590079995622,GE,Optima MR450w,1.5,5,164,0.134605312,False,False,640.0,en,False,en|GE
1.2.826.0.1.3680043.8.498.30613528335797277620843542280889823612,SIEMENS,MAGNETOM Vida,3.0,5,166,0.044613052,False,False,384.0,hr/bs/sr,False,hr/bs/sr|SIEMENS
1.2.826.0.1.3680043.8.498.30662407196303880392459287553277761223,SIEMENS,MAGNETOM Vida,3.0,5,166,0.044605194,False,False,384.0,hr/bs/sr,False,hr/bs/sr|SIEMENS
1.2.826.0.1.3680043.8.498.30672390215843894382866701432377109444,SIEMENS,MAGNETOM Lumina,3.0,5,184,0.063959868,False,False,416.0,es,False,es|SIEMENS
1.2.826.0.1.3680043.8.498.30673411238679998084995204090753297949,SIEMENS,Aera,1.5,6,196,0.032611932,False,False,288.0,tr,False,tr|SIEMENS
1.2.826.0.1.3680043.8.498.30690232747840004203140392776057147177,SIEMENS,MAGNETOM Avanto fit,1.5,5,322,0.57115376,False,True,960.0,de,False,de|SIEMENS
1.2.826.0.1.3680043.8.498.30746167840159843733412534591988948270,SIEMENS,Aera,1.5,5,144,0.025498048,False,False,320.0,tr,False,tr|SIEMENS
1.2.826.0.1.3680043.8.498.30756534269149851281518502475458067520,SIEMENS,Aera,1.5,8,223,0.193458002,False,False,640.0,en,False,en|SIEMENS
1.2.826.0.1.3680043.8.498.30763696628968291934469221453461209579,PHILIPS,Ingenia Ambition X,1.5,9,264,0.147178468,False,False,480.0,en,False,en|PHILIPS
1.2.826.0.1.3680043.8.498.30800677497901063887487934675082066316,SIEMENS,MAGNETOM Sola,1.5,5,146,0.110732714,False,False,640.0,nl,False,nl|SIEMENS
1.2.826.0.1.3680043.8.498.30832771419882354941430609179589560374,GE,SIGNA Architect,3.0,7,409,0.455686272,False,True,1024.0,tr,False,tr|GE
1.2.826.0.1.3680043.8.498.30836611607735372299752226690388090391,SIEMENS,Aera,1.5,5,162,0.033906268,False,False,320.0,hr/bs/sr,False,hr/bs/sr|SIEMENS
1.2.826.0.1.3680043.8.498.30838586189496669675465778955893367497,GE,SIGNA Explorer,1.5,5,108,0.056791176,False,False,512.0,tr,False,tr|GE
1.2.826.0.1.3680043.8.498.30842406081180392627544336691360658070,GE,SIGNA Architect,3.0,10,601,0.575503522,False,True,1024.0,tr,False,tr|GE
1.2.826.0.1.3680043.8.498.30888379005655662168586864728687777425,SIEMENS,MAGNETOM Avanto fit,1.5,5,254,0.385544918,False,True,800.0,de,False,de|SIEMENS
1.2.826.0.1.3680043.8.498.30942874102560162331831960649006411381,PHILIPS,Ingenia,3.0,6,161,0.123651206,False,False,640.0,cyrillic,False,cyrillic|PHILIPS
1.2.826.0.1.3680043.8.498.30947630416867960170317316514422933066,GE,Optima MR430s 1.5T,1.5,5,146,0.07673792,False,False,512.0,en,False,en|GE
1.2.826.0.1.3680043.8.498.30978547345367837000803077743620171961,GE,SIGNA EXCITE,,5,92,0.04833174,True,False,512.0,en,False,en|GE
1.2.826.0.1.3680043.8.498.30998941785989496591079894962766360976,GE,SIGNA Architect,3.0,8,416,0.495534452,False,True,1024.0,tr,False,tr|GE
1.2.826.0.1.3680043.8.498.31079821574648958955911441626193848961,PHILIPS,Achieva dStream,3.0,8,247,0.19947396,False,False,640.0,en,False,en|PHILIPS
1.2.826.0.1.3680043.8.498.31080452089421812812019413302222437434,SIEMENS,Espree,1.5,5,133,0.023735554,False,False,320.0,en,False,en|SIEMENS
1.2.826.0.1.3680043.8.498.31082592133742929889611857821843859701,GE,SIGNA Artist,1.5,5,198,0.23308057,False,False,512.0,es,False,es|GE
1.2.826.0.1.3680043.8.498.31099878224304681441631176766255029271,PHILIPS,Ingenia,3.0,5,124,0.106772778,False,False,528.0,es,False,es|PHILIPS
1.2.826.0.1.3680043.8.498.31137162827930164367134811210741362416,PHILIPS,Ingenia,3.0,4,126,0.06256506,False,False,512.0,en,False,en|PHILIPS
1.2.826.0.1.3680043.8.498.31145453746697192222724674918300432873,PHILIPS,Ingenia,3.0,4,130,0.068360644,False,False,512.0,en,False,en|PHILIPS
1.2.826.0.1.3680043.8.498.31171050331393253655760166990008263793,PHILIPS,Intera,1.5,8,270,0.272024592,False,False,704.0,en,False,en|PHILIPS
1.2.826.0.1.3680043.8.498.31175171249406459042393597291141275669,SIEMENS,Skyra,3.0,5,150,0.03953943,False,False,320.0,es,False,es|SIEMENS
1.2.826.0.1.3680043.8.498.31175617350083221245857813741060042777,SIEMENS,Skyra,3.0,6,173,0.046356792,False,False,352.0,es,False,es|SIEMENS
1.2.826.0.1.3680043.8.498.31193772347652083986607183406944630716,PHILIPS,Ingenia Elition X,3.0,5,327,0.091510696,False,True,512.0,en,False,en|PHILIPS
1.2.826.0.1.3680043.8.498.31218039240665208717816408042644491715,PHILIPS,Ingenia,3.0,4,118,0.058353452,False,False,512.0,en,False,en|PHILIPS
1.2.826.0.1.3680043.8.498.31220970065722563280311764269386457090,GE,SIGNA EXCITE,1.5,12,336,0.176623518,False,False,512.0,en,False,en|GE
1.2.826.0.1.3680043.8.498.31257542772176806182696506252925365119,SIEMENS,MAGNETOM Vida,3.0,5,172,0.157733806,False,False,640.0,nl,False,nl|SIEMENS
1.2.826.0.1.3680043.8.498.31280487369922340170695453174997912050,SIEMENS,Aera,1.5,5,155,0.031970382,False,False,320.0,hr/bs/sr,False,hr/bs/sr|SIEMENS
1.2.826.0.1.3680043.8.498.31282366761674650660824706600044115805,PHILIPS,Ingenia,3.0,5,154,0.122071802,False,False,640.0,cyrillic,False,cyrillic|PHILIPS
1.2.826.0.1.3680043.8.498.31284572943302383501947308874558551301,GE,Optima MR450w,,5,113,0.059367506,True,False,512.0,en,False,en|GE
1.2.826.0.1.3680043.8.498.31352187408311685267245948214616940728,SIEMENS,MAGNETOM Sempra,1.5,5,170,0.042206148,False,False,320.0,es,False,es|SIEMENS
1.2.826.0.1.3680043.8.498.31373064397225665483187291274194812486,PHILIPS,Ingenia,3.0,7,195,0.155396584,False,False,640.0,cyrillic,False,cyrillic|PHILIPS
1.2.826.0.1.3680043.8.498.31421989235441217674752676866539112529,SIEMENS,MAGNETOM Avanto fit,1.5,5,301,0.46328899,False,True,800.0,de,False,de|SIEMENS
1.2.826.0.1.3680043.8.498.31461240229123701082444627629841504099,CANON/TOSHIBA,Vantage,,5,106,0.069958692,True,False,520.0,en,False,en|CANON/TOSHIBA
1.2.826.0.1.3680043.8.498.31482725509752510642857072190147133461,SIEMENS,MAGNETOM Aera,1.5,4,152,0.041806164,False,False,384.0,fr,False,fr|SIEMENS
1.2.826.0.1.3680043.8.498.31555333355990829772911515362502000209,PHILIPS,Ingenia,3.0,6,175,0.132184792,False,False,640.0,cyrillic,False,cyrillic|PHILIPS
1.2.826.0.1.3680043.8.498.31565705236407722278921437231164204914,GE,SIGNA Explorer,1.5,5,134,0.07046199,False,False,512.0,tr,False,tr|GE
1.2.826.0.1.3680043.8.498.31610133883321894510649078615659708431,SIEMENS,MAGNETOM Aera,1.5,4,148,0.040710814,False,False,384.0,fr,False,fr|SIEMENS
1.2.826.0.1.3680043.8.498.31640159014711750808214354395404624815,GE,Optima MR430s 1.5T,1.5,5,140,0.073584476,False,False,512.0,en,False,en|GE
1.2.826.0.1.3680043.8.498.31745644522310786426860265012373331979,PHILIPS,Ingenia,1.5,6,120,0.068792754,False,False,536.0,unknown,False,unknown|PHILIPS
1.2.826.0.1.3680043.8.498.31790457319528233269194462675995569260,CANON/TOSHIBA,Vantage,,5,134,0.086570314,True,False,512.0,en,False,en|CANON/TOSHIBA
1.2.826.0.1.3680043.8.498.31792234576444017394182974951507838927,GE,SIGNA EXCITE,,5,87,0.045703404,True,False,512.0,en,False,en|GE
1.2.826.0.1.3680043.8.498.31806829168516955528191705338336428721,SIEMENS,MAGNETOM Vida,3.0,6,191,0.053295856,False,False,384.0,hr/bs/sr,False,hr/bs/sr|SIEMENS
1.2.826.0.1.3680043.8.498.31827987476038668074615045841102711882,SIEMENS,MAGNETOM Vida,3.0,6,191,0.05329637,False,False,384.0,hr/bs/sr,False,hr/bs/sr|SIEMENS
1.2.826.0.1.3680043.8.498.31842732064173292828619477783097732181,PHILIPS,Ingenia Ambition X,1.5,9,274,0.17473417,False,False,528.0,en,False,en|PHILIPS
1.2.826.0.1.3680043.8.498.31851627014639252866084081561126592250,GE,SIGNA Explorer,1.5,5,98,0.043669352,False,False,512.0,tr,False,tr|GE
1.2.826.0.1.3680043.8.498.31898017986762601111404430885432769100,PHILIPS,Ingenia Ambition X,1.5,10,376,0.20427281,False,True,520.0,en,False,en|PHILIPS
1.2.826.0.1.3680043.8.498.31899121807187535405063131351086765296,SIEMENS,MAGNETOM Vida,3.0,5,166,0.153065688,False,False,640.0,nl,False,nl|SIEMENS
1.2.826.0.1.3680043.8.498.31949224274318638796196151105617844024,PHILIPS,Ingenia,3.0,7,234,0.185611932,False,False,640.0,cyrillic,False,cyrillic|PHILIPS
1.2.826.0.1.3680043.8.498.32043012602421532910420313983803503778,SIEMENS,Espree,1.5,5,150,0.026951492,False,False,320.0,en,False,en|SIEMENS
1.2.826.0.1.3680043.8.498.32078592787308498852570411454111970699,SIEMENS,MAGNETOM Avanto fit,1.5,6,414,0.56738144,False,True,720.0,de,False,de|SIEMENS
1.2.826.0.1.3680043.8.498.32109377199577933060124357239881959602,SIEMENS,MAGNETOM Avanto fit,1.5,5,273,0.417539598,False,True,800.0,de,False,de|SIEMENS
1.2.826.0.1.3680043.8.498.32138869097959653224534642965199855627,SIEMENS,MAGNETOM Sempra,1.5,5,175,0.04123188,False,False,304.0,es,False,es|SIEMENS
1.2.826.0.1.3680043.8.498.32172672595181417103935593872811182816,GE,SIGNA Explorer,1.5,5,130,0.05813619,False,False,512.0,tr,False,tr|GE
1.2.826.0.1.3680043.8.498.32179217289301203414651193280580594771,SIEMENS,MAGNETOM Vida,3.0,4,130,0.059194056,False,False,480.0,en,False,en|SIEMENS
1.2.826.0.1.3680043.8.498.32226253011052584155674401943276961907,PHILIPS,Ingenia,3.0,5,102,0.088648664,False,False,512.0,unknown,False,unknown|PHILIPS
1.2.826.0.1.3680043.8.498.32241219263926672894433308808653719495,PHILIPS,Ingenia,3.0,4,115,0.060468512,False,False,512.0,en,False,en|PHILIPS
1.2.826.0.1.3680043.8.498.32265622493980668732317541941196894795,PHILIPS,Ingenia,3.0,6,161,0.123652176,False,False,640.0,cyrillic,False,cyrillic|PHILIPS
1.2.826.0.1.3680043.8.498.32299120582647333604770626110392750631,PHILIPS,Achieva dStream,3.0,9,288,0.23300078,False,False,640.0,en,False,en|PHILIPS
1.2.826.0.1.3680043.8.498.32321830776739689645700555055955725945,SIEMENS,SonataVision,1.5,5,106,0.040883436,False,False,384.0,greek,True,greek|SIEMENS
1.2.826.0.1.3680043.8.498.32328699307307661181881949763360098439,PHILIPS,Ingenia,1.5,6,177,0.085552072,False,False,496.0,hr/bs/sr,False,hr/bs/sr|PHILIPS
1.2.826.0.1.3680043.8.498.32329374180424300100441619205766536205,SIEMENS,MAGNETOM Vida,3.0,6,191,0.053300954,False,False,384.0,hr/bs/sr,False,hr/bs/sr|SIEMENS
1.2.826.0.1.3680043.8.498.32413534416513678586709935453506443461,GE,Optima MR430s 1.5T,1.5,5,146,0.076737814,False,False,512.0,en,False,en|GE
1.2.826.0.1.3680043.8.498.32417506901165787885027994386927321654,GE,SIGNA Architect,3.0,6,286,0.380033278,False,True,1024.0,tr,False,tr|GE
1.2.826.0.1.3680043.8.498.32479930837336533083798155873656743007,GE,SIGNA Architect,3.0,9,552,0.56704005,False,True,1024.0,tr,False,tr|GE
1.2.826.0.1.3680043.8.498.32488933488399304214586978746578986823,GE,SIGNA Explorer,1.5,5,96,0.050480824,False,False,512.0,tr,False,tr|GE
1.2.826.0.1.3680043.8.498.32501049887140121289143479773995481982,PHILIPS,Ingenia,3.0,6,134,0.156237388,False,False,656.0,es,False,es|PHILIPS
1.2.826.0.1.3680043.8.498.32504785212530110880087745488871181111,SIEMENS,MAGNETOM Avanto fit,1.5,5,272,0.412269132,False,True,800.0,de,False,de|SIEMENS
1.2.826.0.1.3680043.8.498.32513010438338970418994141548516096399,GE,SIGNA Explorer,1.5,5,119,0.05431956,False,False,512.0,tr,False,tr|GE
1.2.826.0.1.3680043.8.498.32521102053110469817073126425955562934,PHILIPS,Ingenia,1.5,7,132,0.147347368,False,False,512.0,es,False,es|PHILIPS
1.2.826.0.1.3680043.8.498.32571577475600416042179474541176580933,PHILIPS,MR 5300,1.5,5,108,0.069708354,False,False,560.0,es,False,es|PHILIPS
1.2.826.0.1.3680043.8.498.32593583441236180433075435541777683664,SIEMENS,SonataVision,1.5,6,112,0.055244618,False,False,448.0,greek,False,greek|SIEMENS
1.2.826.0.1.3680043.8.498.32611545463217490575457831874695918229,GE,SIGNA Explorer,1.5,5,136,0.051462656,False,False,512.0,tr,False,tr|GE
1.2.826.0.1.3680043.8.498.32624291809937483520460431326945616461,PHILIPS,Achieva dStream,3.0,9,273,0.222246002,False,False,640.0,en,False,en|PHILIPS
1.2.826.0.1.3680043.8.498.32680606387445562892045224227371304764,CANON/TOSHIBA,Vantage,,5,120,0.07921558,True,False,512.0,en,False,en|CANON/TOSHIBA
1.2.826.0.1.3680043.8.498.32704159300269838731722725240928883385,GE,SIGNA Artist,1.5,4,127,0.113960406,False,False,512.0,en,False,en|GE
1.2.826.0.1.3680043.8.498.32723296226443325838892542529446214677,SIEMENS,Aera,1.5,7,201,0.120911208,False,False,640.0,en,False,en|SIEMENS
1.2.826.0.1.3680043.8.498.32742383730417896527915284404039812924,PHILIPS,Ingenia,3.0,4,130,0.068355982,False,False,512.0,en,False,en|PHILIPS
1.2.826.0.1.3680043.8.498.32784816158214124982843838883515640569,GE,SIGNA EXCITE,1.5,7,188,0.098819356,False,False,512.0,en,False,en|GE
1.2.826.0.1.3680043.8.498.32835080036019877751472792740274297358,PHILIPS,Ingenia,1.5,6,171,0.09035181,False,False,520.0,hr/bs/sr,False,hr/bs/sr|PHILIPS
1.2.826.0.1.3680043.8.498.32862727544234948830522036721585095753,SIEMENS,Aera,1.5,5,172,0.041587878,False,False,320.0,en,False,en|SIEMENS
1.2.826.0.1.3680043.8.498.32910372391370203605482772577821971133,GE,Optima MR450w,1.5,5,118,0.062038868,False,False,512.0,en,False,en|GE
1.2.826.0.1.3680043.8.498.32916544979513354644075485240094539251,GE,SIGNA Artist,1.5,5,200,0.105163064,False,False,512.0,en,False,en|GE
1.2.826.0.1.3680043.8.498.32996271790302034744448837505729856569,SIEMENS,SonataVision,1.5,5,98,0.043231718,False,False,384.0,greek,False,greek|SIEMENS
1.2.826.0.1.3680043.8.498.33045687849853291066101186962073873042,PHILIPS,Ingenia,3.0,5,172,0.138439422,False,False,640.0,cyrillic,False,cyrillic|PHILIPS
1.2.826.0.1.3680043.8.498.33085434860684110795966817803985794300,SIEMENS,MAGNETOM Vida,3.0,6,191,0.053294248,False,False,384.0,hr/bs/sr,False,hr/bs/sr|SIEMENS
1.2.826.0.1.3680043.8.498.33114390259375873203134285352951765534,GE,SIGNA Explorer,1.5,5,148,0.067996908,False,False,512.0,tr,False,tr|GE
1.2.826.0.1.3680043.8.498.33215387283623093392227819856970670071,PHILIPS,Achieva dStream,3.0,10,305,0.231200592,False,False,640.0,en,False,en|PHILIPS
1.2.826.0.1.3680043.8.498.33247377165700300890880607485836825807,GE,SIGNA EXCITE,1.5,7,168,0.0883089,False,False,512.0,en,False,en|GE
1.2.826.0.1.3680043.8.498.33273874534046658504935877940537027702,SIEMENS,MAGNETOM Avanto fit,1.5,5,287,0.43884094,False,True,800.0,de,False,de|SIEMENS
1.2.826.0.1.3680043.8.498.33284228284209148349668722931307588402,PHILIPS,Ingenia,3.0,4,118,0.058361492,False,False,512.0,en,False,en|PHILIPS
1.2.826.0.1.3680043.8.498.33324606756355240783076971858231422510,SIEMENS,Aera,1.5,7,207,0.123729768,False,False,640.0,en,False,en|SIEMENS
1.2.826.0.1.3680043.8.498.33324670630108603340869986205298694836,SIEMENS,MAGNETOM Avanto fit,1.5,6,272,0.417469698,False,True,800.0,de,False,de|SIEMENS
1.2.826.0.1.3680043.8.498.33339945632086976351786752793064764443,PHILIPS,Ingenia,1.5,6,123,0.092688372,False,False,600.0,es,False,es|PHILIPS
1.2.826.0.1.3680043.8.498.33387430823462011959198830568803117633,SIEMENS,MAGNETOM Vida,3.0,4,130,0.059193984,False,False,480.0,en,False,en|SIEMENS
1.2.826.0.1.3680043.8.498.33393833442961030521286257650328223086,PHILIPS,Ingenia,3.0,5,154,0.122075126,False,False,640.0,cyrillic,False,cyrillic|PHILIPS
1.2.826.0.1.3680043.8.498.33419086668421177906530808458004386826,PHILIPS,Ingenia,3.0,4,130,0.06835541,False,False,512.0,en,False,en|PHILIPS
1.2.826.0.1.3680043.8.498.33427080769740419588952225424281396684,PHILIPS,Ingenia,3.0,6,165,0.125737866,False,False,640.0,cyrillic,False,cyrillic|PHILIPS
1.2.826.0.1.3680043.8.498.33432461096351771607862098991677662209,GE,Optima MR450w,,5,135,0.07093098,True,False,512.0,en,False,en|GE
1.2.826.0.1.3680043.8.498.33479806419966566464727310013949313521,GE,SIGNA Artist,1.5,5,184,0.222571044,False,False,512.0,es,False,es|GE
1.2.826.0.1.3680043.8.498.33584205642521728950676369503690551550,SIEMENS,MAGNETOM Avanto fit,1.5,5,256,0.391652344,False,True,800.0,de,False,de|SIEMENS
1.2.826.0.1.3680043.8.498.33614319611050071354692274770073371314,SIEMENS,MAGNETOM Avanto fit,1.5,6,326,0.51286078,False,True,832.0,de,False,de|SIEMENS
1.2.826.0.1.3680043.8.498.33620268340279901383196638228030589893,PHILIPS,Ingenia,3.0,10,300,0.238905058,False,False,640.0,cyrillic,False,cyrillic|PHILIPS
1.2.826.0.1.3680043.8.498.33657688895130083119886800524324572941,GE,SIGNA Architect,3.0,7,352,0.41155879,False,True,1024.0,tr,False,tr|GE
1.2.826.0.1.3680043.8.498.33707148112045883958228656491167647755,SIEMENS,Skyra,3.0,5,158,0.041583854,False,False,320.0,es,False,es|SIEMENS
1.2.826.0.1.3680043.8.498.33709759248055631658322056320849494088,SIEMENS,MAGNETOM Vida,3.0,5,166,0.153065782,False,False,640.0,nl,False,nl|SIEMENS
1.2.826.0.1.3680043.8.498.33734536545775442043827840341408174347,PHILIPS,Achieva dStream,1.5,4,405,0.310255924,False,True,536.0,en,False,en|PHILIPS
1.2.826.0.1.3680043.8.498.33834227140201599591317512187502720859,SIEMENS,MAGNETOM Vida,3.0,6,201,0.056119784,False,False,384.0,hr/bs/sr,False,hr/bs/sr|SIEMENS
1.2.826.0.1.3680043.8.498.33841907095190352493353075864604147687,CANON/TOSHIBA,Vantage,,5,131,0.0863424,True,False,512.0,en,False,en|CANON/TOSHIBA
1.2.826.0.1.3680043.8.498.33880013318702285028756482543453984598,PHILIPS,Ingenia,3.0,7,154,0.151575464,False,False,512.0,es,False,es|PHILIPS
1.2.826.0.1.3680043.8.498.33885566709305241744786004177260915650,PHILIPS,Ingenia,3.0,6,183,0.137325102,False,False,640.0,cyrillic,False,cyrillic|PHILIPS
1.2.826.0.1.3680043.8.498.33899056854391617633929258302459140830,SIEMENS,Espree,1.5,5,148,0.12145602,False,False,640.0,en,False,en|SIEMENS
1.2.826.0.1.3680043.8.498.33947148016115721563601115463364787679,PHILIPS,Ingenia,3.0,4,110,0.071164212,False,False,512.0,en,False,en|PHILIPS
1.2.826.0.1.3680043.8.498.33957165685646407808982253731894148028,PHILIPS,Ingenia,3.0,5,164,0.130196822,False,False,640.0,cyrillic,False,cyrillic|PHILIPS
1.2.826.0.1.3680043.8.498.33990091057243328830745904178686745167,CANON/TOSHIBA,Vantage,,5,138,0.090020084,True,False,512.0,en,False,en|CANON/TOSHIBA
1.2.826.0.1.3680043.8.498.33997019840409023169542161093833920630,PHILIPS,Ingenia,3.0,4,122,0.06045647,False,False,512.0,en,False,en|PHILIPS
1.2.826.0.1.3680043.8.498.34002185870196144582348922158474418674,SIEMENS,MAGNETOM Prisma,3.0,6,185,0.054481794,False,False,384.0,greek,False,greek|SIEMENS
1.2.826.0.1.3680043.8.498.34040631818813472592501398076075999835,GE,SIGNA Explorer,1.5,4,116,0.06098854,False,False,512.0,en,False,en|GE
1.2.826.0.1.3680043.8.498.34058295828142876023659425586740832405,PHILIPS,Ingenia,3.0,6,173,0.13311225,False,False,640.0,cyrillic,False,cyrillic|PHILIPS
1.2.826.0.1.3680043.8.498.34076627216941578548083498328399240999,CANON/TOSHIBA,Galan 3T,3.0,7,240,0.26258441,False,False,768.0,en,False,en|CANON/TOSHIBA
1.2.826.0.1.3680043.8.498.34096149829586714035779314398766243514,PHILIPS,Achieva dStream,1.5,6,129,0.085969902,False,False,600.0,es,False,es|PHILIPS
1.2.826.0.1.3680043.8.498.34109091435857467600499949506940613037,SIEMENS,MAGNETOM Avanto fit,1.5,5,284,0.432729358,False,True,800.0,de,False,de|SIEMENS
1.2.826.0.1.3680043.8.498.34126843286927697018624309801437341727,SIEMENS,Skyra,3.0,5,154,0.040757442,False,False,320.0,es,False,es|SIEMENS
1.2.826.0.1.3680043.8.498.34206043272866138622475050809785944941,SIEMENS,Aera,1.5,5,127,0.026193842,False,False,320.0,tr,False,tr|SIEMENS
1.2.826.0.1.3680043.8.498.34262242337778924864334788374037992215,SIEMENS,MAGNETOM Vida,3.0,6,191,0.05330294,False,False,384.0,hr/bs/sr,False,hr/bs/sr|SIEMENS
1.2.826.0.1.3680043.8.498.34294522885703132478119231619149118745,SIEMENS,Espree,1.5,5,133,0.023739288,False,False,320.0,en,False,en|SIEMENS
1.2.826.0.1.3680043.8.498.34360298211002490108642003575962873984,PHILIPS,Achieva dStream,3.0,9,289,0.234632954,False,False,640.0,en,False,en|PHILIPS
1.2.826.0.1.3680043.8.498.34379812274299658721362253287768041613,SIEMENS,MAGNETOM Vida,3.0,6,203,0.056857814,False,False,384.0,hr/bs/sr,False,hr/bs/sr|SIEMENS
1.2.826.0.1.3680043.8.498.34404554752241524210538769325381023947,SIEMENS,MAGNETOM Sola,1.5,5,146,0.110732992,False,False,640.0,nl,False,nl|SIEMENS
1.2.826.0.1.3680043.8.498.34433343440016591348979084714300062954,GE,SIGNA Artist,1.5,5,201,0.105679026,False,False,512.0,en,False,en|GE
1.2.826.0.1.3680043.8.498.34441662343660776323013762699640240389,GE,SIGNA Explorer,1.5,5,119,0.062576022,False,False,512.0,tr,False,tr|GE
1.2.826.0.1.3680043.8.498.34461302710296907289543656738174044465,SIEMENS,Aera,1.5,11,398,0.241944606,False,False,640.0,en,False,en|SIEMENS
1.2.826.0.1.3680043.8.498.34501976934829436985900782482912019868,SIEMENS,Aera,1.5,9,369,0.14972858,False,True,640.0,en,False,en|SIEMENS
1.2.826.0.1.3680043.8.498.34546106114963066554367298449299214677,PHILIPS,Ingenia,3.0,5,154,0.122071456,False,False,640.0,cyrillic,False,cyrillic|PHILIPS
1.2.826.0.1.3680043.8.498.34572444983416782410188788741787280444,GE,Signa HDxt,1.5,5,136,0.047514208,False,False,512.0,en,False,en|GE
1.2.826.0.1.3680043.8.498.34574046861696910828478657346725687542,SIEMENS,MAGNETOM Avanto fit,1.5,7,335,0.518416858,False,True,800.0,de,False,de|SIEMENS
1.2.826.0.1.3680043.8.498.34636178772986348716257313987840123906,SIEMENS,MAGNETOM Lumina,3.0,5,174,0.060483178,False,False,416.0,es,False,es|SIEMENS
1.2.826.0.1.3680043.8.498.34654275504962399799861007974465776328,SIEMENS,Aera,1.5,9,257,0.164770878,False,False,640.0,en,False,en|SIEMENS
1.2.826.0.1.3680043.8.498.34685905030370793639196564723935583035,SIEMENS,Skyra,3.0,5,188,0.090476136,False,False,384.0,es,False,es|SIEMENS
1.2.826.0.1.3680043.8.498.34690162612328981644511154212357885455,SIEMENS,Aera,1.5,5,131,0.021046728,False,False,256.0,tr,False,tr|SIEMENS
1.2.826.0.1.3680043.8.498.34717974828302316666446325243570202245,PHILIPS,MR 5300,1.5,6,108,0.067789278,False,False,528.0,es,False,es|PHILIPS
1.2.826.0.1.3680043.8.498.34740783941206992242367609204835771599,SIEMENS,SonataVision,1.5,5,95,0.037178346,False,False,384.0,greek,False,greek|SIEMENS
1.2.826.0.1.3680043.8.498.34753112960188810416088070814158959510,GE,SIGNA EXCITE,1.5,13,348,0.182927774,False,False,512.0,tr,False,tr|GE
1.2.826.0.1.3680043.8.498.34791780913322886484171421115861604853,PHILIPS,Ingenia Ambition X,1.5,10,336,0.18882895,False,True,520.0,en,False,en|PHILIPS
1.2.826.0.1.3680043.8.498.34795373994453585401035013232069587413,GE,SIGNA Explorer,1.5,5,147,0.055279836,False,False,512.0,tr,False,tr|GE
1.2.826.0.1.3680043.8.498.34826100703045042103752460066224521343,SIEMENS,SonataVision,1.5,4,75,0.031663134,False,False,384.0,greek,False,greek|SIEMENS
1.2.826.0.1.3680043.8.498.34858782760614383566891001610985452165,SIEMENS,Aera,1.5,5,133,0.02521978,False,False,320.0,tr,False,tr|SIEMENS
1.2.826.0.1.3680043.8.498.34861721301001052975626513770908147451,SIEMENS,Aera,1.5,5,172,0.041591342,False,False,320.0,en,False,en|SIEMENS
1.2.826.0.1.3680043.8.498.34895742092137516664772577251243433579,PHILIPS,Ingenia,3.0,5,150,0.122801444,False,False,672.0,cyrillic,False,cyrillic|PHILIPS
1.2.826.0.1.3680043.8.498.35015675197378142698488944856288804597,PHILIPS,Ingenia Elition X,3.0,6,365,0.11763392,False,True,512.0,en,False,en|PHILIPS
1.2.826.0.1.3680043.8.498.35017973257585430544005763350601015208,PHILIPS,Achieva dStream,1.5,6,173,0.09040005,False,False,464.0,tr,False,tr|PHILIPS
1.2.826.0.1.3680043.8.498.35026052487843947230089350615730580521,SIEMENS,Aera,1.5,8,225,0.130569112,False,False,640.0,en,False,en|SIEMENS
1.2.826.0.1.3680043.8.498.35027750475162395113025853006474122989,PHILIPS,Ingenia,1.5,6,185,0.104726468,False,False,512.0,hr/bs/sr,False,hr/bs/sr|PHILIPS
1.2.826.0.1.3680043.8.498.35064504053970754752690367203246822139,GE,SIGNA Artist,1.5,5,207,0.245673662,False,False,512.0,es,False,es|GE
1.2.826.0.1.3680043.8.498.35090276406828326770336478753776261776,PHILIPS,Ingenia,1.5,6,170,0.097519764,False,False,528.0,hr/bs/sr,False,hr/bs/sr|PHILIPS
1.2.826.0.1.3680043.8.498.35121262802959257590413582180924083425,SIEMENS,Espree,1.5,5,142,0.116531264,False,False,640.0,en,False,en|SIEMENS
1.2.826.0.1.3680043.8.498.35127678462764233938878060108411012978,SIEMENS,Aera,1.5,9,383,0.158065968,False,True,640.0,en,False,en|SIEMENS
1.2.826.0.1.3680043.8.498.35210451107308788915675910467662426761,SIEMENS,MAGNETOM Vida,3.0,6,191,0.053296466,False,False,384.0,hr/bs/sr,False,hr/bs/sr|SIEMENS
1.2.826.0.1.3680043.8.498.35230417208602644083092414161817929841,SIEMENS,Skyra,3.0,5,152,0.036847102,False,False,320.0,es,False,es|SIEMENS
1.2.826.0.1.3680043.8.498.35257158249961136373696255071228322165,SIEMENS,Aera,1.5,6,187,0.043978548,False,False,320.0,hr/bs/sr,False,hr/bs/sr|SIEMENS
1.2.826.0.1.3680043.8.498.35273590880523815297008790288567354883,PHILIPS,Ingenia,3.0,5,99,0.07425415,False,False,512.0,es,False,es|PHILIPS
1.2.826.0.1.3680043.8.498.35330802038595377723999341992570259909,PHILIPS,Achieva dStream,3.0,9,273,0.22224642,False,False,640.0,en,False,en|PHILIPS
1.2.826.0.1.3680043.8.498.35338198410583984337908932327787063577,PHILIPS,Achieva,1.5,5,102,0.054921426,False,False,528.0,es,False,es|PHILIPS
1.2.826.0.1.3680043.8.498.35526385429946467546636621603749416429,SIEMENS,MAGNETOM Skyra,3.0,4,222,0.031238054,False,True,352.0,en,False,en|SIEMENS
1.2.826.0.1.3680043.8.498.35542843700847404584397532402313561503,PHILIPS,Achieva dStream,1.5,4,392,0.303111582,False,True,536.0,en,False,en|PHILIPS
1.2.826.0.1.3680043.8.498.35549628666222168741574331855838621990,PHILIPS,Ingenia Ambition X,1.5,9,274,0.174734264,False,False,528.0,en,False,en|PHILIPS
1.2.826.0.1.3680043.8.498.35572306796137927247415883445612561056,GE,Optima MR430s 1.5T,1.5,5,140,0.073584556,False,False,512.0,en,False,en|GE
1.2.826.0.1.3680043.8.498.35633121799529901420381085923067525212,PHILIPS,Achieva dStream,1.5,6,156,0.081295426,False,False,464.0,tr,False,tr|PHILIPS
1.2.826.0.1.3680043.8.498.35639250779062198905356481136455419313,PHILIPS,Ingenia,1.5,6,177,0.085552136,False,False,496.0,hr/bs/sr,False,hr/bs/sr|PHILIPS
1.2.826.0.1.3680043.8.498.35664741425496814074030858561751287211,GE,SIGNA EXCITE,1.5,7,192,0.100925832,False,False,512.0,en,False,en|GE
1.2.826.0.1.3680043.8.498.35677515667357567818845364400903668190,SIEMENS,MAGNETOM Prisma,3.0,4,140,0.11784661,False,False,588.0,greek,False,greek|SIEMENS
1.2.826.0.1.3680043.8.498.35717294165699019392845830077937768611,SIEMENS,MAGNETOM Avanto fit,1.5,5,298,0.49024121,False,True,896.0,de,False,de|SIEMENS
1.2.826.0.1.3680043.8.498.35769002792415947424087098083674166777,PHILIPS,Ingenia,3.0,5,116,0.116870306,False,False,560.0,es,False,es|PHILIPS
1.2.826.0.1.3680043.8.498.35777075794856195065665011443485613681,SIEMENS,MAGNETOM Vida,3.0,5,166,0.044606946,False,False,384.0,hr/bs/sr,False,hr/bs/sr|SIEMENS
1.2.826.0.1.3680043.8.498.35790589718590759254855277551289842944,GE,Signa HDxt,1.5,5,166,0.032616304,False,False,256.0,en,False,en|GE
1.2.826.0.1.3680043.8.498.35820650938063925991582813178954225720,PHILIPS,Achieva dStream,3.0,8,243,0.226734936,False,False,672.0,en,False,en|PHILIPS
1.2.826.0.1.3680043.8.498.35826402289277331555736683320175912112,SIEMENS,MAGNETOM Avanto fit,1.5,6,364,0.560457722,False,True,800.0,de,False,de|SIEMENS
1.2.826.0.1.3680043.8.498.35835033603115368194824573270370351403,SIEMENS,MAGNETOM Prisma,3.0,5,140,0.110596594,False,False,416.0,greek,False,greek|SIEMENS
1.2.826.0.1.3680043.8.498.35836928928058091851993989259747528067,GE,SIGNA Architect,3.0,8,410,0.482948456,False,True,1024.0,tr,False,tr|GE
1.2.826.0.1.3680043.8.498.35853404993418331599021266761280794201,SIEMENS,MAGNETOM Avanto fit,1.5,6,322,0.470059282,False,True,720.0,de,False,de|SIEMENS
1.2.826.0.1.3680043.8.498.35871201339095431578743898508613853278,GE,SIGNA EXCITE,1.5,7,175,0.091985288,False,False,512.0,en,False,en|GE
1.2.826.0.1.3680043.8.498.35892665011493087075493127252825546314,GE,SIGNA Artist,1.5,5,186,0.097801504,False,False,512.0,en,False,en|GE
1.2.826.0.1.3680043.8.498.35906584224533966870202042352292878668,SIEMENS,MAGNETOM Avanto fit,1.5,5,254,0.387237658,False,True,800.0,de,False,de|SIEMENS
1.2.826.0.1.3680043.8.498.35923146679164443588381195543533271939,GE,SIGNA Explorer,1.5,5,116,0.042516006,False,False,512.0,tr,False,tr|GE
1.2.826.0.1.3680043.8.498.35923183633813281697521537744486885300,SIEMENS,MAGNETOM Vida,3.0,5,163,0.266125004,False,False,960.0,nl,False,nl|SIEMENS
1.2.826.0.1.3680043.8.498.35923753382244056317223397206343376734,PHILIPS,Ingenia,3.0,5,150,0.120113718,False,False,640.0,cyrillic,False,cyrillic|PHILIPS
1.2.826.0.1.3680043.8.498.35932368810339127867306228699757809449,GE,SIGNA Explorer,1.5,5,138,0.07256567,False,False,512.0,tr,False,tr|GE
1.2.826.0.1.3680043.8.498.35942316720546803304976641081186518384,GE,SIGNA Artist,1.5,6,225,0.251995124,False,False,512.0,es,False,es|GE
1.2.826.0.1.3680043.8.498.35961087303991442751747064990497975939,GE,SIGNA Architect,3.0,9,579,0.604828758,False,True,1024.0,tr,False,tr|GE
1.2.826.0.1.3680043.8.498.35965770865730278787229040370963322662,SIEMENS,MAGNETOM Aera,1.5,4,146,0.040123254,False,False,384.0,fr,False,fr|SIEMENS
1.2.826.0.1.3680043.8.498.35971292331621735865925455612813197566,SIEMENS,Espree,1.5,5,164,0.134587284,False,False,640.0,en,False,en|SIEMENS
1.2.826.0.1.3680043.8.498.35991881811942962264382690224767291006,PHILIPS,Ingenia,3.0,4,118,0.058358792,False,False,512.0,en,False,en|PHILIPS
1.2.826.0.1.3680043.8.498.36013620117872095227314165026090752632,PHILIPS,Ingenia,3.0,4,130,0.068355504,False,False,512.0,en,False,en|PHILIPS
1.2.826.0.1.3680043.8.498.36035264348264378094569428634302238394,SIEMENS,MAGNETOM Prisma,3.0,4,144,0.121655668,False,False,592.0,greek,False,greek|SIEMENS
1.2.826.0.1.3680043.8.498.36083794505435625841225237415909011547,SIEMENS,MAGNETOM Avanto fit,1.5,5,290,0.445473362,False,True,800.0,de,False,de|SIEMENS
1.2.826.0.1.3680043.8.498.36090989845682961399757203739039806565,SIEMENS,MAGNETOM Vida,3.0,6,191,0.05330263,False,False,384.0,hr/bs/sr,False,hr/bs/sr|SIEMENS
1.2.826.0.1.3680043.8.498.36131369236532190338276701919104598475,SIEMENS,Aera,1.5,9,383,0.155460438,False,True,640.0,en,False,en|SIEMENS
1.2.826.0.1.3680043.8.498.36158956431673597472934120620368656246,PHILIPS,Ingenia,1.5,6,122,0.123608422,False,False,480.0,es,False,es|PHILIPS
1.2.826.0.1.3680043.8.498.36180248571044206939894546783755557323,SIEMENS,MAGNETOM Skyra,3.0,4,226,0.032423332,False,True,352.0,en,False,en|SIEMENS
1.2.826.0.1.3680043.8.498.36185754164795053628650116141620545139,SIEMENS,MAGNETOM Vida,3.0,5,170,0.075998102,False,False,464.0,en,False,en|SIEMENS
1.2.826.0.1.3680043.8.498.36193046155628980489031133466840036976,GE,SIGNA Explorer,1.5,5,116,0.043698092,False,False,512.0,tr,False,tr|GE
1.2.826.0.1.3680043.8.498.36221680997794815863088530960610069278,PHILIPS,Ingenia Ambition X,1.5,9,274,0.174731788,False,False,528.0,en,False,en|PHILIPS
1.2.826.0.1.3680043.8.498.36235892729383338522021416304853301198,SIEMENS,MAGNETOM Vida,3.0,5,166,0.15306597,False,False,640.0,nl,False,nl|SIEMENS
1.2.826.0.1.3680043.8.498.36293583160636884934622362743062825202,PHILIPS,Achieva dStream,3.0,8,243,0.229419622,False,False,672.0,en,False,en|PHILIPS
1.2.826.0.1.3680043.8.498.36314809560682514762544085885005264167,SIEMENS,MAGNETOM Vida,3.0,6,191,0.0533024,False,False,384.0,hr/bs/sr,False,hr/bs/sr|SIEMENS
1.2.826.0.1.3680043.8.498.36315811661139684771871696847516662339,SIEMENS,MAGNETOM Aera,1.5,4,150,0.041301008,False,False,384.0,fr,False,fr|SIEMENS
1.2.826.0.1.3680043.8.498.36431753977367847587395456605556703040,PHILIPS,Achieva dStream,1.5,6,119,0.09062908,False,False,600.0,es,False,es|PHILIPS
1.2.826.0.1.3680043.8.498.36470828078108352859868482351276699300,SIEMENS,MAGNETOM Avanto fit,1.5,6,306,0.469229346,False,True,800.0,de,False,de|SIEMENS
1.2.826.0.1.3680043.8.498.36488342368050295711098478501722217415,SIEMENS,SonataVision,1.5,5,99,0.044048576,False,False,384.0,greek,False,greek|SIEMENS
1.2.826.0.1.3680043.8.498.36521162836904095186654423648490092035,PHILIPS,Ingenia,3.0,7,240,0.264441846,False,False,768.0,cyrillic,False,cyrillic|PHILIPS
1.2.826.0.1.3680043.8.498.36588608184578739092409073014150374185,PHILIPS,Ingenia Ambition X,1.5,8,250,0.164945858,False,False,520.0,en,False,en|PHILIPS
1.2.826.0.1.3680043.8.498.36599566036331923007586730435849419272,PHILIPS,Ingenia,3.0,4,122,0.060461136,False,False,512.0,en,False,en|PHILIPS
1.2.826.0.1.3680043.8.498.36645945703275956149107297016813148264,SIEMENS,Skyra,3.0,5,156,0.037852376,False,False,320.0,es,False,es|SIEMENS
1.2.826.0.1.3680043.8.498.36648377536792309029975432419163533533,PHILIPS,Achieva dStream,3.0,9,275,0.212005818,False,False,640.0,en,False,en|PHILIPS
1.2.826.0.1.3680043.8.498.36679002788952511154610176614545192374,GE,SIGNA Explorer,1.5,6,196,0.103061546,False,True,512.0,tr,False,tr|GE
1.2.826.0.1.3680043.8.498.36688959138536319644194458211515765203,SIEMENS,MAGNETOM Avanto fit,1.5,5,294,0.44957526,False,True,800.0,de,False,de|SIEMENS
1.2.826.0.1.3680043.8.498.36743562653862381001280112332273495985,CANON/TOSHIBA,Vantage,,5,120,0.080001828,True,False,544.0,en,False,en|CANON/TOSHIBA
1.2.826.0.1.3680043.8.498.36757476214794170118868510630678488185,CANON/TOSHIBA,Galan 3T,3.0,7,210,0.223214934,False,False,640.0,en,False,en|CANON/TOSHIBA
1.2.826.0.1.3680043.8.498.36812284468308169396147366740331573100,PHILIPS,MR 5300,1.5,5,98,0.072672594,False,False,640.0,es,False,es|PHILIPS
1.2.826.0.1.3680043.8.498.36825274340853796392762195174336452919,SIEMENS,MAGNETOM_ESSENZA,1.5,5,182,0.037535142,False,False,320.0,en,False,en|SIEMENS
1.2.826.0.1.3680043.8.498.36846391753332367835804699576399553980,SIEMENS,Aera,1.5,8,237,0.132629356,False,False,512.0,en,False,en|SIEMENS
1.2.826.0.1.3680043.8.498.36891467514776207809384804066253854193,SIEMENS,Aera,1.5,5,172,0.04159137,False,False,320.0,en,False,en|SIEMENS
1.2.826.0.1.3680043.8.498.36914870739904705183135763739850515617,GE,SIGNA Artist,1.5,5,195,0.22992711,False,False,512.0,es,False,es|GE
1.2.826.0.1.3680043.8.498.36924091633099385100942228071545017565,SIEMENS,MAGNETOM Skyra,3.0,4,219,0.030348914,False,True,352.0,en,False,en|SIEMENS
1.2.826.0.1.3680043.8.498.36930256628357053046574486650916442047,SIEMENS,MAGNETOM Prisma,3.0,5,148,0.046533506,False,False,384.0,greek,False,greek|SIEMENS
1.2.826.0.1.3680043.8.498.36995206854684735704099881847485073991,GE,Signa HDxt,1.5,5,131,0.06887306,False,False,512.0,en,False,en|GE
1.2.826.0.1.3680043.8.498.37005775889857426034942587344620888398,CANON/TOSHIBA,Titan,1.5,7,168,0.13787136,False,False,640.0,en,False,en|CANON/TOSHIBA
1.2.826.0.1.3680043.8.498.37007302166102452703965686598524467188,SIEMENS,MAGNETOM Prisma,3.0,4,136,0.114039444,False,False,588.0,greek,False,greek|SIEMENS
1.2.826.0.1.3680043.8.498.37030593568962187244853961673610373876,SIEMENS,SonataVision,1.5,5,98,0.043755906,False,False,384.0,greek,False,greek|SIEMENS
1.2.826.0.1.3680043.8.498.37040910196459054543310335064167212742,GE,Optima MR450w,,5,105,0.05516194,True,False,512.0,en,True,en|GE
1.2.826.0.1.3680043.8.498.37046961643473249831189497076699393868,PHILIPS,Ingenia,1.5,6,111,0.074967138,False,False,600.0,es,False,es|PHILIPS
1.2.826.0.1.3680043.8.498.37057548998853865829402084168010676727,SIEMENS,Skyra,3.0,5,174,0.128195884,False,False,640.0,es,False,es|SIEMENS
1.2.826.0.1.3680043.8.498.37110727485959679337431199930441321268,PHILIPS,MR 5300,1.5,5,94,0.057658172,False,False,528.0,es,False,es|PHILIPS
1.2.826.0.1.3680043.8.498.37147839676713817130306478240352601535,PHILIPS,Achieva dStream,3.0,9,273,0.21108182,False,False,640.0,en,False,en|PHILIPS
1.2.826.0.1.3680043.8.498.37210322466522537523056852160944888029,SIEMENS,MAGNETOM Skyra,3.0,4,227,0.032268674,False,True,352.0,en,False,en|SIEMENS
1.2.826.0.1.3680043.8.498.37257728513136112802363958568529758895,PHILIPS,Ingenia,3.0,4,130,0.068354654,False,False,512.0,en,False,en|PHILIPS
1.2.826.0.1.3680043.8.498.37270291131952413969044156276264153316,GE,SIGNA EXCITE,1.5,7,172,0.090411826,False,False,512.0,en,False,en|GE
1.2.826.0.1.3680043.8.498.37332768072749723117839591872457536315,GE,Optima MR450w,1.5,5,189,0.036455516,False,False,256.0,en,False,en|GE
1.2.826.0.1.3680043.8.498.37347132459817985668038603215490355489,SIEMENS,Aera,1.5,5,143,0.023228264,False,False,256.0,tr,False,tr|SIEMENS
1.2.826.0.1.3680043.8.498.37371365833775442014007234936409739360,SIEMENS,MAGNETOM Avanto fit,1.5,6,295,0.452232912,False,True,800.0,de,False,de|SIEMENS
1.2.826.0.1.3680043.8.498.37390494423735156928337187351900345080,GE,SIGNA Artist,1.5,5,233,0.276649194,False,False,512.0,es,False,es|GE
1.2.826.0.1.3680043.8.498.37392127307867238524251864751713143683,SIEMENS,MAGNETOM Vida,3.0,6,191,0.053303172,False,False,384.0,hr/bs/sr,True,hr/bs/sr|SIEMENS
1.2.826.0.1.3680043.8.498.37413349933694832641902637847629969234,GE,SIGNA Architect,3.0,7,422,0.451527888,False,True,1024.0,tr,False,tr|GE
1.2.826.0.1.3680043.8.498.37427993203943111265113924891058049338,PHILIPS,Achieva dStream,1.5,6,150,0.069061236,False,False,440.0,tr,False,tr|PHILIPS
1.2.826.0.1.3680043.8.498.37432328401993499374675847888297416449,SIEMENS,MAGNETOM Vida,3.0,5,166,0.044607106,False,False,384.0,hr/bs/sr,False,hr/bs/sr|SIEMENS
1.2.826.0.1.3680043.8.498.37438631765770807892914198396852544668,PHILIPS,Ingenia,3.0,4,130,0.06835545,False,False,512.0,en,False,en|PHILIPS
1.2.826.0.1.3680043.8.498.37447511763482014027579634343525200849,GE,Optima MR430s 1.5T,1.5,5,146,0.0767381,False,False,512.0,en,False,en|GE
1.2.826.0.1.3680043.8.498.37463970179664003092832463732043124908,GE,SIGNA Artist,1.5,5,191,0.224681626,False,False,512.0,es,False,es|GE
1.2.826.0.1.3680043.8.498.37485075271886447709158414670394650122,CANON/TOSHIBA,Vantage,,5,126,0.082367744,True,False,512.0,en,False,en|CANON/TOSHIBA
1.2.826.0.1.3680043.8.498.37508036912473928281276902883575142611,PHILIPS,Ingenia,3.0,6,165,0.125611608,False,False,640.0,cyrillic,False,cyrillic|PHILIPS
1.2.826.0.1.3680043.8.498.37510478969810784660124747242051166554,GE,SIGNA Explorer,1.5,5,112,0.049458222,False,False,512.0,tr,False,tr|GE
1.2.826.0.1.3680043.8.498.37519350121906786941281770770693979271,GE,Signa HDxt,1.5,5,135,0.07097527,False,False,512.0,en,False,en|GE
1.2.826.0.1.3680043.8.498.37558426555271635608942179071280432530,SIEMENS,SonataVision,1.5,5,107,0.04641908,False,False,384.0,greek,False,greek|SIEMENS
1.2.826.0.1.3680043.8.498.37572710131396388050286115883363501023,PHILIPS,Ingenia,3.0,6,171,0.131048766,False,False,640.0,cyrillic,False,cyrillic|PHILIPS
1.2.826.0.1.3680043.8.498.37580209294522316445963449455348371815,SIEMENS,MAGNETOM Skyra,3.0,4,222,0.031237946,False,True,352.0,en,False,en|SIEMENS
1.2.826.0.1.3680043.8.498.37591186611460576939009950935820113903,SIEMENS,Aera,1.5,8,247,0.119143282,False,False,448.0,en,False,en|SIEMENS
1.2.826.0.1.3680043.8.498.37591590536870291237852764995372956522,PHILIPS,Achieva dStream,1.5,6,120,0.050724598,False,False,456.0,es,False,es|PHILIPS
1.2.826.0.1.3680043.8.498.37633035024065331400434438202028794597,CANON/TOSHIBA,Titan,1.5,5,147,0.071158472,False,False,512.0,en,False,en|CANON/TOSHIBA
1.2.826.0.1.3680043.8.498.37644754953609976838298110418046213654,PHILIPS,Multiva,1.5,6,133,0.072114884,False,False,536.0,es,False,es|PHILIPS
1.2.826.0.1.3680043.8.498.37695832484726177391252504639155717084,GE,SIGNA Explorer,1.5,4,120,0.063090938,False,False,512.0,en,False,en|GE
1.2.826.0.1.3680043.8.498.37713008080610827760634302982073393454,PHILIPS,Achieva dStream,1.5,4,405,0.328069136,False,True,640.0,en,False,en|PHILIPS
1.2.826.0.1.3680043.8.498.37729566534337521443213426693965453255,GE,SIGNA EXCITE,1.5,7,180,0.094617398,False,False,512.0,en,False,en|GE
1.2.826.0.1.3680043.8.498.37782918081276484321055690005029111967,SIEMENS,MAGNETOM Vida,3.0,4,130,0.059193052,False,False,480.0,en,False,en|SIEMENS
1.2.826.0.1.3680043.8.498.37833587429731221455928642963031995680,SIEMENS,MAGNETOM Lumina,3.0,5,186,0.064655514,False,False,416.0,es,False,es|SIEMENS
1.2.826.0.1.3680043.8.498.37838990693631869129590283596686992710,SIEMENS,Aera,1.5,5,144,0.025497876,False,False,320.0,tr,False,tr|SIEMENS
1.2.826.0.1.3680043.8.498.37846940236952007502147453013489359606,CANON/TOSHIBA,Titan,1.5,7,228,0.18711038,False,False,640.0,en,False,en|CANON/TOSHIBA
1.2.826.0.1.3680043.8.498.37862788793597360072184753016994526122,PHILIPS,Ingenia,1.5,6,170,0.097519764,False,False,528.0,hr/bs/sr,False,hr/bs/sr|PHILIPS
1.2.826.0.1.3680043.8.498.37879265071349098151803248077034280617,CANON/TOSHIBA,Vantage,,5,118,0.078164684,True,False,512.0,en,False,en|CANON/TOSHIBA
1.2.826.0.1.3680043.8.498.37885316830093262977685802809269466252,SIEMENS,Skyra,3.0,5,172,0.045191252,False,False,320.0,es,False,es|SIEMENS
1.2.826.0.1.3680043.8.498.37921127120678939078868474340027123335,SIEMENS,MAGNETOM Vida,3.0,6,191,0.053295862,False,False,384.0,hr/bs/sr,False,hr/bs/sr|SIEMENS
1.2.826.0.1.3680043.8.498.37936061471366103885185528435327650981,SIEMENS,SonataVision,1.5,5,97,0.042933262,False,False,384.0,greek,False,greek|SIEMENS
1.2.826.0.1.3680043.8.498.37969790195791584440906553207150666923,SIEMENS,MAGNETOM Skyra,3.0,4,224,0.031829488,False,True,352.0,en,False,en|SIEMENS
1.2.826.0.1.3680043.8.498.38005916106577944091708997377832932938,PHILIPS,Achieva dStream,1.5,5,576,0.45469027,False,True,560.0,en,False,en|PHILIPS
1.2.826.0.1.3680043.8.498.38010459551726691601986492657296948013,PHILIPS,Ingenia,3.0,4,118,0.058353416,False,False,512.0,en,False,en|PHILIPS
1.2.826.0.1.3680043.8.498.38013372055010421273425628837282557767,SIEMENS,MAGNETOM Vida,3.0,5,163,0.15828332,False,False,640.0,nl,False,nl|SIEMENS
1.2.826.0.1.3680043.8.498.38039631093067555454700266397073080430,SIEMENS,MAGNETOM Aera,1.5,4,164,0.045008148,False,False,384.0,en,False,en|SIEMENS
1.2.826.0.1.3680043.8.498.38056024157303576597111203925091929489,PHILIPS,Ingenia,1.5,5,119,0.22642409,False,False,1024.0,unknown,False,unknown|PHILIPS
1.2.826.0.1.3680043.8.498.38069035744880456154810472748123499221,SIEMENS,MAGNETOM Vida,3.0,5,166,0.044613098,False,False,384.0,hr/bs/sr,False,hr/bs/sr|SIEMENS
1.2.826.0.1.3680043.8.498.38085359363401170553191582038767900323,SIEMENS,MAGNETOM Vida,3.0,5,166,0.153065736,False,False,640.0,nl,False,nl|SIEMENS
1.2.826.0.1.3680043.8.498.38095098835657518803781210111463995296,PHILIPS,Ingenia,3.0,4,95,0.04725116,False,False,512.0,en,False,en|PHILIPS
1.2.826.0.1.3680043.8.498.38104228771638294693272534500734878990,GE,Optima MR430s 1.5T,1.5,5,146,0.076738014,False,False,512.0,en,False,en|GE
1.2.826.0.1.3680043.8.498.38173249623713271734596884672770674290,PHILIPS,Achieva dStream,1.5,4,403,0.32193674,False,True,608.0,en,False,en|PHILIPS
1.2.826.0.1.3680043.8.498.38224750236138877853888930317337541394,SIEMENS,SonataVision,1.5,5,96,0.042113574,False,False,384.0,greek,False,greek|SIEMENS
1.2.826.0.1.3680043.8.498.38233845434092134418342290639986261345,GE,SIGNA Explorer,1.5,5,137,0.051592614,False,False,512.0,tr,False,tr|GE
1.2.826.0.1.3680043.8.498.38238963443939714344730201261512911003,GE,SIGNA Artist,1.5,5,189,0.222057148,False,False,512.0,es,False,es|GE
1.2.826.0.1.3680043.8.498.38272345519163551901865251730721530169,PHILIPS,Multiva,1.5,5,98,0.05948756,False,False,528.0,es,False,es|PHILIPS
1.2.826.0.1.3680043.8.498.38303182087206935163155565441234078389,PHILIPS,Ingenia,1.5,6,170,0.097519768,False,False,528.0,hr/bs/sr,False,hr/bs/sr|PHILIPS
1.2.826.0.1.3680043.8.498.38303307720827621886420004896097661262,SIEMENS,Aera,1.5,6,187,0.043978438,False,False,320.0,hr/bs/sr,False,hr/bs/sr|SIEMENS
1.2.826.0.1.3680043.8.498.38306262614552497897681886368029860358,SIEMENS,MAGNETOM Lumina,3.0,6,172,0.059490262,False,False,416.0,es,False,es|SIEMENS
1.2.826.0.1.3680043.8.498.38325494489236992123219618004392575979,PHILIPS,Achieva dStream,1.5,6,171,0.088846208,False,False,464.0,tr,False,tr|PHILIPS
1.2.826.0.1.3680043.8.498.38333934623775971943734069301776225018,SIEMENS,SonataVision,1.5,5,98,0.043751466,False,False,384.0,greek,False,greek|SIEMENS
1.2.826.0.1.3680043.8.498.38361762550587464310603057450403132552,SIEMENS,MAGNETOM Sola,1.5,5,146,0.110732972,False,False,640.0,nl,False,nl|SIEMENS
1.2.826.0.1.3680043.8.498.38365187857616428023213060377488046375,GE,Optima MR450w,1.5,5,164,0.134605262,False,False,640.0,en,False,en|GE
1.2.826.0.1.3680043.8.498.38373204312077453422262347769111605003,SIEMENS,Aera,1.5,9,253,0.136907632,False,False,512.0,en,False,en|SIEMENS
1.2.826.0.1.3680043.8.498.38420384692181444061893234153745102059,SIEMENS,MAGNETOM Vida,3.0,5,166,0.044607074,False,False,384.0,hr/bs/sr,False,hr/bs/sr|SIEMENS
1.2.826.0.1.3680043.8.498.38427680930662301114332563903957471851,PHILIPS,Ingenia,3.0,5,154,0.122073164,False,False,640.0,cyrillic,False,cyrillic|PHILIPS
1.2.826.0.1.3680043.8.498.38457315909459574570206119213798163082,SIEMENS,MAGNETOM Avanto fit,1.5,6,312,0.475864758,False,True,848.0,de,False,de|SIEMENS
1.2.826.0.1.3680043.8.498.38485168845116671268554752030254772359,PHILIPS,Ingenia,3.0,6,182,0.151884402,False,False,672.0,cyrillic,False,cyrillic|PHILIPS
1.2.826.0.1.3680043.8.498.38518069950656326194016175319535174299,SIEMENS,MAGNETOM Vida,3.0,6,191,0.053303338,False,False,384.0,hr/bs/sr,False,hr/bs/sr|SIEMENS
1.2.826.0.1.3680043.8.498.38528511947818361078957998546327084024,SIEMENS,Aera,1.5,5,160,0.0282094,False,False,320.0,tr,False,tr|SIEMENS
1.2.826.0.1.3680043.8.498.38554121831397903041461691318968151267,PHILIPS,Achieva dStream,1.5,5,585,0.459422624,False,True,560.0,en,False,en|PHILIPS
1.2.826.0.1.3680043.8.498.38567342184301320850258918666303107813,GE,SIGNA Architect,3.0,7,413,0.464100954,False,True,1024.0,tr,False,tr|GE
1.2.826.0.1.3680043.8.498.38584486469155131627808759862008577200,GE,Optima MR450w,,5,107,0.056214782,True,False,512.0,en,False,en|GE
1.2.826.0.1.3680043.8.498.38591915802992557518846862828618375715,SIEMENS,MAGNETOM Sola,1.5,5,158,0.119282948,False,False,640.0,nl,False,nl|SIEMENS
1.2.826.0.1.3680043.8.498.38593351637971248239815933638950449587,PHILIPS,Achieva dStream,3.0,9,273,0.211081216,False,False,640.0,en,False,en|PHILIPS
1.2.826.0.1.3680043.8.498.38617606118499305781729905815407382451,GE,Signa HDxt,1.5,6,203,0.08902402,False,False,512.0,en,False,en|GE
1.2.826.0.1.3680043.8.498.38628165743951175602803204505216754926,SIEMENS,SonataVision,1.5,5,93,0.040698736,False,False,384.0,greek,False,greek|SIEMENS
1.2.826.0.1.3680043.8.498.38655145317957160440692625317823254736,SIEMENS,Aera,1.5,5,144,0.029699154,False,False,320.0,tr,False,tr|SIEMENS
1.2.826.0.1.3680043.8.498.38701927697650476092773702704871872598,PHILIPS,Ingenia,3.0,4,118,0.058352606,False,False,512.0,en,False,en|PHILIPS
1.2.826.0.1.3680043.8.498.38702677049080452580748506476598606517,CANON/TOSHIBA,Vantage,,5,124,0.081317024,True,False,512.0,en,False,en|CANON/TOSHIBA
1.2.826.0.1.3680043.8.498.38717329577625255474350472405748992219,CANON/TOSHIBA,Galan 3T,3.0,7,210,0.239008492,False,False,768.0,en,False,en|CANON/TOSHIBA
1.2.826.0.1.3680043.8.498.38750761816114659458563557493234655604,PHILIPS,Ingenia,1.5,5,101,0.099904824,False,False,560.0,es,False,es|PHILIPS
1.2.826.0.1.3680043.8.498.38774313460931748278644354956408578813,SIEMENS,MAGNETOM Skyra,3.0,4,219,0.030348424,False,True,352.0,en,False,en|SIEMENS
1.2.826.0.1.3680043.8.498.38795933423959135237935740989825843893,PHILIPS,Ingenia,3.0,5,179,0.15177397,False,False,672.0,cyrillic,False,cyrillic|PHILIPS
1.2.826.0.1.3680043.8.498.38796519786809225694393617946244012065,SIEMENS,MAGNETOM Aera,1.5,4,151,0.04150939,False,False,384.0,en,False,en|SIEMENS
1.2.826.0.1.3680043.8.498.38844149478205202385909887748058004820,SIEMENS,Skyra,3.0,5,142,0.034399314,False,False,320.0,es,False,es|SIEMENS
1.2.826.0.1.3680043.8.498.38862475907405766248096419059100131863,SIEMENS,MAGNETOM Vida,3.0,6,211,0.058598488,False,False,384.0,hr/bs/sr,False,hr/bs/sr|SIEMENS
1.2.826.0.1.3680043.8.498.38870467957974446108337293912930572060,SIEMENS,MAGNETOM Avanto fit,1.5,5,280,0.427823624,False,True,800.0,de,False,de|SIEMENS
1.2.826.0.1.3680043.8.498.38893522232848525819919092148478879455,SIEMENS,SonataVision,1.5,4,81,0.023377964,False,False,384.0,greek,False,greek|SIEMENS
1.2.826.0.1.3680043.8.498.38898732985465285166803609252960353405,SIEMENS,MAGNETOM Vida,3.0,5,166,0.044606884,False,False,384.0,hr/bs/sr,False,hr/bs/sr|SIEMENS
1.2.826.0.1.3680043.8.498.38900640030483599614088224967855884221,SIEMENS,MAGNETOM Avanto fit,1.5,5,288,0.43723961,False,True,800.0,de,False,de|SIEMENS
1.2.826.0.1.3680043.8.498.38912715505731269998129663552068223373,PHILIPS,Achieva dStream,1.5,6,167,0.093066918,False,False,480.0,tr,False,tr|PHILIPS
1.2.826.0.1.3680043.8.498.38925755872951351471027638563742132144,GE,SIGNA Explorer,1.5,5,121,0.054977884,False,False,512.0,tr,False,tr|GE
1.2.826.0.1.3680043.8.498.38928323954764175259962816410233336718,PHILIPS,Achieva dStream,1.5,6,125,0.075272036,False,False,512.0,es,False,es|PHILIPS
1.2.826.0.1.3680043.8.498.38935694477580522005505074220300062204,PHILIPS,Achieva dStream,1.5,5,581,0.457421444,False,True,560.0,en,False,en|PHILIPS
1.2.826.0.1.3680043.8.498.38940868544480800333574786964232944756,GE,Optima MR450w,,5,114,0.05989554,True,False,512.0,en,False,en|GE
1.2.826.0.1.3680043.8.498.38974023308452365783768081643215200948,SIEMENS,MAGNETOM Aera,1.5,4,167,0.045891648,False,False,384.0,en,False,en|SIEMENS
1.2.826.0.1.3680043.8.498.38981318408220047366318316620365040799,SIEMENS,Aera,1.5,5,144,0.025497982,False,False,320.0,tr,False,tr|SIEMENS
1.2.826.0.1.3680043.8.498.39020025030013167602991688044932114354,GE,SIGNA Architect,3.0,7,346,0.335267514,False,True,1024.0,tr,False,tr|GE
1.2.826.0.1.3680043.8.498.39020232951771672617852805188845504161,SIEMENS,Aera,1.5,5,162,0.033906186,False,False,320.0,hr/bs/sr,False,hr/bs/sr|SIEMENS
1.2.826.0.1.3680043.8.498.39025433784711757736168236829157583043,PHILIPS,Ingenia,3.0,4,110,0.071160842,False,False,512.0,en,False,en|PHILIPS
1.2.826.0.1.3680043.8.498.39064406065534097226924475518005522427,SIEMENS,MAGNETOM Sempra,1.5,5,191,0.157752626,False,False,608.0,es,False,es|SIEMENS
1.2.826.0.1.3680043.8.498.39068632185013624181565849012182917752,CANON/TOSHIBA,Vantage,,5,141,0.119239392,True,False,704.0,en,False,en|CANON/TOSHIBA
1.2.826.0.1.3680043.8.498.39070169128115370701189151138307035053,GE,Optima MR450w,1.5,5,178,0.146078298,False,False,640.0,en,False,en|GE
1.2.826.0.1.3680043.8.498.39135770176150551756142329948474103964,CANON/TOSHIBA,Vantage,,5,130,0.08224422,True,False,512.0,en,False,en|CANON/TOSHIBA
1.2.826.0.1.3680043.8.498.39190090804401525573012570218955054016,PHILIPS,Ingenia,1.5,5,94,0.052870246,False,False,560.0,es,False,es|PHILIPS
1.2.826.0.1.3680043.8.498.39197976722851762826265579540678924584,PHILIPS,Ingenia,3.0,5,150,0.120113778,False,False,640.0,cyrillic,False,cyrillic|PHILIPS
1.2.826.0.1.3680043.8.498.39250844287482885227700969308333354206,PHILIPS,Ingenia,3.0,5,154,0.122075124,False,False,640.0,cyrillic,False,cyrillic|PHILIPS
1.2.826.0.1.3680043.8.498.39264696726258404531295961801831089064,SIEMENS,MAGNETOM Aera,1.5,4,142,0.03911093,False,False,384.0,fr,False,fr|SIEMENS
1.2.826.0.1.3680043.8.498.39275838957651450909114440721012584183,SIEMENS,Espree,1.5,5,125,0.018031486,False,False,256.0,en,False,en|SIEMENS
1.2.826.0.1.3680043.8.498.39324076659429494696721784912308233388,GE,SIGNA Artist,1.5,5,209,0.248298922,False,False,512.0,es,False,es|GE
1.2.826.0.1.3680043.8.498.39375796600811714870169173423682043709,PHILIPS,Ingenia,1.5,5,94,0.06737004,False,False,576.0,es,False,es|PHILIPS
1.2.826.0.1.3680043.8.498.39394842976048577715164357752399606924,SIEMENS,MAGNETOM Avanto fit,1.5,5,294,0.449574792,False,True,800.0,de,False,de|SIEMENS
1.2.826.0.1.3680043.8.498.39399668753650041254826892657562722764,GE,SIGNA Explorer,1.5,5,134,0.061813304,False,False,512.0,tr,False,tr|GE
1.2.826.0.1.3680043.8.498.39468803878805753474151381590569125402,GE,SIGNA Architect,3.0,7,422,0.451529662,False,True,1024.0,tr,False,tr|GE
1.2.826.0.1.3680043.8.498.39500553372517290823815606829518305500,SIEMENS,Skyra,3.0,6,190,0.087684136,False,False,384.0,es,True,es|SIEMENS
1.2.826.0.1.3680043.8.498.39507184510584030713933330702725991027,PHILIPS,Ingenia,3.0,6,176,0.134273574,False,False,640.0,cyrillic,False,cyrillic|PHILIPS
1.2.826.0.1.3680043.8.498.39547752108509751520306190293259313911,SIEMENS,MAGNETOM Avanto fit,1.5,5,261,0.398829738,False,True,800.0,de,False,de|SIEMENS
1.2.826.0.1.3680043.8.498.39578126940710463296572383286587298912,GE,SIGNA Architect,3.0,7,366,0.374885358,False,True,1024.0,tr,False,tr|GE
1.2.826.0.1.3680043.8.498.39624624539323722688093816284210287611,PHILIPS,Achieva dStream,3.0,10,315,0.245846936,False,False,640.0,en,False,en|PHILIPS
1.2.826.0.1.3680043.8.498.39636073039676814228254715705296535819,PHILIPS,Multiva,1.5,5,125,0.06774271,False,False,528.0,es,False,es|PHILIPS
1.2.826.0.1.3680043.8.498.39642276506855996181597769215091644995,SIEMENS,MAGNETOM Vida,3.0,6,221,0.061974084,False,False,384.0,hr/bs/sr,False,hr/bs/sr|SIEMENS
1.2.826.0.1.3680043.8.498.39787654910948635229369478006027304578,GE,SIGNA Explorer,1.5,5,116,0.051168504,False,False,512.0,tr,False,tr|GE
1.2.826.0.1.3680043.8.498.39799597341675508044808282472428242917,PHILIPS,Achieva dStream,3.0,10,315,0.242248164,False,True,640.0,en,False,en|PHILIPS
1.2.826.0.1.3680043.8.498.39845300426582562781355154625767485381,PHILIPS,Ingenia,1.5,6,121,0.114589856,False,False,656.0,es,False,es|PHILIPS
1.2.826.0.1.3680043.8.498.39875636232483792306109110284167439592,PHILIPS,Ingenia,3.0,6,179,0.141073798,False,False,656.0,cyrillic,False,cyrillic|PHILIPS
1.2.826.0.1.3680043.8.498.39895705984068714346274689335576595443,PHILIPS,Ingenia,3.0,6,215,0.184021746,False,False,656.0,cyrillic,False,cyrillic|PHILIPS
1.2.826.0.1.3680043.8.498.39932424305167611414527482641898907759,CANON/TOSHIBA,Galan 3T,3.0,7,210,0.236213418,False,False,768.0,en,False,en|CANON/TOSHIBA
1.2.826.0.1.3680043.8.498.39954567501513957418422043089587980092,SIEMENS,MAGNETOM Vida,3.0,5,166,0.15306626,False,False,640.0,nl,False,nl|SIEMENS
1.2.826.0.1.3680043.8.498.39959632509842689058626880477779808473,PHILIPS,Achieva dStream,1.5,5,108,0.067278534,False,False,560.0,es,False,es|PHILIPS
1.2.826.0.1.3680043.8.498.39969071491383654382076256213867635377,PHILIPS,Ingenia Ambition X,1.5,8,254,0.1682909,False,False,544.0,en,False,en|PHILIPS
1.2.826.0.1.3680043.8.498.40036526071307024601256787605725348112,SIEMENS,SonataVision,1.5,5,105,0.04055034,False,False,384.0,greek,False,greek|SIEMENS
1.2.826.0.1.3680043.8.498.40041164441539690764994039690598305675,SIEMENS,MAGNETOM Aera,1.5,4,150,0.04130335,False,False,384.0,fr,False,fr|SIEMENS
1.2.826.0.1.3680043.8.498.40086005762552976451418579375198597540,PHILIPS,Intera,1.5,10,336,0.439903332,False,False,864.0,en,False,en|PHILIPS
1.2.826.0.1.3680043.8.498.40131899651518057045444739705301716085,GE,Optima MR450w,,5,105,0.055161556,True,False,512.0,en,False,en|GE
1.2.826.0.1.3680043.8.498.40154708689850542672289658249059660788,GE,Optima MR450w,,5,140,0.073552636,True,False,512.0,en,False,en|GE
1.2.826.0.1.3680043.8.498.40196271329411009311273016603705560443,SIEMENS,MAGNETOM Vida,3.0,4,130,0.05919458,False,False,480.0,en,False,en|SIEMENS
1.2.826.0.1.3680043.8.498.40223239401390462911823193489179244754,PHILIPS,Achieva dStream,3.0,8,255,0.2063534,False,False,640.0,en,False,en|PHILIPS
1.2.826.0.1.3680043.8.498.40239104167848425290754606013326180693,GE,Optima MR450w,1.5,6,156,0.128023364,False,False,640.0,en,False,en|GE
1.2.826.0.1.3680043.8.498.40254123984175499564145728084464192446,PHILIPS,Achieva dStream,3.0,9,279,0.22751372,False,False,640.0,en,False,en|PHILIPS
1.2.826.0.1.3680043.8.498.40257126480600927758308319831518876543,SIEMENS,SonataVision,1.5,5,92,0.038142512,False,False,384.0,greek,False,greek|SIEMENS
1.2.826.0.1.3680043.8.498.40269807401373034066229810558300266830,GE,Signa HDxt,,5,90,0.04728068,True,False,512.0,en,False,en|GE
1.2.826.0.1.3680043.8.498.40308838286515017547707130085914948230,GE,Signa HDxt,1.5,5,130,0.068345346,False,False,512.0,en,False,en|GE
1.2.826.0.1.3680043.8.498.40317527233615709136328116805254969837,PHILIPS,Achieva dStream,1.5,6,173,0.09039842,False,False,464.0,tr,False,tr|PHILIPS
1.2.826.0.1.3680043.8.498.40372643537313871452054321931253684619,SIEMENS,MAGNETOM Vida,3.0,6,191,0.053302586,False,False,384.0,hr/bs/sr,False,hr/bs/sr|SIEMENS
1.2.826.0.1.3680043.8.498.40386781168330493993852288092654487818,SIEMENS,Aera,1.5,8,223,0.136863782,False,False,640.0,en,False,en|SIEMENS
1.2.826.0.1.3680043.8.498.40419759559020255481034237210540871312,PHILIPS,Ingenia,3.0,5,124,0.113506844,False,False,528.0,es,False,es|PHILIPS
1.2.826.0.1.3680043.8.498.40436886205373732563782477802719203679,CANON/TOSHIBA,Vantage,,5,140,0.089493396,True,False,512.0,en,False,en|CANON/TOSHIBA
1.2.826.0.1.3680043.8.498.40437305053062892226978469238653825745,SIEMENS,MAGNETOM Vida,3.0,5,166,0.044613104,False,False,384.0,hr/bs/sr,False,hr/bs/sr|SIEMENS
1.2.826.0.1.3680043.8.498.40441879276927383122480339472406105572,SIEMENS,Aera,1.5,6,187,0.04397841,False,False,320.0,hr/bs/sr,False,hr/bs/sr|SIEMENS
1.2.826.0.1.3680043.8.498.40487147942341753806704765355921322161,GE,SIGNA EXCITE,1.5,7,200,0.105131544,False,False,512.0,en,False,en|GE
1.2.826.0.1.3680043.8.498.40533893516114346078820881178450524201,SIEMENS,SonataVision,1.5,6,113,0.056065358,False,False,448.0,greek,False,greek|SIEMENS
1.2.826.0.1.3680043.8.498.40547250250566982489293057895661861722,SIEMENS,SonataVision,1.5,4,75,0.030612942,False,False,384.0,greek,False,greek|SIEMENS
1.2.826.0.1.3680043.8.498.40576954651310602807432132614823906315,GE,SIGNA Explorer,1.5,5,143,0.065366486,False,False,512.0,tr,False,tr|GE
1.2.826.0.1.3680043.8.498.40608233778918249560056537030108548037,PHILIPS,Ingenia,1.5,6,171,0.090351838,False,False,520.0,hr/bs/sr,False,hr/bs/sr|PHILIPS
1.2.826.0.1.3680043.8.498.40612173652156509478338094582396889655,PHILIPS,Ingenia,3.0,4,109,0.05387294,False,False,512.0,en,False,en|PHILIPS
1.2.826.0.1.3680043.8.498.40618283771317160262473004328692613267,SIEMENS,MAGNETOM Avanto fit,1.5,6,322,0.470059712,False,True,720.0,de,False,de|SIEMENS
1.2.826.0.1.3680043.8.498.40627043074325458726412346974457616938,PHILIPS,Achieva dStream,3.0,9,273,0.218724406,False,False,640.0,en,False,en|PHILIPS
1.2.826.0.1.3680043.8.498.40654763252951267464957826289984701872,PHILIPS,Achieva dStream,3.0,11,355,0.26879673,False,False,640.0,en,False,en|PHILIPS
1.2.826.0.1.3680043.8.498.40703974473944295875248011843170371394,GE,SIGNA EXCITE,1.5,7,177,0.093040542,False,False,512.0,en,False,en|GE
1.2.826.0.1.3680043.8.498.40718200801895968234499223301900799376,SIEMENS,Aera,1.5,5,144,0.025498778,False,False,320.0,tr,False,tr|SIEMENS
1.2.826.0.1.3680043.8.498.40723835064354784133289444204866484476,GE,Optima MR450w,1.5,5,166,0.136246416,False,False,640.0,en,False,en|GE
1.2.826.0.1.3680043.8.498.40765829900885943055669918091033014654,PHILIPS,MR 5300,1.5,5,98,0.057371274,False,False,480.0,es,False,es|PHILIPS
1.2.826.0.1.3680043.8.498.40823842819404259265489417470859248075,PHILIPS,Ingenia,1.5,5,105,0.093288838,False,False,480.0,es,False,es|PHILIPS
1.2.826.0.1.3680043.8.498.40828786094337186697222449293183309391,GE,SIGNA Explorer,1.5,5,133,0.049884424,False,False,512.0,tr,False,tr|GE
1.2.826.0.1.3680043.8.498.40837296112545776586904280088902000849,SIEMENS,Skyra,3.0,6,186,0.18232759,False,False,768.0,es,False,es|SIEMENS
1.2.826.0.1.3680043.8.498.40898220266193841898869905714214454387,PHILIPS,Ingenia,1.5,5,113,0.214892176,False,False,1024.0,es,False,es|PHILIPS
1.2.826.0.1.3680043.8.498.40910368031948275476880475208016058754,PHILIPS,Ingenia,1.5,5,110,0.108857686,False,False,560.0,es,False,es|PHILIPS
1.2.826.0.1.3680043.8.498.40930045208346676628855922755791787949,SIEMENS,SonataVision,1.5,5,99,0.044050864,False,False,384.0,greek,False,greek|SIEMENS
1.2.826.0.1.3680043.8.498.40967435550546093348221485942169879116,SIEMENS,MAGNETOM Avanto fit,1.5,5,275,0.420652304,False,True,800.0,de,False,de|SIEMENS
1.2.826.0.1.3680043.8.498.40987687016832998820664054439678138878,PHILIPS,Ingenia,3.0,4,118,0.058361432,False,False,512.0,en,False,en|PHILIPS
1.2.826.0.1.3680043.8.498.40994616246264625946610553907227975893,SIEMENS,MAGNETOM Vida,3.0,6,191,0.053296154,False,False,384.0,hr/bs/sr,False,hr/bs/sr|SIEMENS
1.2.826.0.1.3680043.8.498.41036022211588451079713314564568887994,GE,Optima MR450w,1.5,6,192,0.157566964,False,False,640.0,en,False,en|GE
1.2.826.0.1.3680043.8.498.41057428195711190931490429649014776496,CANON/TOSHIBA,Vantage,,5,140,0.094507026,True,False,580.0,en,False,en|CANON/TOSHIBA
1.2.826.0.1.3680043.8.498.41108421820714108307078614688022098388,SIEMENS,SonataVision,1.5,5,98,0.043755574,False,False,384.0,greek,False,greek|SIEMENS
1.2.826.0.1.3680043.8.498.41124244151692842048993594448992046260,PHILIPS,MR 5300,1.5,5,109,0.069988582,False,False,528.0,es,False,es|PHILIPS
1.2.826.0.1.3680043.8.498.41129090437522031508960438281451672212,SIEMENS,Aera,1.5,7,207,0.089559084,False,False,512.0,en,False,en|SIEMENS
1.2.826.0.1.3680043.8.498.41197678541534079475667407055098243437,SIEMENS,MAGNETOM Vida,3.0,4,136,0.062119598,False,False,480.0,en,False,en|SIEMENS
1.2.826.0.1.3680043.8.498.41240503248178304281405515398211762506,SIEMENS,MAGNETOM Aera,1.5,4,136,0.037694492,False,False,384.0,fr,False,fr|SIEMENS
1.2.826.0.1.3680043.8.498.41254472410580125134596211010943842213,SIEMENS,MAGNETOM Avanto fit,1.5,6,300,0.418598068,False,True,752.0,de,False,de|SIEMENS
1.2.826.0.1.3680043.8.498.41315359092354940082611381451934245995,PHILIPS,Ingenia,1.5,6,171,0.090351804,False,False,520.0,hr/bs/sr,False,hr/bs/sr|PHILIPS
1.2.826.0.1.3680043.8.498.41326575785634778198143222323166756210,PHILIPS,Ingenia,1.5,6,170,0.097519638,False,False,528.0,hr/bs/sr,False,hr/bs/sr|PHILIPS
1.2.826.0.1.3680043.8.498.41363979247025384202932112601795525615,SIEMENS,MAGNETOM Vida,3.0,6,191,0.053303066,False,False,384.0,hr/bs/sr,False,hr/bs/sr|SIEMENS
1.2.826.0.1.3680043.8.498.41366889271483886167284378157366992074,SIEMENS,Espree,1.5,5,134,0.023867968,False,False,320.0,en,False,en|SIEMENS
1.2.826.0.1.3680043.8.498.41382780862853765983216810855531499640,CANON/TOSHIBA,Vantage,,5,138,0.094052642,True,False,540.0,en,False,en|CANON/TOSHIBA
1.2.826.0.1.3680043.8.498.41439889720274233955076963938741061358,PHILIPS,Achieva dStream,3.0,9,275,0.22388711,False,False,640.0,en,False,en|PHILIPS
1.2.826.0.1.3680043.8.498.41440206520769979754790425253631809212,PHILIPS,Ingenia,1.5,5,160,0.084066058,False,False,512.0,hr/bs/sr,False,hr/bs/sr|PHILIPS
1.2.826.0.1.3680043.8.498.41454762422897656673710145732036115764,GE,SIGNA Explorer,1.5,6,136,0.071513274,False,False,512.0,tr,False,tr|GE
1.2.826.0.1.3680043.8.498.41564229176277158115386256329157870722,GE,SIGNA Explorer,1.5,5,108,0.0567912,False,False,512.0,tr,False,tr|GE
1.2.826.0.1.3680043.8.498.41587640208769641326416798167574152049,SIEMENS,MAGNETOM Sola,1.5,5,146,0.110733812,False,False,640.0,nl,False,nl|SIEMENS
1.2.826.0.1.3680043.8.498.41600498783384864111179175518614837125,PHILIPS,Achieva dStream,3.0,8,239,0.193997678,False,False,640.0,en,True,en|PHILIPS
1.2.826.0.1.3680043.8.498.41605033773891953796694219242501252567,PHILIPS,Ingenia,3.0,4,130,0.070686918,False,False,520.0,en,False,en|PHILIPS
1.2.826.0.1.3680043.8.498.41619164749467663852546208143469380415,SIEMENS,Aera,1.5,5,144,0.019083496,False,False,256.0,tr,False,tr|SIEMENS
1.2.826.0.1.3680043.8.498.41623512571866040054960002151226127775,SIEMENS,SonataVision,1.5,5,102,0.044941376,False,False,384.0,greek,False,greek|SIEMENS
1.2.826.0.1.3680043.8.498.41640481150213029810772014344448781554,GE,SIGNA Explorer,1.5,5,141,0.065495294,False,False,512.0,tr,False,tr|GE
1.2.826.0.1.3680043.8.498.41657361598083583047831423768034379414,GE,SIGNA Explorer,1.5,5,108,0.04774822,False,False,512.0,tr,False,tr|GE
1.2.826.0.1.3680043.8.498.41662013720606493874198348776219875496,SIEMENS,MAGNETOM Vida,3.0,4,130,0.059193508,False,False,480.0,en,False,en|SIEMENS
1.2.826.0.1.3680043.8.498.41672145969790132883562432403529293545,SIEMENS,Aera,1.5,11,445,0.247227712,False,True,512.0,en,False,en|SIEMENS
1.2.826.0.1.3680043.8.498.41696746845418651508748386392327996143,GE,Optima MR450w,1.5,5,159,0.130486028,False,False,640.0,en,False,en|GE
1.2.826.0.1.3680043.8.498.41698150452794914665945455397334605778,SIEMENS,Aera,1.5,10,439,0.183756752,False,True,480.0,en,False,en|SIEMENS
1.2.826.0.1.3680043.8.498.41717437729988689273718049162153247404,PHILIPS,Ingenia,3.0,6,139,0.12009383,False,False,512.0,es,False,es|PHILIPS
1.2.826.0.1.3680043.8.498.41751049067043481681879071436091069601,SIEMENS,Aera,1.5,8,210,0.08955641,False,False,512.0,en,False,en|SIEMENS
1.2.826.0.1.3680043.8.498.41769275806689876192405091865340286535,PHILIPS,Ingenia Ambition X,1.5,10,342,0.19218778,False,True,520.0,en,False,en|PHILIPS
1.2.826.0.1.3680043.8.498.41776233288569201013095816839442161537,SIEMENS,Espree,1.5,6,191,0.027220504,False,False,256.0,en,False,en|SIEMENS
1.2.826.0.1.3680043.8.498.41810826648175757249770990269365542940,PHILIPS,Ingenia,3.0,4,130,0.06835597,False,False,512.0,en,False,en|PHILIPS
1.2.826.0.1.3680043.8.498.41837648239243141231469586963862388683,SIEMENS,MAGNETOM Aera,1.5,4,156,0.042901356,False,False,384.0,fr,False,fr|SIEMENS
1.2.826.0.1.3680043.8.498.41852534027066121760361035269460584004,SIEMENS,MAGNETOM Vida,3.0,5,166,0.153066014,False,False,640.0,nl,False,nl|SIEMENS
1.2.826.0.1.3680043.8.498.41854610297797849683195403204758363476,SIEMENS,MAGNETOM Avanto fit,1.5,5,284,0.43273015,False,True,800.0,de,False,de|SIEMENS
1.2.826.0.1.3680043.8.498.41856137734822068230231773222820851271,SIEMENS,Espree,1.5,5,138,0.113248734,False,False,640.0,en,False,en|SIEMENS
1.2.826.0.1.3680043.8.498.41939824564209194493855981805593285528,SIEMENS,MAGNETOM Avanto fit,1.5,5,286,0.441908004,False,True,800.0,de,False,de|SIEMENS
1.2.826.0.1.3680043.8.498.41990779875873214154237496750949660480,PHILIPS,Ingenia,3.0,5,98,0.094604268,False,False,512.0,es,False,es|PHILIPS
1.2.826.0.1.3680043.8.498.42018410640565840140895012243840256810,SIEMENS,MAGNETOM Vida,3.0,6,209,0.058081402,False,False,384.0,hr/bs/sr,False,hr/bs/sr|SIEMENS
1.2.826.0.1.3680043.8.498.42018683052544325209168649309206539721,FUJI/HITACHI,OASIS_Velocity,1.16,5,154,0.059627162,False,False,448.0,en,False,en|FUJI/HITACHI
1.2.826.0.1.3680043.8.498.42023788139360998656558751921918860808,SIEMENS,MAGNETOM Avanto fit,1.5,5,293,0.481736364,False,True,864.0,de,False,de|SIEMENS
1.2.826.0.1.3680043.8.498.42051385452979123325023608442860201782,PHILIPS,Achieva dStream,3.0,10,337,0.255897636,False,True,640.0,en,False,en|PHILIPS
1.2.826.0.1.3680043.8.498.42057349781448469704191384429694247725,SIEMENS,Aera,1.5,6,187,0.043977932,False,False,320.0,hr/bs/sr,False,hr/bs/sr|SIEMENS
1.2.826.0.1.3680043.8.498.42120645248710860870761681999665860884,PHILIPS,Achieva dStream,1.5,6,165,0.090985514,False,False,480.0,tr,False,tr|PHILIPS
1.2.826.0.1.3680043.8.498.42130173624033946465704266507948122088,SIEMENS,Verio,3.0,5,172,0.02770583,False,False,256.0,en,False,en|SIEMENS
1.2.826.0.1.3680043.8.498.42162585695624963017992042571207363427,GE,SIGNA Architect,3.0,7,391,0.44309467,False,True,1024.0,tr,False,tr|GE
1.2.826.0.1.3680043.8.498.42221373360893091454504422964928099406,SIEMENS,MAGNETOM Vida,3.0,6,191,0.053303096,False,False,384.0,hr/bs/sr,False,hr/bs/sr|SIEMENS
1.2.826.0.1.3680043.8.498.42225165085995728538373532053227662192,SIEMENS,MAGNETOM Avanto fit,1.5,6,349,0.542412286,False,True,800.0,de,False,de|SIEMENS
1.2.826.0.1.3680043.8.498.42287188181305579531212818123200473947,GE,SIGNA Explorer,1.5,6,151,0.079402566,False,False,512.0,tr,False,tr|GE
1.2.826.0.1.3680043.8.498.42389063782063360163798575455522539633,GE,SIGNA EXCITE,1.5,7,168,0.08830971,False,False,512.0,en,False,en|GE
1.2.826.0.1.3680043.8.498.42396216793489016293032290339618185275,PHILIPS,Ingenia,1.5,5,140,0.080741546,False,False,528.0,hr/bs/sr,False,hr/bs/sr|PHILIPS
1.2.826.0.1.3680043.8.498.42414269167296543219685897036829241885,PHILIPS,Ingenia Ambition X,1.5,8,254,0.168303688,False,False,544.0,en,False,en|PHILIPS
1.2.826.0.1.3680043.8.498.42476443240785038044326483794941265936,PHILIPS,Achieva dStream,1.5,5,114,0.050697698,False,False,480.0,es,False,es|PHILIPS
1.2.826.0.1.3680043.8.498.42486421970612099441197418307958561877,PHILIPS,Achieva dStream,1.5,7,226,0.120525502,False,True,480.0,tr,False,tr|PHILIPS
1.2.826.0.1.3680043.8.498.42499092649567991851673654940784921876,CANON/TOSHIBA,Vantage,,5,131,0.084994274,True,False,512.0,en,False,en|CANON/TOSHIBA
1.2.826.0.1.3680043.8.498.42566296562794128096734153388840524012,SIEMENS,SonataVision,1.5,6,117,0.047909044,False,False,384.0,greek,False,greek|SIEMENS
1.2.826.0.1.3680043.8.498.42580107838226807862930203257414265276,SIEMENS,MAGNETOM Lumina,3.0,5,174,0.060484148,False,False,416.0,es,False,es|SIEMENS
1.2.826.0.1.3680043.8.498.42587087495729026068405824960397052997,SIEMENS,MAGNETOM Vida,3.0,5,166,0.153066284,False,False,640.0,nl,False,nl|SIEMENS
1.2.826.0.1.3680043.8.498.42598518026540237824479232797503218019,PHILIPS,Ingenia,3.0,4,131,0.068881274,False,False,512.0,en,False,en|PHILIPS
1.2.826.0.1.3680043.8.498.42609322631348207494943622999125822017,GE,SIGNA EXCITE,1.5,7,192,0.100925098,False,False,512.0,en,False,en|GE
1.2.826.0.1.3680043.8.498.42634709955067416383713194799683605006,PHILIPS,Ingenia,1.5,5,155,0.089130346,False,False,528.0,hr/bs/sr,False,hr/bs/sr|PHILIPS
1.2.826.0.1.3680043.8.498.42719592405241698450757802131459694665,PHILIPS,Ingenia,3.0,4,130,0.070686948,False,False,520.0,en,False,en|PHILIPS
1.2.826.0.1.3680043.8.498.42768603719459834345001093623865167866,GE,SIGNA EXCITE,1.5,4,96,0.050464446,False,False,512.0,en,False,en|GE
1.2.826.0.1.3680043.8.498.42776652100045349404152232788825670056,GE,SIGNA EXCITE,1.5,7,188,0.098823554,False,False,512.0,en,False,en|GE
1.2.826.0.1.3680043.8.498.42778524243264061817587398263842942394,GE,SIGNA Explorer,1.5,5,122,0.064153046,False,False,512.0,tr,False,tr|GE
1.2.826.0.1.3680043.8.498.42816339547796375466199938922141987775,SIEMENS,MAGNETOM Sempra,1.5,5,186,0.044605014,False,False,320.0,es,False,es|SIEMENS
1.2.826.0.1.3680043.8.498.42829490507052740062127365747846030214,SIEMENS,SonataVision,1.5,5,101,0.044645006,False,False,384.0,greek,False,greek|SIEMENS
1.2.826.0.1.3680043.8.498.42847376403722341195083350288786052637,SIEMENS,Aera,1.5,5,144,0.025498206,False,False,320.0,tr,False,tr|SIEMENS
1.2.826.0.1.3680043.8.498.42887028634948156598417204377884297339,PHILIPS,Achieva dStream,3.0,8,251,0.209580316,False,False,640.0,en,False,en|PHILIPS
1.2.826.0.1.3680043.8.498.42896117106271721157113072562739356381,SIEMENS,Verio,3.0,5,166,0.026418838,False,False,256.0,en,False,en|SIEMENS
1.2.826.0.1.3680043.8.498.42921593713351589642747633505679170597,PHILIPS,Achieva dStream,1.5,5,105,0.052423654,False,False,480.0,es,False,es|PHILIPS
1.2.826.0.1.3680043.8.498.42942844751304929338846069579289911684,SIEMENS,MAGNETOM Aera,1.5,6,244,0.068803422,False,False,384.0,fr,False,fr|SIEMENS
1.2.826.0.1.3680043.8.498.42965031665568825650795822006244115609,GE,Optima MR450w,,5,122,0.064095696,True,False,512.0,en,False,en|GE
1.2.826.0.1.3680043.8.498.42967970121147528831983176261453235744,GE,SIGNA Artist,1.5,5,203,0.24042716,False,False,512.0,es,False,es|GE
1.2.826.0.1.3680043.8.498.42990542863216044717944418712887800295,PHILIPS,MR 5300,1.5,5,105,0.063525242,False,False,480.0,es,False,es|PHILIPS
1.2.826.0.1.3680043.8.498.43014288535685961874615794778401152033,PHILIPS,Ingenia,3.0,6,187,0.143391858,False,False,640.0,cyrillic,False,cyrillic|PHILIPS
1.2.826.0.1.3680043.8.498.43046713539641995841029654207663845887,GE,Optima MR450w,,5,98,0.051483432,True,False,512.0,en,False,en|GE
1.2.826.0.1.3680043.8.498.43065391907984821806263204343792008938,SIEMENS,MAGNETOM Vida,3.0,4,122,0.055491934,False,False,480.0,en,False,en|SIEMENS
1.2.826.0.1.3680043.8.498.43117007553940146763245418710268028741,SIEMENS,Aera,1.5,5,144,0.027708156,False,False,320.0,tr,False,tr|SIEMENS
1.2.826.0.1.3680043.8.498.43127139928509033152155587499980767364,GE,SIGNA EXCITE,1.5,7,168,0.088309088,False,False,512.0,en,False,en|GE
1.2.826.0.1.3680043.8.498.43144544376687968624598661376472625623,SIEMENS,MAGNETOM Vida,3.0,4,135,0.061631304,False,False,480.0,en,False,en|SIEMENS
1.2.826.0.1.3680043.8.498.43256282639827216310036033378453939750,SIEMENS,MAGNETOM Sempra,1.5,5,154,0.038201496,False,False,320.0,es,False,es|SIEMENS
1.2.826.0.1.3680043.8.498.43256905750043156063416845850825787417,SIEMENS,MAGNETOM Lumina,3.0,5,172,0.059570176,False,False,416.0,es,False,es|SIEMENS
1.2.826.0.1.3680043.8.498.43300763182450509440662392516941842389,SIEMENS,MAGNETOM Prisma,3.0,4,136,0.11666296,False,False,588.0,greek,False,greek|SIEMENS
1.2.826.0.1.3680043.8.498.43325226037168674077736336919956196684,SIEMENS,SonataVision,1.5,5,98,0.044047188,False,False,384.0,greek,False,greek|SIEMENS
1.2.826.0.1.3680043.8.498.43339007024446439709455570527734115557,SIEMENS,Aera,1.5,5,127,0.026191754,False,False,320.0,tr,False,tr|SIEMENS
1.2.826.0.1.3680043.8.498.43351215447181735764667371462573550267,SIEMENS,MAGNETOM Aera,1.5,4,142,0.03911232,False,False,384.0,fr,False,fr|SIEMENS
1.2.826.0.1.3680043.8.498.43355923025859051425546451466843844346,GE,Signa HDxt,1.5,10,352,0.07025286,False,False,256.0,en,False,en|GE
1.2.826.0.1.3680043.8.498.43412154740072739455825163326814980838,SIEMENS,MAGNETOM Sempra,1.5,5,157,0.038085576,False,False,320.0,es,False,es|SIEMENS
1.2.826.0.1.3680043.8.498.43432499267536761263202158662502957684,SIEMENS,SonataVision,1.5,5,112,0.041849764,False,False,384.0,greek,False,greek|SIEMENS
1.2.826.0.1.3680043.8.498.43439413368880313042951208701983487343,PHILIPS,Ingenia,3.0,4,118,0.110551448,False,False,624.0,en,False,en|PHILIPS
1.2.826.0.1.3680043.8.498.43442933855807685981061557274166869461,SIEMENS,MAGNETOM Sempra,1.5,5,165,0.123030186,False,False,576.0,es,False,es|SIEMENS
1.2.826.0.1.3680043.8.498.43445351322695981909807931874796758490,GE,SIGNA Explorer,1.5,6,114,0.059945988,False,False,512.0,tr,False,tr|GE
1.2.826.0.1.3680043.8.498.43483537125776347707929354413013709736,SIEMENS,Aera,1.5,5,152,0.026853222,False,False,320.0,tr,False,tr|SIEMENS
1.2.826.0.1.3680043.8.498.43587191909319947256183198986671106743,GE,Optima MR450w,,5,140,0.073552076,True,False,512.0,en,False,en|GE
1.2.826.0.1.3680043.8.498.43587826365647713044374316837330397375,SIEMENS,MAGNETOM Aera,1.5,4,153,0.042102022,False,False,384.0,fr,False,fr|SIEMENS
1.2.826.0.1.3680043.8.498.43692339773096477132070133629776394739,SIEMENS,MAGNETOM Vida,3.0,4,130,0.059193586,False,False,480.0,en,False,en|SIEMENS
1.2.826.0.1.3680043.8.498.43709699920591091261137846976272625163,PHILIPS,Achieva dStream,3.0,9,315,0.285828134,False,False,640.0,en,False,en|PHILIPS
1.2.826.0.1.3680043.8.498.43779228281849457650343989788070421822,SIEMENS,MAGNETOM Vida,3.0,6,191,0.053302554,False,False,384.0,hr/bs/sr,False,hr/bs/sr|SIEMENS
1.2.826.0.1.3680043.8.498.43797037142729611453626414920554246615,SIEMENS,SonataVision,1.5,5,97,0.042935158,False,False,384.0,greek,False,greek|SIEMENS
1.2.826.0.1.3680043.8.498.43832771919542075229536000564653592465,GE,Optima MR450w,,5,100,0.052534058,True,False,512.0,en,False,en|GE
1.2.826.0.1.3680043.8.498.43870319732657730742794291443940225011,PHILIPS,MR 7700,3.0,4,129,0.116089516,False,False,512.0,en,False,en|PHILIPS
1.2.826.0.1.3680043.8.498.43967752580489865323542041346927244370,SIEMENS,MAGNETOM Vida,3.0,4,130,0.05919362,False,False,480.0,en,False,en|SIEMENS
1.2.826.0.1.3680043.8.498.44002376543340544410495269060824194475,GE,SIGNA Voyager,1.5,8,296,0.107655254,False,False,512.0,en,False,en|GE
1.2.826.0.1.3680043.8.498.44024350801191362011463613321559949052,PHILIPS,Ingenia Ambition X,1.5,9,292,0.185574886,False,False,528.0,en,False,en|PHILIPS
1.2.826.0.1.3680043.8.498.44149403030093858908988179411336839587,SIEMENS,MAGNETOM Vida,3.0,4,130,0.059193626,False,False,480.0,en,False,en|SIEMENS
1.2.826.0.1.3680043.8.498.44239214982361627984688924889728201208,GE,SIGNA EXCITE,,5,87,0.045702108,True,False,512.0,en,False,en|GE
1.2.826.0.1.3680043.8.498.44259687212868598275713310246316207497,SIEMENS,MAGNETOM Aera,1.5,4,138,0.03802192,False,False,384.0,en,False,en|SIEMENS
1.2.826.0.1.3680043.8.498.44261256084247541720465769177956875383,GE,SIGNA Artist,1.5,4,138,0.124464944,False,False,512.0,en,False,en|GE
1.2.826.0.1.3680043.8.498.44321626715626508427287815810252844889,PHILIPS,Ingenia,3.0,5,102,0.088648702,False,False,512.0,es,False,es|PHILIPS
1.2.826.0.1.3680043.8.498.44323131330689365651417881352766725366,GE,SIGNA Voyager,1.5,5,167,0.046908044,False,False,256.0,en,False,en|GE
1.2.826.0.1.3680043.8.498.44333089398623004498721836325723633455,GE,Optima MR450w,1.5,5,166,0.032620198,False,False,256.0,en,False,en|GE
1.2.826.0.1.3680043.8.498.44350638600163778456163342454087669278,SIEMENS,MAGNETOM Vida,3.0,6,191,0.053294264,False,False,384.0,hr/bs/sr,False,hr/bs/sr|SIEMENS
1.2.826.0.1.3680043.8.498.44365814642869065241166313231424697474,SIEMENS,MAGNETOM Vida,3.0,4,134,0.061044634,False,False,480.0,en,False,en|SIEMENS
1.2.826.0.1.3680043.8.498.44405554266141576380633014711246118209,SIEMENS,Skyra,3.0,5,186,0.049045242,False,False,320.0,es,False,es|SIEMENS
1.2.826.0.1.3680043.8.498.44417768181231991989438194369583907493,SIEMENS,MAGNETOM Avanto fit,1.5,5,278,0.42288999,False,True,800.0,de,False,de|SIEMENS
1.2.826.0.1.3680043.8.498.44424196147366603683090692394096032727,PHILIPS,Ingenia Ambition X,1.5,9,280,0.17809459,False,False,528.0,en,False,en|PHILIPS
1.2.826.0.1.3680043.8.498.44441813293962885868294317830142850713,GE,SIGNA Artist,1.5,6,248,0.276670268,False,False,512.0,es,False,es|GE
1.2.826.0.1.3680043.8.498.44476475746458439091354236934188679569,PHILIPS,Ingenia,3.0,4,118,0.064533448,False,False,536.0,en,False,en|PHILIPS
1.2.826.0.1.3680043.8.498.44525218699266472141419416162979441275,PHILIPS,Ingenia,3.0,6,172,0.133540162,False,False,640.0,cyrillic,False,cyrillic|PHILIPS
1.2.826.0.1.3680043.8.498.44629238055006732101555855930071163428,PHILIPS,Ingenia Ambition X,1.5,10,336,0.18882401,False,True,520.0,en,False,en|PHILIPS
1.2.826.0.1.3680043.8.498.44654558140536370040701171884970036040,SIEMENS,MAGNETOM Vida,3.0,7,227,0.060261094,False,False,384.0,hr/bs/sr,False,hr/bs/sr|SIEMENS
1.2.826.0.1.3680043.8.498.44670636848627131733157841382853275817,SIEMENS,MAGNETOM Vida,3.0,4,143,0.065099532,False,False,480.0,en,False,en|SIEMENS
1.2.826.0.1.3680043.8.498.44713330360073884105636085566230396530,GE,SIGNA Artist,1.5,4,132,0.116591512,False,False,512.0,en,False,en|GE
1.2.826.0.1.3680043.8.498.44733200650377282012534389271385687852,GE,SIGNA EXCITE,1.5,8,192,0.100925554,False,False,512.0,en,False,en|GE
1.2.826.0.1.3680043.8.498.44758766790156297849747618145458535803,PHILIPS,Achieva dStream,1.5,5,118,0.051984104,False,False,480.0,es,False,es|PHILIPS
1.2.826.0.1.3680043.8.498.44792591585917525576461101442761037507,SIEMENS,MAGNETOM Skyra,3.0,4,219,0.034182148,False,True,352.0,en,False,en|SIEMENS
1.2.826.0.1.3680043.8.498.44863396093454506630473164990623458425,SIEMENS,Aera,1.5,5,166,0.04008891,False,False,320.0,en,False,en|SIEMENS
1.2.826.0.1.3680043.8.498.44875593707781066742286566388388035791,GE,SIGNA EXCITE,1.5,8,219,0.115119544,False,False,512.0,en,False,en|GE
1.2.826.0.1.3680043.8.498.44879085997210091159117906674172231025,CANON/TOSHIBA,Galan 3T,3.0,8,350,0.359951722,False,True,768.0,en,False,en|CANON/TOSHIBA
1.2.826.0.1.3680043.8.498.44879493336213912007673875382158420811,SIEMENS,MAGNETOM Aera,1.5,4,148,0.040710516,False,False,384.0,fr,False,fr|SIEMENS
1.2.826.0.1.3680043.8.498.44902036121220687805715010480088379768,PHILIPS,Ingenia Ambition X,1.5,9,306,0.250719428,False,False,640.0,en,False,en|PHILIPS
1.2.826.0.1.3680043.8.498.44941174190375343987327566550204051010,SIEMENS,Aera,1.5,5,148,0.0261763,False,False,320.0,tr,False,tr|SIEMENS
1.2.826.0.1.3680043.8.498.44996883917122941421301655137158093858,GE,Signa HDxt,,5,107,0.056211182,True,False,512.0,en,False,en|GE
1.2.826.0.1.3680043.8.498.45033326048521572717771708818514772861,SIEMENS,Skyra,3.0,5,154,0.040651362,False,False,320.0,es,False,es|SIEMENS
1.2.826.0.1.3680043.8.498.45059917085750212913588683242522799083,GE,Optima MR430s 1.5T,1.5,5,140,0.073584376,False,False,512.0,en,False,en|GE
1.2.826.0.1.3680043.8.498.45072896942121803896760563154385918032,PHILIPS,Achieva dStream,1.5,4,402,0.325008516,False,True,640.0,en,False,en|PHILIPS
1.2.826.0.1.3680043.8.498.45082393649917309927267478072569185694,GE,Optima MR430s 1.5T,1.5,5,144,0.075686722,False,False,512.0,en,False,en|GE
1.2.826.0.1.3680043.8.498.45118217412917282413100913670807141634,PHILIPS,Ingenia,1.5,5,114,0.079259318,False,False,560.0,es,False,es|PHILIPS
1.2.826.0.1.3680043.8.498.45170517567841608067443743961197123093,SIEMENS,Aera,1.5,5,166,0.034911842,False,False,320.0,hr/bs/sr,False,hr/bs/sr|SIEMENS
1.2.826.0.1.3680043.8.498.45207812477654339877341538582090218293,PHILIPS,Ingenia,3.0,5,150,0.120113486,False,False,640.0,cyrillic,False,cyrillic|PHILIPS
1.2.826.0.1.3680043.8.498.45251306032215692953561852960585282987,GE,SIGNA Artist,1.5,4,191,0.177498008,False,False,512.0,en,False,en|GE
1.2.826.0.1.3680043.8.498.45273393220765922863913956738614783632,PHILIPS,Ingenia,1.5,5,102,0.091347028,False,False,480.0,es,False,es|PHILIPS
1.2.826.0.1.3680043.8.498.45286493874121093392171044034263851961,PHILIPS,Ingenia,1.5,6,170,0.097519754,False,False,528.0,hr/bs/sr,False,hr/bs/sr|PHILIPS
1.2.826.0.1.3680043.8.498.45304570280714567513866386380356988876,SIEMENS,MAGNETOM Vida,3.0,5,166,0.15306592,False,False,640.0,nl,False,nl|SIEMENS
1.2.826.0.1.3680043.8.498.45316453179223822297459860764883030492,SIEMENS,Aera,1.5,5,152,0.026853006,False,False,320.0,tr,False,tr|SIEMENS
1.2.826.0.1.3680043.8.498.45326662718293919909188368237039419949,SIEMENS,MAGNETOM Vida,3.0,5,166,0.044612516,False,False,384.0,hr/bs/sr,False,hr/bs/sr|SIEMENS
1.2.826.0.1.3680043.8.498.45332185607602495786497298658937575959,SIEMENS,Aera,1.5,5,158,0.027870142,False,False,320.0,tr,False,tr|SIEMENS
1.2.826.0.1.3680043.8.498.45367987334597713963053051542179369641,GE,SIGNA Explorer,1.5,5,110,0.049192812,False,False,512.0,tr,False,tr|GE
1.2.826.0.1.3680043.8.498.45368532788186860828867663606651818835,SIEMENS,MAGNETOM Vida,3.0,5,166,0.153065518,False,False,640.0,nl,False,nl|SIEMENS
1.2.826.0.1.3680043.8.498.45380312679924593883892686293576260616,SIEMENS,MAGNETOM Avanto fit,1.5,5,260,0.39903251,False,True,800.0,de,False,de|SIEMENS
1.2.826.0.1.3680043.8.498.45392604471538776666611947492530314159,PHILIPS,Achieva dStream,1.5,5,104,0.063660832,False,False,512.0,es,False,es|PHILIPS
1.2.826.0.1.3680043.8.498.45406212529450909512649737062964080190,SIEMENS,MAGNETOM Aera,1.5,5,183,0.047929636,False,False,384.0,fr,False,fr|SIEMENS
1.2.826.0.1.3680043.8.498.45454539422542821586939369440135728144,SIEMENS,Aera,1.5,5,144,0.02549893,False,False,320.0,tr,False,tr|SIEMENS
1.2.826.0.1.3680043.8.498.45462389009834095091353507592651342877,SIEMENS,MAGNETOM Vida,3.0,4,150,0.06884421,False,False,480.0,en,False,en|SIEMENS
1.2.826.0.1.3680043.8.498.45463321406810606039579747001339703552,SIEMENS,Aera,1.5,5,127,0.026192082,False,False,320.0,tr,False,tr|SIEMENS
1.2.826.0.1.3680043.8.498.45491168638937605395466251659273753775,GE,SIGNA Artist,1.5,5,128,0.06729856,False,False,512.0,en,False,en|GE
1.2.826.0.1.3680043.8.498.45504348071514081636909771148066956410,CANON/TOSHIBA,Vantage,,5,120,0.079215396,True,False,512.0,en,False,en|CANON/TOSHIBA
1.2.826.0.1.3680043.8.498.45519502487291848581539950159353124045,CANON/TOSHIBA,Vantage,,5,110,0.07261407,True,False,512.0,en,False,en|CANON/TOSHIBA
1.2.826.0.1.3680043.8.498.45625191292968830335971647388746041117,GE,SIGNA Artist,1.5,4,129,0.115014544,False,False,512.0,en,False,en|GE
1.2.826.0.1.3680043.8.498.45630051398709774279703407401383545642,PHILIPS,Ingenia,3.0,5,106,0.114634722,False,False,640.0,es,False,es|PHILIPS
1.2.826.0.1.3680043.8.498.45644703214235636656820126625301033696,SIEMENS,Aera,1.5,5,162,0.033906264,False,False,320.0,hr/bs/sr,False,hr/bs/sr|SIEMENS
1.2.826.0.1.3680043.8.498.45678969592219293243366784683191701674,GE,Optima MR450w,1.5,7,226,0.185492828,False,False,640.0,en,False,en|GE
1.2.826.0.1.3680043.8.498.45755198489211010290512228906807170657,CANON/TOSHIBA,Vantage,,5,128,0.0834187,True,False,512.0,en,False,en|CANON/TOSHIBA
1.2.826.0.1.3680043.8.498.45768777378108699271714894225826640121,SIEMENS,Aera,1.5,5,168,0.04041384,False,False,320.0,en,False,en|SIEMENS
1.2.826.0.1.3680043.8.498.45811964949115542204306831813385709206,SIEMENS,MAGNETOM Sempra,1.5,5,164,0.040674026,False,False,320.0,es,False,es|SIEMENS
1.2.826.0.1.3680043.8.498.45862157701704991290669186265816463426,SIEMENS,MAGNETOM Avanto fit,1.5,5,264,0.400714766,False,True,896.0,de,False,de|SIEMENS
1.2.826.0.1.3680043.8.498.45865541491386404818767748310365919685,GE,SIGNA EXCITE,1.5,7,186,0.09777149,False,False,512.0,en,False,en|GE
1.2.826.0.1.3680043.8.498.45868806544202339567395643235910857549,GE,SIGNA Architect,3.0,7,384,0.14292051,False,True,512.0,tr,False,tr|GE
1.2.826.0.1.3680043.8.498.45894475516096841241467193775629362381,SIEMENS,Espree,1.5,5,157,0.128841782,False,False,640.0,en,False,en|SIEMENS
1.2.826.0.1.3680043.8.498.45968957856865486437256472516713628614,SIEMENS,MAGNETOM Avanto fit,1.5,5,282,0.429469038,False,True,800.0,de,False,de|SIEMENS
1.2.826.0.1.3680043.8.498.46001596547902477402837300565271742663,SIEMENS,MAGNETOM Prisma,3.0,4,140,0.135543214,False,False,588.0,greek,False,greek|SIEMENS
1.2.826.0.1.3680043.8.498.46016776602328665980436110567854612595,SIEMENS,MAGNETOM Vida,3.0,6,191,0.053295876,False,False,384.0,hr/bs/sr,False,hr/bs/sr|SIEMENS
1.2.826.0.1.3680043.8.498.46036209147177723970966724006242055397,GE,Optima MR450w,,5,101,0.053060476,True,False,512.0,en,False,en|GE
1.2.826.0.1.3680043.8.498.46051119885630602872050329412008545893,PHILIPS,Ingenia,3.0,10,359,0.30293185,False,False,672.0,cyrillic,False,cyrillic|PHILIPS
1.2.826.0.1.3680043.8.498.46052469424267861803032899866428547156,SIEMENS,MAGNETOM Vida,3.0,6,204,0.18425196,False,False,640.0,nl,False,nl|SIEMENS
1.2.826.0.1.3680043.8.498.46123761840464615814604226041496278995,SIEMENS,SonataVision,1.5,5,98,0.043752292,False,False,384.0,greek,False,greek|SIEMENS
1.2.826.0.1.3680043.8.498.46172451572836863687073454997158931662,PHILIPS,Ingenia,1.5,6,168,0.091865744,False,False,528.0,hr/bs/sr,False,hr/bs/sr|PHILIPS
1.2.826.0.1.3680043.8.498.46222691720198967161306520058359099856,PHILIPS,Ingenia,1.5,5,100,0.068665696,False,False,640.0,es,False,es|PHILIPS
1.2.826.0.1.3680043.8.498.46228189366201925238527911905072482095,SIEMENS,MAGNETOM Avanto fit,1.5,5,244,0.368699306,False,True,800.0,de,False,de|SIEMENS
1.2.826.0.1.3680043.8.498.46259494895672269475940484605821837768,PHILIPS,Ingenia,3.0,6,165,0.126198322,False,False,640.0,cyrillic,False,cyrillic|PHILIPS
1.2.826.0.1.3680043.8.498.46268820642949526111807948525363811264,PHILIPS,MR 5300,1.5,5,98,0.086558434,False,False,640.0,unknown,False,unknown|PHILIPS
1.2.826.0.1.3680043.8.498.46282234455466954264170065462242039568,CANON/TOSHIBA,Vantage,,5,132,0.086478326,True,False,548.0,en,False,en|CANON/TOSHIBA
1.2.826.0.1.3680043.8.498.46297226877524853395345229615300658523,SIEMENS,Aera,1.5,6,178,0.041629928,False,False,320.0,hr/bs/sr,False,hr/bs/sr|SIEMENS
1.2.826.0.1.3680043.8.498.46305694398420300356121078124030126469,SIEMENS,Aera,1.5,5,169,0.034857448,False,False,320.0,tr,False,tr|SIEMENS
1.2.826.0.1.3680043.8.498.46309540159823359540686782651264853894,GE,SIGNA Explorer,1.5,6,186,0.258226652,False,True,1024.0,tr,False,tr|GE
1.2.826.0.1.3680043.8.498.46335849264221717416382765091672040855,SIEMENS,MAGNETOM Avanto fit,1.5,5,288,0.4401085,False,True,800.0,de,False,de|SIEMENS
1.2.826.0.1.3680043.8.498.46407639440476738746130651250276012493,SIEMENS,MAGNETOM Prisma,3.0,4,132,0.12596305,False,False,588.0,greek,False,greek|SIEMENS
1.2.826.0.1.3680043.8.498.46427879286435198611282055405541286766,SIEMENS,MAGNETOM Vida,3.0,5,166,0.044606898,False,False,384.0,hr/bs/sr,False,hr/bs/sr|SIEMENS
1.2.826.0.1.3680043.8.498.46452612704507986055186132736451572677,CANON/TOSHIBA,Vantage,,5,112,0.073370112,True,False,512.0,en,False,en|CANON/TOSHIBA
1.2.826.0.1.3680043.8.498.46491051379327985199309365945879841064,SIEMENS,MAGNETOM Sempra,1.5,5,188,0.155278586,False,False,608.0,es,False,es|SIEMENS
1.2.826.0.1.3680043.8.498.46506161284114284997220751358509505380,GE,SIGNA Architect,3.0,9,560,0.583828878,False,True,1024.0,tr,False,tr|GE
1.2.826.0.1.3680043.8.498.46658713832425741743740258795376270265,GE,Optima MR450w,1.5,5,105,0.055205222,False,False,512.0,en,False,en|GE
1.2.826.0.1.3680043.8.498.46700895961751940291334058396794206479,PHILIPS,Ingenia Elition X,3.0,6,357,0.118407138,False,True,512.0,en,False,en|PHILIPS
1.2.826.0.1.3680043.8.498.46713978512945139851373191422321462143,SIEMENS,MAGNETOM Aera,1.5,4,151,0.041600148,False,False,384.0,fr,False,fr|SIEMENS
1.2.826.0.1.3680043.8.498.46715670142711601593792518196789347552,PHILIPS,Ingenia,1.5,5,156,0.081962074,False,False,512.0,hr/bs/sr,False,hr/bs/sr|PHILIPS
1.2.826.0.1.3680043.8.498.46745172905542117506863575411125924241,SIEMENS,Aera,1.5,5,154,0.027192792,False,False,320.0,tr,False,tr|SIEMENS
1.2.826.0.1.3680043.8.498.46770589129181839292542004762882468541,PHILIPS,Ingenia,3.0,5,150,0.078871288,False,False,512.0,en,False,en|PHILIPS
1.2.826.0.1.3680043.8.498.46776367027887983105817631582518625639,PHILIPS,Achieva dStream,1.5,4,404,0.37856793,False,True,640.0,en,False,en|PHILIPS
1.2.826.0.1.3680043.8.498.46797419946872257347118338518757027995,SIEMENS,MAGNETOM Vida,3.0,4,130,0.059193926,False,False,480.0,en,False,en|SIEMENS
1.2.826.0.1.3680043.8.498.46825768767498441994570613185981335949,SIEMENS,MAGNETOM Prisma,3.0,5,162,0.126557506,False,False,384.0,greek,False,greek|SIEMENS
1.2.826.0.1.3680043.8.498.46842734152337184482152392783260161845,PHILIPS,Achieva dStream,3.0,8,263,0.219213666,False,False,640.0,en,False,en|PHILIPS
1.2.826.0.1.3680043.8.498.46884541791777826238103426426267571657,GE,SIGNA Architect,3.0,9,544,0.56912559,False,True,1024.0,tr,False,tr|GE
1.2.826.0.1.3680043.8.498.46893956584698923808118623450380169212,PHILIPS,Ingenia,3.0,4,130,0.068355502,False,False,512.0,en,False,en|PHILIPS
1.2.826.0.1.3680043.8.498.46909729013880708074310736136355969956,SIEMENS,Aera,1.5,5,154,0.031763104,False,False,320.0,tr,False,tr|SIEMENS
1.2.826.0.1.3680043.8.498.46925959240037679795735705370016021232,SIEMENS,Aera,1.5,5,156,0.027530624,False,False,320.0,tr,False,tr|SIEMENS
1.2.826.0.1.3680043.8.498.47004674612174010017653097242531940431,CANON/TOSHIBA,Titan,1.5,7,236,0.177160556,False,False,640.0,en,False,en|CANON/TOSHIBA
1.2.826.0.1.3680043.8.498.47036446751578280498105392189811189787,SIEMENS,MAGNETOM Vida,3.0,6,361,0.14613162,False,True,384.0,hr/bs/sr,False,hr/bs/sr|SIEMENS
1.2.826.0.1.3680043.8.498.47061252152535181371772020997295000029,SIEMENS,Aera,1.5,5,146,0.023476998,False,False,256.0,tr,False,tr|SIEMENS
1.2.826.0.1.3680043.8.498.47063694709201049930726855357000925037,PHILIPS,Ingenia,1.5,6,170,0.097519768,False,False,528.0,hr/bs/sr,False,hr/bs/sr|PHILIPS
1.2.826.0.1.3680043.8.498.47080537724499166054609508776778189902,SIEMENS,Aera,1.5,6,197,0.04649157,False,False,320.0,hr/bs/sr,False,hr/bs/sr|SIEMENS
1.2.826.0.1.3680043.8.498.47094981922544354899183959858078311972,PHILIPS,Achieva dStream,1.5,5,589,0.46152604,False,True,560.0,en,False,en|PHILIPS
1.2.826.0.1.3680043.8.498.47130872195336642107576758658144949813,GE,SIGNA Architect,3.0,7,419,0.460944178,False,True,1024.0,tr,False,tr|GE
1.2.826.0.1.3680043.8.498.47239511009810375185594384849101241004,SIEMENS,MAGNETOM Vida,3.0,6,191,0.053295816,False,False,384.0,hr/bs/sr,False,hr/bs/sr|SIEMENS
1.2.826.0.1.3680043.8.498.47255564202539432049700324486197024855,GE,SIGNA Artist,1.5,5,205,0.107792536,False,False,512.0,en,False,en|GE
1.2.826.0.1.3680043.8.498.47267174205472073784818634988669693642,SIEMENS,MAGNETOM Vida,3.0,6,191,0.053294404,False,False,384.0,hr/bs/sr,False,hr/bs/sr|SIEMENS
1.2.826.0.1.3680043.8.498.47268599732083036147289040424392838620,SIEMENS,MAGNETOM Vida,3.0,4,147,0.066994658,False,False,480.0,en,False,en|SIEMENS
1.2.826.0.1.3680043.8.498.47336007784831556446570294227732688335,PHILIPS,MR 5300,1.5,5,91,0.06098796,False,False,528.0,es,False,es|PHILIPS
1.2.826.0.1.3680043.8.498.47339093185444044578247608022398494955,SIEMENS,MAGNETOM Lumina,3.0,5,192,0.066740194,False,False,416.0,es,False,es|SIEMENS
1.2.826.0.1.3680043.8.498.47391919345230380216864709248400573953,PHILIPS,Ingenia,3.0,4,130,0.06835547,False,False,512.0,en,False,en|PHILIPS
1.2.826.0.1.3680043.8.498.47449893776425045020340604662487159684,GE,SIGNA Explorer,1.5,5,130,0.068358796,False,False,512.0,tr,False,tr|GE
1.2.826.0.1.3680043.8.498.47465512474718256570933149642267926825,SIEMENS,Skyra,3.0,5,158,0.038355818,False,False,320.0,es,False,es|SIEMENS
1.2.826.0.1.3680043.8.498.47495385306095610608327984787779011133,SIEMENS,Aera,1.5,5,165,0.02672863,False,False,256.0,tr,False,tr|SIEMENS
1.2.826.0.1.3680043.8.498.47531034194300620953276025401018051246,SIEMENS,MAGNETOM Vida,3.0,6,191,0.053303742,False,False,384.0,hr/bs/sr,False,hr/bs/sr|SIEMENS
1.2.826.0.1.3680043.8.498.47651715105501347255071941051553742767,SIEMENS,Skyra,3.0,5,156,0.105756442,False,False,640.0,es,False,es|SIEMENS
1.2.826.0.1.3680043.8.498.47655269404919497034805209368250028981,CANON/TOSHIBA,Vantage,,5,120,0.079215386,True,False,512.0,en,False,en|CANON/TOSHIBA
1.2.826.0.1.3680043.8.498.47666607805434428477774854287399691400,SIEMENS,SonataVision,1.5,5,100,0.044344986,False,False,384.0,greek,False,greek|SIEMENS
1.2.826.0.1.3680043.8.498.47678121014268671436574141288012829166,PHILIPS,Ingenia Ambition X,1.5,8,254,0.168286168,False,False,544.0,en,False,en|PHILIPS
1.2.826.0.1.3680043.8.498.47707670074001059720671838493302874710,SIEMENS,SonataVision,1.5,5,101,0.044645038,False,False,384.0,greek,False,greek|SIEMENS
1.2.826.0.1.3680043.8.498.47753549323738763346112850705924843959,GE,Optima MR450w,,5,103,0.054110476,True,False,512.0,en,False,en|GE
1.2.826.0.1.3680043.8.498.47784065888386216103165400551121771174,SIEMENS,MAGNETOM Sola,1.5,5,146,0.11073303,False,False,640.0,nl,False,nl|SIEMENS
1.2.826.0.1.3680043.8.498.47855330524708374523226349383799712473,PHILIPS,Achieva dStream,1.5,4,102,0.059965242,False,False,536.0,en,False,en|PHILIPS
1.2.826.0.1.3680043.8.498.47864423097056282241181943425451597067,SIEMENS,Skyra,3.0,5,150,0.03975269,False,False,320.0,es,False,es|SIEMENS
1.2.826.0.1.3680043.8.498.47870074144891988520855535250618228390,SIEMENS,MAGNETOM Aera,1.5,4,148,0.040620234,False,False,384.0,en,False,en|SIEMENS
1.2.826.0.1.3680043.8.498.47921753480592595198052407850568677187,GE,SIGNA Explorer,1.5,5,134,0.050803212,False,False,512.0,tr,True,tr|GE
1.2.826.0.1.3680043.8.498.47925688677871325890380893763458019552,SIEMENS,MAGNETOM Sempra,1.5,5,166,0.04120169,False,False,320.0,es,False,es|SIEMENS
1.2.826.0.1.3680043.8.498.47949251060660360953300340380324578835,GE,SIGNA Explorer,1.5,5,125,0.046463656,False,False,512.0,tr,False,tr|GE
1.2.826.0.1.3680043.8.498.48033467661219494489168041469309669510,GE,SIGNA Explorer,1.5,4,114,0.049724512,False,False,512.0,tr,False,tr|GE
1.2.826.0.1.3680043.8.498.48068031587855513429324313927339963541,GE,Optima MR450w,1.5,5,162,0.13294759,False,False,640.0,en,False,en|GE
1.2.826.0.1.3680043.8.498.48141366506505611287110229972010695331,SIEMENS,MAGNETOM Avanto fit,1.5,6,322,0.496486168,False,True,800.0,de,False,de|SIEMENS
1.2.826.0.1.3680043.8.498.48160569779413970442472500116176876660,GE,Optima MR450w,,5,101,0.053059278,True,False,512.0,en,False,en|GE
1.2.826.0.1.3680043.8.498.48308485987218296338173512060246238691,SIEMENS,Aera,1.5,9,397,0.15383304,False,True,384.0,en,False,en|SIEMENS
1.2.826.0.1.3680043.8.498.48348615349418615469875801439348424274,SIEMENS,MAGNETOM Sempra,1.5,5,189,0.046831554,False,False,320.0,es,True,es|SIEMENS
1.2.826.0.1.3680043.8.498.48367523758673249284754003765836877239,GE,Optima MR450w,1.5,5,161,0.13212747,False,False,640.0,en,False,en|GE
1.2.826.0.1.3680043.8.498.48368929760320103375578806071106317953,GE,SIGNA Artist,1.5,4,134,0.120784992,False,False,512.0,en,False,en|GE
1.2.826.0.1.3680043.8.498.48417903971145834309474934717837250776,PHILIPS,Ingenia Ambition X,1.5,9,278,0.176020176,False,False,528.0,en,False,en|PHILIPS
1.2.826.0.1.3680043.8.498.48435973333068748044485658920315789799,GE,Signa HDxt,1.5,5,205,0.040934396,False,False,256.0,en,False,en|GE
1.2.826.0.1.3680043.8.498.48486018503198264262324670490116120612,PHILIPS,Achieva dStream,1.5,4,392,0.303111604,False,True,536.0,en,False,en|PHILIPS
1.2.826.0.1.3680043.8.498.48520238688122533624681796433258211236,GE,SIGNA Architect,3.0,8,416,0.49553413,False,True,1024.0,tr,False,tr|GE
1.2.826.0.1.3680043.8.498.48521453765449688946535921546652765399,PHILIPS,Ingenia,3.0,4,136,0.06781731,False,False,512.0,en,False,en|PHILIPS
1.2.826.0.1.3680043.8.498.48531746264504523370547117933271161633,PHILIPS,Ingenia,3.0,4,110,0.072030066,False,False,520.0,en,False,en|PHILIPS
1.2.826.0.1.3680043.8.498.48564780460694033783288540237012068889,PHILIPS,Ingenia,3.0,5,181,0.152697344,False,False,672.0,cyrillic,False,cyrillic|PHILIPS
1.2.826.0.1.3680043.8.498.48658459018915173972212724570862424208,SIEMENS,MAGNETOM Lumina,3.0,5,182,0.063264404,False,False,416.0,es,False,es|SIEMENS
1.2.826.0.1.3680043.8.498.48697800450463192944610588533290320545,GE,SIGNA Artist,1.5,5,174,0.09149631,False,False,512.0,en,False,en|GE
1.2.826.0.1.3680043.8.498.48750912584073496502856009873745362236,SIEMENS,SonataVision,1.5,4,74,0.030843618,False,False,384.0,greek,False,greek|SIEMENS
1.2.826.0.1.3680043.8.498.48771187298294322173131630438467163244,PHILIPS,Achieva dStream,3.0,9,273,0.207559176,False,False,640.0,en,False,en|PHILIPS
1.2.826.0.1.3680043.8.498.48780598610511011488578963416186905560,PHILIPS,Achieva dStream,1.5,5,108,0.04799559,False,False,480.0,es,False,es|PHILIPS
1.2.826.0.1.3680043.8.498.48784244479029704181755878324450207126,CANON/TOSHIBA,Vantage,,5,106,0.069165348,True,False,512.0,en,False,en|CANON/TOSHIBA
1.2.826.0.1.3680043.8.498.48818931767017230678539144135307491171,PHILIPS,Ingenia,3.0,5,150,0.120114374,False,False,640.0,cyrillic,False,cyrillic|PHILIPS
1.2.826.0.1.3680043.8.498.48829151552094424673693975665028690142,PHILIPS,Ingenia,3.0,4,130,0.068354652,False,False,512.0,en,False,en|PHILIPS
1.2.826.0.1.3680043.8.498.48855562507887692822284056171390459619,SIEMENS,Aera,1.5,11,455,0.199335538,False,True,640.0,en,False,en|SIEMENS
1.2.826.0.1.3680043.8.498.48872083192774100826667097552356058756,SIEMENS,MAGNETOM Lumina,3.0,5,182,0.063264168,False,False,416.0,es,False,es|SIEMENS
1.2.826.0.1.3680043.8.498.48918090379630186340047006216221526186,SIEMENS,MAGNETOM Avanto fit,1.5,5,283,0.431981668,False,True,800.0,de,False,de|SIEMENS
1.2.826.0.1.3680043.8.498.48933020429865163393792899740045803587,SIEMENS,MAGNETOM Vida,3.0,5,166,0.153065942,False,False,640.0,nl,False,nl|SIEMENS
1.2.826.0.1.3680043.8.498.48946580946665031852355005294734101132,PHILIPS,Achieva dStream,1.5,4,402,0.316142206,False,True,600.0,en,True,en|PHILIPS
1.2.826.0.1.3680043.8.498.48977699132767849812826572970218325717,SIEMENS,Skyra,3.0,5,184,0.048632106,False,False,320.0,es,False,es|SIEMENS
1.2.826.0.1.3680043.8.498.49025249926859976858200443939208207124,GE,SIGNA Explorer,1.5,5,122,0.055503174,False,False,512.0,tr,False,tr|GE
1.2.826.0.1.3680043.8.498.49047255106144196602523585429683869547,PHILIPS,Ingenia,1.5,6,170,0.09751975,False,False,528.0,hr/bs/sr,False,hr/bs/sr|PHILIPS
1.2.826.0.1.3680043.8.498.49048739684287632681242054218807611262,PHILIPS,Ingenia,1.5,6,181,0.102623192,False,False,512.0,hr/bs/sr,False,hr/bs/sr|PHILIPS
1.2.826.0.1.3680043.8.498.49054454369199540406654153762248931799,CANON/TOSHIBA,Titan,1.5,7,210,0.172339264,False,False,640.0,en,False,en|CANON/TOSHIBA
1.2.826.0.1.3680043.8.498.49094276335794811195117175603556929507,SIEMENS,SonataVision,1.5,5,98,0.04375564,False,False,384.0,greek,False,greek|SIEMENS
1.2.826.0.1.3680043.8.498.49163335688297423808344168197551387860,GE,SIGNA Explorer,1.5,5,138,0.06391784,False,False,512.0,tr,False,tr|GE
1.2.826.0.1.3680043.8.498.49186859342644783675130322288585477727,SIEMENS,MAGNETOM Avanto fit,1.5,6,314,0.452881574,False,True,720.0,de,False,de|SIEMENS
1.2.826.0.1.3680043.8.498.49219586198038249030222134813685536295,GE,SIGNA EXCITE,1.5,7,196,0.103026982,False,False,512.0,en,False,en|GE
1.2.826.0.1.3680043.8.498.49287143478474218875661109488367501329,SIEMENS,MAGNETOM Vida,3.0,6,191,0.053296056,False,False,384.0,hr/bs/sr,False,hr/bs/sr|SIEMENS
1.2.826.0.1.3680043.8.498.49347024975371539869871751159907613638,SIEMENS,SonataVision,1.5,5,104,0.04032318,False,False,384.0,greek,False,greek|SIEMENS
1.2.826.0.1.3680043.8.498.49379034023506626029648394840207360925,PHILIPS,Achieva dStream,3.0,9,279,0.226610166,False,False,640.0,en,False,en|PHILIPS
1.2.826.0.1.3680043.8.498.49394404966674633152360206835416205330,SIEMENS,MAGNETOM Vida,3.0,5,166,0.044613094,False,False,384.0,hr/bs/sr,False,hr/bs/sr|SIEMENS
1.2.826.0.1.3680043.8.498.49441835811239898312243678447796777305,SIEMENS,SonataVision,1.5,6,114,0.047804366,False,False,384.0,greek,False,greek|SIEMENS
1.2.826.0.1.3680043.8.498.49443962795025989994487968185070137217,SIEMENS,MAGNETOM Prisma,3.0,4,138,0.11725356,False,False,588.0,greek,False,greek|SIEMENS
1.2.826.0.1.3680043.8.498.49481811111224238761880576486796603139,SIEMENS,Skyra,3.0,5,168,0.044611702,False,False,320.0,es,False,es|SIEMENS
1.2.826.0.1.3680043.8.498.49492260217998945587168161555623476238,SIEMENS,Skyra,3.0,5,164,0.080322946,False,False,384.0,es,False,es|SIEMENS
1.2.826.0.1.3680043.8.498.49495644703047055149965226028097259207,SIEMENS,SonataVision,1.5,5,98,0.043751406,False,False,384.0,greek,False,greek|SIEMENS
1.2.826.0.1.3680043.8.498.49500752658775616590911569693817273205,GE,SIGNA Explorer,1.5,5,116,0.052741912,False,False,512.0,tr,False,tr|GE
1.2.826.0.1.3680043.8.498.49575149159425506211571562732929634662,SIEMENS,MAGNETOM Avanto fit,1.5,5,272,0.413869868,False,True,800.0,de,False,de|SIEMENS
1.2.826.0.1.3680043.8.498.49583348226932515919984811293816232513,PHILIPS,Achieva dStream,3.0,8,257,0.214848792,False,False,640.0,en,False,en|PHILIPS
1.2.826.0.1.3680043.8.498.49603554452147117475589797389254733654,SIEMENS,Skyra,3.0,5,160,0.07879351,False,False,384.0,es,False,es|SIEMENS
1.2.826.0.1.3680043.8.498.49660659440268002826070581802625582554,SIEMENS,SonataVision,1.5,5,96,0.042110448,False,False,384.0,greek,False,greek|SIEMENS
1.2.826.0.1.3680043.8.498.49679916686449433962263937489400526112,PHILIPS,Achieva dStream,3.0,11,349,0.25002702,False,True,640.0,en,False,en|PHILIPS
1.2.826.0.1.3680043.8.498.49703744074809050221928706774732375079,GE,SIGNA Artist,1.5,4,162,0.148091184,False,False,512.0,en,False,en|GE
1.2.826.0.1.3680043.8.498.49818874332345742217581267858748819921,SIEMENS,Aera,1.5,5,127,0.02619311,False,False,320.0,tr,False,tr|SIEMENS
1.2.826.0.1.3680043.8.498.49847104080351361589960954776757484668,PHILIPS,Achieva dStream,3.0,8,257,0.203683718,False,False,640.0,en,False,en|PHILIPS
1.2.826.0.1.3680043.8.498.49850672111501136862025523789202033809,GE,Optima MR450w,1.5,6,146,0.076759944,False,False,512.0,en,False,en|GE
1.2.826.0.1.3680043.8.498.49855677166670499939366963036804180912,SIEMENS,MAGNETOM Lumina,3.0,6,190,0.067031046,False,False,416.0,es,False,es|SIEMENS
1.2.826.0.1.3680043.8.498.49866252311077397175807461727885923657,PHILIPS,Ingenia,1.5,6,106,0.070078448,False,False,568.0,unknown,False,unknown|PHILIPS
1.2.826.0.1.3680043.8.498.49880369313850883713947031303955494125,PHILIPS,MR 5300,1.5,6,124,0.08032231,False,False,560.0,unknown,False,unknown|PHILIPS
1.2.826.0.1.3680043.8.498.49884243466758407760126403944842240776,CANON/TOSHIBA,Vantage,,5,122,0.088710024,True,False,576.0,en,False,en|CANON/TOSHIBA
1.2.826.0.1.3680043.8.498.49887758195164927372912584780941789021,GE,SIGNA Explorer,1.5,4,120,0.063091592,False,False,512.0,en,False,en|GE
1.2.826.0.1.3680043.8.498.49926524898703962863714803838421958913,SIEMENS,Aera,1.5,7,207,0.123733042,False,False,640.0,en,False,en|SIEMENS
1.2.826.0.1.3680043.8.498.49942556484410764813681696157580687854,SIEMENS,MAGNETOM Avanto fit,1.5,7,374,0.568458648,False,True,800.0,de,False,de|SIEMENS
1.2.826.0.1.3680043.8.498.49984662916977328110175445895515541267,PHILIPS,Ingenia,3.0,4,118,0.0601405,False,False,512.0,en,False,en|PHILIPS
1.2.826.0.1.3680043.8.498.50051845967696843074391018845332480653,SIEMENS,MAGNETOM Vida,3.0,6,191,0.053296292,False,False,384.0,hr/bs/sr,False,hr/bs/sr|SIEMENS
1.2.826.0.1.3680043.8.498.50069224337753933811759198830086956116,GE,SIGNA Artist,1.5,6,212,0.235719874,False,False,512.0,es,False,es|GE
1.2.826.0.1.3680043.8.498.50073674465735509400964384004695041387,PHILIPS,Ingenia,3.0,5,150,0.124256918,False,False,640.0,cyrillic,False,cyrillic|PHILIPS
1.2.826.0.1.3680043.8.498.50089015780087008332657793589955395952,PHILIPS,Ingenia,3.0,4,120,0.06309659,False,False,512.0,en,False,en|PHILIPS
1.2.826.0.1.3680043.8.498.50107479256735739327080544431929221135,GE,SIGNA Artist,1.5,5,201,0.23780355,False,False,512.0,es,False,es|GE
1.2.826.0.1.3680043.8.498.50109255875403812845391217314726500341,GE,SIGNA Explorer,1.5,5,96,0.201471228,False,False,1024.0,tr,False,tr|GE
1.2.826.0.1.3680043.8.498.50144715912379960437506930683683218333,SIEMENS,MAGNETOM Skyra,3.0,4,219,0.030348906,False,True,352.0,en,False,en|SIEMENS
1.2.826.0.1.3680043.8.498.50182378358892377789975570268512056553,SIEMENS,Aera,1.5,5,144,0.025498852,False,False,320.0,tr,False,tr|SIEMENS
1.2.826.0.1.3680043.8.498.50183004658202912273462671442829139110,SIEMENS,MAGNETOM Avanto fit,1.5,5,281,0.430473088,False,True,800.0,de,False,de|SIEMENS
1.2.826.0.1.3680043.8.498.50215409013618353346619153290049205718,SIEMENS,Aera,1.5,5,130,0.02906638,False,False,320.0,tr,False,tr|SIEMENS
1.2.826.0.1.3680043.8.498.50220991646207533313828550949660577504,SIEMENS,MAGNETOM Prisma,3.0,6,206,0.227419486,False,False,844.0,greek,False,greek|SIEMENS
1.2.826.0.1.3680043.8.498.50248717336781045512984550029203786086,SIEMENS,MAGNETOM Prisma,3.0,4,131,0.106006088,False,False,588.0,greek,False,greek|SIEMENS
1.2.826.0.1.3680043.8.498.50259348432783983788186173025555513832,PHILIPS,Ingenia,1.5,7,214,0.156302862,False,False,528.0,hr/bs/sr,False,hr/bs/sr|PHILIPS
1.2.826.0.1.3680043.8.498.50261788831539215224639813005933285052,SIEMENS,MAGNETOM Vida,3.0,6,191,0.05329637,False,False,384.0,hr/bs/sr,False,hr/bs/sr|SIEMENS
1.2.826.0.1.3680043.8.498.50287512028986928372350279452197816661,GE,SIGNA Architect,3.0,9,555,0.573334962,False,True,1024.0,tr,False,tr|GE
1.2.826.0.1.3680043.8.498.50318760104506317341991314680640521601,PHILIPS,Ingenia,3.0,4,135,0.069082282,False,False,512.0,en,False,en|PHILIPS
1.2.826.0.1.3680043.8.498.50342726517205151681842826322659275894,SIEMENS,MAGNETOM Aera,1.5,4,165,0.04538894,False,False,384.0,fr,False,fr|SIEMENS
1.2.826.0.1.3680043.8.498.50392110746914984873009735588879049321,GE,SIGNA Architect,3.0,9,548,0.564939966,False,True,1024.0,tr,False,tr|GE
1.2.826.0.1.3680043.8.498.50424421287869498746932271082980000521,GE,SIGNA Artist,1.5,6,215,0.238870218,False,False,512.0,es,False,es|GE
1.2.826.0.1.3680043.8.498.50458745240631577290185672298591447264,CANON/TOSHIBA,Galan 3T,3.0,7,244,0.171377122,False,False,576.0,en,False,en|CANON/TOSHIBA
1.2.826.0.1.3680043.8.498.50487158921933419035809338652990508020,SIEMENS,MAGNETOM Prisma,3.0,7,234,0.162776784,False,False,575.0,greek,False,greek|SIEMENS
1.2.826.0.1.3680043.8.498.50501020658943435430736717390350999395,PHILIPS,Multiva,1.5,6,122,0.065815412,False,False,536.0,es,False,es|PHILIPS
1.2.826.0.1.3680043.8.498.50512021577184367495598050974910055550,SIEMENS,MAGNETOM Vida,3.0,6,191,0.053294416,False,False,384.0,hr/bs/sr,False,hr/bs/sr|SIEMENS
1.2.826.0.1.3680043.8.498.50571692547974449396635351108344029536,PHILIPS,Achieva dStream,3.0,9,290,0.234082558,False,False,640.0,en,False,en|PHILIPS
1.2.826.0.1.3680043.8.498.50648934951234229265309905009982297515,SIEMENS,Aera,1.5,5,143,0.02949494,False,False,320.0,tr,False,tr|SIEMENS
1.2.826.0.1.3680043.8.498.50666048236278074641860077012751071758,CANON/TOSHIBA,Titan,1.5,7,230,0.188752476,False,False,640.0,en,False,en|CANON/TOSHIBA
1.2.826.0.1.3680043.8.498.50667444467788034101157821576803778774,PHILIPS,Ingenia,3.0,5,164,0.130196942,False,False,640.0,cyrillic,False,cyrillic|PHILIPS
1.2.826.0.1.3680043.8.498.50680622091377404463269575858175673158,FUJI/HITACHI,OASIS,1.16,5,142,0.040565034,False,False,320.0,en,False,en|FUJI/HITACHI
1.2.826.0.1.3680043.8.498.50687743970686088872471288288960579306,GE,SIGNA Artist,1.5,5,187,0.098327616,False,False,512.0,en,False,en|GE
1.2.826.0.1.3680043.8.498.50689256431939553935971505794681061679,SIEMENS,SonataVision,1.5,5,98,0.043756016,False,False,384.0,greek,False,greek|SIEMENS
1.2.826.0.1.3680043.8.498.50694733929204626284366818623993960684,PHILIPS,Ingenia,3.0,4,124,0.065199846,False,False,512.0,en,False,en|PHILIPS
1.2.826.0.1.3680043.8.498.50707407856055788475528375847872674241,PHILIPS,Ingenia,3.0,5,150,0.12011384,False,False,640.0,cyrillic,False,cyrillic|PHILIPS
1.2.826.0.1.3680043.8.498.50777252749942894325007417893973309310,GE,SIGNA EXCITE,1.5,7,194,0.10197806,False,False,512.0,en,False,en|GE
1.2.826.0.1.3680043.8.498.50780438941220579448947609376330661130,PHILIPS,Achieva dStream,1.5,7,220,0.114932014,False,True,480.0,tr,False,tr|PHILIPS
1.2.826.0.1.3680043.8.498.50810596378229719761556926464290468652,GE,SIGNA EXCITE,1.5,8,216,0.113536044,False,False,512.0,en,False,en|GE
1.2.826.0.1.3680043.8.498.50813123035221058777203670043892828582,GE,Optima MR450w,,5,102,0.053586106,True,False,512.0,en,False,en|GE
1.2.826.0.1.3680043.8.498.50819987120895374623148160166392914169,GE,SIGNA Explorer,1.5,6,164,0.066579762,False,False,512.0,tr,False,tr|GE
1.2.826.0.1.3680043.8.498.50823279853002320074080586693604976784,SIEMENS,SonataVision,1.5,5,96,0.04211447,False,False,384.0,greek,False,greek|SIEMENS
1.2.826.0.1.3680043.8.498.50844227724977857739867646104945090414,PHILIPS,Ingenia,1.5,5,103,0.070355788,False,False,528.0,es,False,es|PHILIPS
1.2.826.0.1.3680043.8.498.50848799900564667487859253004538870622,GE,SIGNA Explorer,1.5,5,142,0.053831278,False,False,512.0,tr,False,tr|GE
1.2.826.0.1.3680043.8.498.50880891504121357724276091096406248845,SIEMENS,Aera,1.5,4,96,0.020160786,False,False,320.0,tr,False,tr|SIEMENS
1.2.826.0.1.3680043.8.498.50882628969985977810341532747520504841,SIEMENS,MAGNETOM Prisma,3.0,4,130,0.045769682,False,False,416.0,greek,False,greek|SIEMENS
1.2.826.0.1.3680043.8.498.50935247372419775856440294835587827419,SIEMENS,Aera,1.5,6,182,0.042454518,False,False,320.0,hr/bs/sr,False,hr/bs/sr|SIEMENS
1.2.826.0.1.3680043.8.498.50969691234820675847736765735133138324,PHILIPS,Ingenia,3.0,4,133,0.069932988,False,False,512.0,en,False,en|PHILIPS
1.2.826.0.1.3680043.8.498.50980137249034338585131194965993785201,GE,SIGNA Artist,1.5,6,218,0.237301262,False,False,512.0,es,False,es|GE
1.2.826.0.1.3680043.8.498.51006813205605862503064447831381009425,SIEMENS,MAGNETOM Avanto fit,1.5,6,357,0.610985936,False,True,880.0,de,False,de|SIEMENS
1.2.826.0.1.3680043.8.498.51054592064718900209123281525185013961,SIEMENS,SonataVision,1.5,4,75,0.031370384,False,False,384.0,greek,False,greek|SIEMENS
1.2.826.0.1.3680043.8.498.51059575642903646008860869691477305022,PHILIPS,MR 5300,1.5,5,104,0.054227328,False,False,480.0,es,False,es|PHILIPS
1.2.826.0.1.3680043.8.498.51126807380879212261057967703844943102,GE,Optima MR450w,,5,92,0.04833386,True,False,512.0,en,False,en|GE
1.2.826.0.1.3680043.8.498.51143994849141407980459861759302509053,PHILIPS,Ingenia,1.5,5,94,0.052870326,False,False,560.0,es,False,es|PHILIPS
1.2.826.0.1.3680043.8.498.51179760508587500025973916664101120069,PHILIPS,Ingenia,1.5,5,156,0.081962016,False,False,512.0,hr/bs/sr,False,hr/bs/sr|PHILIPS
1.2.826.0.1.3680043.8.498.51215847567976999838748705030071176367,CANON/TOSHIBA,Titan,1.5,7,168,0.137871284,False,False,640.0,en,False,en|CANON/TOSHIBA
1.2.826.0.1.3680043.8.498.51297777726540529860433097009654453742,GE,SIGNA Architect,3.0,9,632,0.609129036,False,True,1024.0,tr,False,tr|GE
1.2.826.0.1.3680043.8.498.51351386796317851725461803790273870995,PHILIPS,Ingenia,1.5,6,185,0.105770836,False,False,512.0,hr/bs/sr,False,hr/bs/sr|PHILIPS
1.2.826.0.1.3680043.8.498.51379389400506715529323532959275254794,SIEMENS,Aera,1.5,5,144,0.025497952,False,False,320.0,tr,False,tr|SIEMENS
1.2.826.0.1.3680043.8.498.51426696939581135481763379246368970360,SIEMENS,MAGNETOM Aera,1.5,4,146,0.04011758,False,False,384.0,fr,False,fr|SIEMENS
1.2.826.0.1.3680043.8.498.51427159850769972151411336025891779423,SIEMENS,SonataVision,1.5,4,73,0.030023134,False,False,384.0,greek,False,greek|SIEMENS
1.2.826.0.1.3680043.8.498.51429653138043597611341459799295143598,GE,Optima MR450w,,5,150,0.0788055,True,False,512.0,en,False,en|GE
1.2.826.0.1.3680043.8.498.51469564445249084310991187819410005207,SIEMENS,MAGNETOM Avanto fit,1.5,5,287,0.436289948,False,True,800.0,de,False,de|SIEMENS
1.2.826.0.1.3680043.8.498.51509214978951980397275258374070843967,SIEMENS,Aera,1.5,5,144,0.025497772,False,False,320.0,tr,False,tr|SIEMENS
1.2.826.0.1.3680043.8.498.51536234256866063100891626028999490545,SIEMENS,MAGNETOM Prisma,3.0,4,111,0.100459442,False,False,588.0,greek,False,greek|SIEMENS
1.2.826.0.1.3680043.8.498.51581188134109925758379838961317006116,SIEMENS,Aera,1.5,5,158,0.027869388,False,False,320.0,tr,False,tr|SIEMENS
1.2.826.0.1.3680043.8.498.51676679394093588751371807453793655464,SIEMENS,SonataVision,1.5,5,107,0.044327406,False,False,384.0,greek,False,greek|SIEMENS
1.2.826.0.1.3680043.8.498.51684117251092766010524179062007524257,PHILIPS,Achieva dStream,1.5,5,115,0.05076172,False,False,480.0,es,False,es|PHILIPS
1.2.826.0.1.3680043.8.498.51752963441899958127321113249182970131,SIEMENS,Aera,1.5,6,173,0.035682774,False,False,320.0,tr,False,tr|SIEMENS
1.2.826.0.1.3680043.8.498.51768733026033198941231586462443503827,SIEMENS,MAGNETOM Sola,1.5,5,146,0.11073289,False,False,640.0,nl,False,nl|SIEMENS
1.2.826.0.1.3680043.8.498.51770131897828080663537020812721042704,SIEMENS,SonataVision,1.5,5,97,0.042410864,False,False,384.0,greek,False,greek|SIEMENS
1.2.826.0.1.3680043.8.498.51782185934115000642557689300687723099,SIEMENS,MAGNETOM Avanto fit,1.5,5,266,0.404849386,False,True,800.0,de,False,de|SIEMENS
1.2.826.0.1.3680043.8.498.51809092313496476873962641559638828608,PHILIPS,Multiva,1.5,5,112,0.066719418,False,False,560.0,es,False,es|PHILIPS
1.2.826.0.1.3680043.8.498.51813125531970590883098432751115674643,SIEMENS,Aera,1.5,10,413,0.20548243,False,True,640.0,en,False,en|SIEMENS
1.2.826.0.1.3680043.8.498.51828180600648126726057100018010765613,PHILIPS,Achieva dStream,3.0,8,257,0.209243002,False,False,640.0,en,False,en|PHILIPS
1.2.826.0.1.3680043.8.498.51831304809871808790657397599860793132,SIEMENS,MAGNETOM_ESSENZA,1.5,4,160,0.036693056,False,False,320.0,en,False,en|SIEMENS
1.2.826.0.1.3680043.8.498.51837740845904075589194479205218060915,GE,SIGNA Explorer,1.5,5,125,0.057867698,False,False,512.0,tr,False,tr|GE
1.2.826.0.1.3680043.8.498.51867133375333949773527521703402111601,PHILIPS,Achieva dStream,1.5,6,194,0.117926782,False,True,496.0,tr,False,tr|PHILIPS
1.2.826.0.1.3680043.8.498.51886877282987244004912794726043055730,PHILIPS,Ingenia,3.0,4,118,0.058358492,False,False,512.0,en,False,en|PHILIPS
1.2.826.0.1.3680043.8.498.51910852739185117358682097116614556910,SIEMENS,MAGNETOM Prisma,3.0,4,140,0.11784834,False,False,588.0,greek,False,greek|SIEMENS
1.2.826.0.1.3680043.8.498.51917043703891091519740084517167861965,PHILIPS,Ingenia,3.0,5,150,0.12011367,False,False,640.0,cyrillic,False,cyrillic|PHILIPS
1.2.826.0.1.3680043.8.498.51970198810758997428998886534742243215,SIEMENS,SonataVision,1.5,5,103,0.038550216,False,False,384.0,greek,False,greek|SIEMENS
1.2.826.0.1.3680043.8.498.51981019698056120061499970572334688555,SIEMENS,SonataVision,1.5,7,138,0.055610676,False,False,384.0,greek,False,greek|SIEMENS
1.2.826.0.1.3680043.8.498.51985313438970133264846259111827877590,SIEMENS,MAGNETOM Avanto fit,1.5,5,292,0.443911044,False,True,800.0,de,False,de|SIEMENS
1.2.826.0.1.3680043.8.498.52010165788889734743850946282043771445,GE,SIGNA Artist,1.5,5,192,0.228353152,False,False,512.0,es,False,es|GE
1.2.826.0.1.3680043.8.498.52010826440192227660457107121818389761,PHILIPS,Ingenia,3.0,6,169,0.125747342,False,False,640.0,cyrillic,False,cyrillic|PHILIPS
1.2.826.0.1.3680043.8.498.52046170319252016846878355722404423329,PHILIPS,Ingenia,3.0,6,199,0.158643942,False,False,640.0,cyrillic,False,cyrillic|PHILIPS
1.2.826.0.1.3680043.8.498.52059522418267239652374290810994711032,SIEMENS,MAGNETOM Prisma,3.0,6,182,0.053277846,False,False,384.0,greek,False,greek|SIEMENS
1.2.826.0.1.3680043.8.498.52067134682915759489080529708019359378,GE,SIGNA Explorer,1.5,5,117,0.051694482,False,False,512.0,tr,False,tr|GE
1.2.826.0.1.3680043.8.498.52098249444968803324423421624756966294,CANON/TOSHIBA,Titan,1.5,7,212,0.17398044,False,False,640.0,en,False,en|CANON/TOSHIBA
1.2.826.0.1.3680043.8.498.52110163572817528199125320120779141456,SIEMENS,MAGNETOM Avanto fit,1.5,5,292,0.445884892,False,True,800.0,de,False,de|SIEMENS
1.2.826.0.1.3680043.8.498.52132258638267172087240021957310219977,PHILIPS,Ingenia,1.5,5,112,0.070117498,False,False,560.0,es,False,es|PHILIPS
1.2.826.0.1.3680043.8.498.52138967568492774495485454357106269286,PHILIPS,Ingenia,3.0,4,118,0.058359572,False,False,512.0,en,False,en|PHILIPS
1.2.826.0.1.3680043.8.498.52140911874747534807033188343849537207,PHILIPS,Achieva dStream,3.0,10,321,0.267274112,False,False,640.0,en,False,en|PHILIPS
1.2.826.0.1.3680043.8.498.52204390785696944340286127542242341202,PHILIPS,Ingenia,1.5,5,113,0.21177078,False,False,1008.0,es,False,es|PHILIPS
1.2.826.0.1.3680043.8.498.52330656126848153803758928167944040055,SIEMENS,Aera,1.5,5,162,0.033906326,False,False,320.0,hr/bs/sr,False,hr/bs/sr|SIEMENS
1.2.826.0.1.3680043.8.498.52347547859131274836026480407333415929,SIEMENS,MAGNETOM Sola,1.5,5,146,0.110732758,False,False,640.0,nl,False,nl|SIEMENS
1.2.826.0.1.3680043.8.498.52390908285903728334239836699232920065,SIEMENS,MAGNETOM Vida,3.0,6,191,0.05330255,False,False,384.0,hr/bs/sr,False,hr/bs/sr|SIEMENS
1.2.826.0.1.3680043.8.498.52409113683924904563676007800283978062,SIEMENS,Espree,1.5,5,142,0.020726466,False,False,256.0,en,False,en|SIEMENS
1.2.826.0.1.3680043.8.498.52435631723314823200374985065756182593,PHILIPS,Ingenia,3.0,4,113,0.059416668,False,False,512.0,en,False,en|PHILIPS
1.2.826.0.1.3680043.8.498.52437948508356178175558637950043479411,GE,SIGNA Architect,3.0,7,486,0.406551692,False,True,1024.0,tr,False,tr|GE
1.2.826.0.1.3680043.8.498.52456272643822591755257802747431239152,PHILIPS,Ingenia,3.0,5,104,0.07808189,False,False,512.0,tr,False,tr|PHILIPS
1.2.826.0.1.3680043.8.498.52475562989926669452280424331791927661,GE,SIGNA EXCITE,1.5,7,210,0.110386852,False,False,512.0,en,False,en|GE
1.2.826.0.1.3680043.8.498.52499379042723926379822784411787551701,SIEMENS,MAGNETOM Prisma,3.0,5,158,0.120128434,False,False,384.0,greek,False,greek|SIEMENS
1.2.826.0.1.3680043.8.498.52520288400853832269613213204540385687,GE,SIGNA Explorer,1.5,5,117,0.043041742,False,False,512.0,tr,False,tr|GE
1.2.826.0.1.3680043.8.498.52558822670236188507569589448789513993,PHILIPS,Ingenia,3.0,5,152,0.079922886,False,False,512.0,en,False,en|PHILIPS
1.2.826.0.1.3680043.8.498.52599302991259061057950834864441634066,GE,Optima MR430s 1.5T,1.5,5,144,0.075687008,False,False,512.0,en,False,en|GE
1.2.826.0.1.3680043.8.498.52636981391578580436180193211113340410,PHILIPS,Ingenia,3.0,5,178,0.150234886,False,False,672.0,cyrillic,False,cyrillic|PHILIPS
1.2.826.0.1.3680043.8.498.52639459702574533721011212286428487650,SIEMENS,Skyra,3.0,5,162,0.04278472,False,False,320.0,es,False,es|SIEMENS
1.2.826.0.1.3680043.8.498.52745530063404662086111315503240395535,PHILIPS,MR 5300,1.5,5,95,0.062033836,False,False,560.0,es,False,es|PHILIPS
1.2.826.0.1.3680043.8.498.52785983814702054185130109942936184688,SIEMENS,MAGNETOM Prisma,3.0,4,132,0.110234446,False,False,588.0,greek,False,greek|SIEMENS
1.2.826.0.1.3680043.8.498.52844966504845792334740560021996858939,CANON/TOSHIBA,Vantage,,5,126,0.082367752,True,False,512.0,en,False,en|CANON/TOSHIBA
1.2.826.0.1.3680043.8.498.52846023545870016653608198538437574931,SIEMENS,MAGNETOM Skyra,3.0,4,155,0.053827172,False,False,416.0,en,False,en|SIEMENS
1.2.826.0.1.3680043.8.498.52846236545327527967419125989598675101,PHILIPS,MR 5300,1.5,5,102,0.053099982,False,False,480.0,es,False,es|PHILIPS
1.2.826.0.1.3680043.8.498.52849154011665864497632297320961015159,GE,SIGNA Explorer,1.5,8,360,0.311958236,False,True,1024.0,tr,False,tr|GE
1.2.826.0.1.3680043.8.498.52937412433120578046842194545406797236,PHILIPS,Achieva dStream,1.5,5,590,0.549408862,False,True,560.0,en,False,en|PHILIPS
1.2.826.0.1.3680043.8.498.52985748674486376309978868177895755694,SIEMENS,Espree,1.5,5,177,0.145254834,False,False,640.0,en,False,en|SIEMENS
1.2.826.0.1.3680043.8.498.53025489296610571044246428509154950855,SIEMENS,MAGNETOM Vida,3.0,6,191,0.05329649,False,False,384.0,hr/bs/sr,False,hr/bs/sr|SIEMENS
1.2.826.0.1.3680043.8.498.53076472372145933727990308381815269368,SIEMENS,Aera,1.5,5,133,0.019837288,False,False,256.0,tr,False,tr|SIEMENS
1.2.826.0.1.3680043.8.498.53078461307849490495536549806091931824,SIEMENS,MAGNETOM Avanto fit,1.5,5,290,0.441574296,False,True,800.0,de,False,de|SIEMENS
1.2.826.0.1.3680043.8.498.53080172184945962593713560671746700445,SIEMENS,MAGNETOM Avanto fit,1.5,5,286,0.436493014,False,True,800.0,de,False,de|SIEMENS
1.2.826.0.1.3680043.8.498.53094450151502907325041400000717725711,PHILIPS,Ingenia,3.0,5,150,0.120113768,False,False,640.0,cyrillic,False,cyrillic|PHILIPS
1.2.826.0.1.3680043.8.498.53114802640679819441521055029024037716,GE,SIGNA Explorer,1.5,5,135,0.061552486,False,False,512.0,tr,False,tr|GE
1.2.826.0.1.3680043.8.498.53131430415327479511358970615140982847,SIEMENS,Skyra,3.0,5,180,0.047627426,False,False,320.0,es,False,es|SIEMENS
1.2.826.0.1.3680043.8.498.53137953094305471774552883960361922832,PHILIPS,Achieva dStream,3.0,8,257,0.214848744,False,False,640.0,en,False,en|PHILIPS
1.2.826.0.1.3680043.8.498.53156118232564605912649705207438612782,SIEMENS,Aera,1.5,5,162,0.033906508,False,False,320.0,hr/bs/sr,False,hr/bs/sr|SIEMENS
1.2.826.0.1.3680043.8.498.53173579822475854424126184867040523127,PHILIPS,Ingenia,3.0,4,94,0.049426032,False,False,512.0,en,False,en|PHILIPS
1.2.826.0.1.3680043.8.498.53174810138171412044410050984734412146,GE,SIGNA Artist,1.5,5,189,0.099379504,False,False,512.0,en,False,en|GE
1.2.826.0.1.3680043.8.498.53221818460567216467597044606040911702,SIEMENS,Skyra,3.0,5,150,0.03953948,False,False,320.0,es,False,es|SIEMENS
1.2.826.0.1.3680043.8.498.53262958748075737242820629127001253146,GE,SIGNA Artist,1.5,5,216,0.255126512,False,False,512.0,es,False,es|GE
1.2.826.0.1.3680043.8.498.53271710112621372496324855809391580130,SIEMENS,MAGNETOM Vida,3.0,4,130,0.05919348,False,False,480.0,en,False,en|SIEMENS
1.2.826.0.1.3680043.8.498.53331626867618182966740022261110760133,GE,Optima MR430s 1.5T,1.5,5,144,0.075686892,False,False,512.0,en,False,en|GE
1.2.826.0.1.3680043.8.498.53337684515627962545396495541158882262,GE,SIGNA EXCITE,1.5,7,236,0.124055158,False,False,512.0,en,False,en|GE
1.2.826.0.1.3680043.8.498.53343379040681745197301575417064236501,SIEMENS,Aera,1.5,5,156,0.027530852,False,False,320.0,tr,False,tr|SIEMENS
1.2.826.0.1.3680043.8.498.53355961816756477601843499985089590263,SIEMENS,Aera,1.5,5,172,0.041590006,False,False,320.0,en,False,en|SIEMENS
1.2.826.0.1.3680043.8.498.53361558447470435467999344560545063264,PHILIPS,Ingenia,3.0,4,122,0.060456512,False,False,512.0,en,False,en|PHILIPS
1.2.826.0.1.3680043.8.498.53370670740736715669115043403494610200,SIEMENS,MAGNETOM Vida,3.0,6,191,0.053294356,False,False,384.0,hr/bs/sr,False,hr/bs/sr|SIEMENS
1.2.826.0.1.3680043.8.498.53393741562201846141435914434030220216,PHILIPS,Ingenia,3.0,4,130,0.069353892,False,False,512.0,en,False,en|PHILIPS
1.2.826.0.1.3680043.8.498.53408696789721413873026963095773050643,SIEMENS,SonataVision,1.5,5,93,0.040531622,False,False,384.0,greek,False,greek|SIEMENS
1.2.826.0.1.3680043.8.498.53490080963614272234072703760363052476,PHILIPS,Ingenia Ambition X,1.5,8,288,0.170557206,False,True,560.0,en,False,en|PHILIPS
1.2.826.0.1.3680043.8.498.53528011450161116437223332448942321596,SIEMENS,MAGNETOM Vida,3.0,5,166,0.04460715,False,False,384.0,hr/bs/sr,False,hr/bs/sr|SIEMENS
1.2.826.0.1.3680043.8.498.53579416035647672067965892020505016454,PHILIPS,Achieva dStream,1.5,7,220,0.096915092,False,True,432.0,tr,False,tr|PHILIPS
1.2.826.0.1.3680043.8.498.53587920256280027683523152568832253423,SIEMENS,MAGNETOM Aera,1.5,4,153,0.042108044,False,False,384.0,fr,False,fr|SIEMENS
1.2.826.0.1.3680043.8.498.53628897373416863107623485630264501760,SIEMENS,MAGNETOM Avanto fit,1.5,5,249,0.37654441,False,True,800.0,de,False,de|SIEMENS
1.2.826.0.1.3680043.8.498.53649895712172408476570770924813501118,GE,Optima MR430s 1.5T,1.5,5,140,0.073584762,False,False,512.0,en,False,en|GE
1.2.826.0.1.3680043.8.498.53737349894831365159124471910871800583,PHILIPS,Ingenia,3.0,4,118,0.058352596,False,False,512.0,en,False,en|PHILIPS
1.2.826.0.1.3680043.8.498.53745429232602455103594227782517963027,PHILIPS,Ingenia,3.0,4,126,0.062565388,False,False,512.0,en,False,en|PHILIPS
1.2.826.0.1.3680043.8.498.53792159922324410857755054939229546555,PHILIPS,MR 5300,1.5,6,116,0.063189956,False,False,480.0,es,False,es|PHILIPS
1.2.826.0.1.3680043.8.498.53797236075631231042400235117445767744,SIEMENS,MAGNETOM Vida,3.0,5,166,0.153065826,False,False,640.0,nl,False,nl|SIEMENS
1.2.826.0.1.3680043.8.498.53884715696186989798696544661396487883,SIEMENS,MAGNETOM Sempra,1.5,5,168,0.041728934,False,False,320.0,es,False,es|SIEMENS
1.2.826.0.1.3680043.8.498.53893586200869613140666806653041177558,PHILIPS,MR 5300,1.5,5,93,0.055821064,False,False,528.0,es,False,es|PHILIPS
1.2.826.0.1.3680043.8.498.53901077733518036755308692304268815965,SIEMENS,MAGNETOM Vida,3.0,5,172,0.15722241,False,False,640.0,nl,False,nl|SIEMENS
1.2.826.0.1.3680043.8.498.53963759852017695930808272438606800422,GE,SIGNA Artist,1.5,4,151,0.136019236,False,False,512.0,en,False,en|GE
1.2.826.0.1.3680043.8.498.53968943793571323467397128102531786394,SIEMENS,Aera,1.5,5,163,0.031260874,False,False,320.0,tr,False,tr|SIEMENS
1.2.826.0.1.3680043.8.498.54000782656400326230944526201670909133,CANON/TOSHIBA,Vantage,,5,153,0.096060864,True,False,512.0,en,False,en|CANON/TOSHIBA
1.2.826.0.1.3680043.8.498.54030363830629950591221870797594277092,PHILIPS,Ingenia,3.0,5,150,0.120113716,False,False,640.0,cyrillic,False,cyrillic|PHILIPS
1.2.826.0.1.3680043.8.498.54049224487950229496345484554581532711,GE,SIGNA Artist,1.5,4,131,0.114489574,False,False,512.0,en,False,en|GE
1.2.826.0.1.3680043.8.498.54099199514076260519579096546600505763,PHILIPS,Ingenia,1.5,5,155,0.089129812,False,False,528.0,hr/bs/sr,False,hr/bs/sr|PHILIPS
1.2.826.0.1.3680043.8.498.54100786607660749952814251186461344633,PHILIPS,Achieva dStream,1.5,5,118,0.052241486,False,False,480.0,es,False,es|PHILIPS
1.2.826.0.1.3680043.8.498.54101830029742852876183926998159899424,GE,SIGNA Artist,1.5,5,169,0.195812474,False,False,512.0,es,False,es|GE
1.2.826.0.1.3680043.8.498.54132814503202891434380002378663763655,PHILIPS,Ingenia,3.0,4,133,0.066239036,False,False,512.0,en,False,en|PHILIPS
1.2.826.0.1.3680043.8.498.54138747504377266740838999528964336002,SIEMENS,MAGNETOM Avanto fit,1.5,5,249,0.374048854,False,True,800.0,de,False,de|SIEMENS
1.2.826.0.1.3680043.8.498.54142170846176833568961426171739782214,SIEMENS,SonataVision,1.5,5,94,0.041521604,False,False,384.0,greek,False,greek|SIEMENS
1.2.826.0.1.3680043.8.498.54164004416963296439322252627774426375,SIEMENS,Aera,1.5,5,138,0.030715876,False,False,320.0,tr,False,tr|SIEMENS
1.2.826.0.1.3680043.8.498.54202117421897784469771192940597638508,PHILIPS,Ingenia,1.5,6,106,0.066886556,False,False,560.0,es,False,es|PHILIPS
1.2.826.0.1.3680043.8.498.54270039578867689669466339980682684126,SIEMENS,Aera,1.5,5,143,0.01895017,False,False,256.0,tr,False,tr|SIEMENS
1.2.826.0.1.3680043.8.498.54280954106925918796002359856408530043,GE,SIGNA Explorer,1.5,6,199,0.285509352,False,True,1024.0,tr,False,tr|GE
1.2.826.0.1.3680043.8.498.54306467780023777062920737767581126383,GE,SIGNA EXCITE,1.5,8,204,0.10723406,False,False,512.0,en,False,en|GE
1.2.826.0.1.3680043.8.498.54316764984549863227549326352573342232,SIEMENS,Aera,1.5,7,373,0.098660458,False,True,320.0,hr/bs/sr,False,hr/bs/sr|SIEMENS
1.2.826.0.1.3680043.8.498.54336962625483046366337626878609850219,SIEMENS,MAGNETOM Lumina,3.0,5,170,0.059093244,False,False,416.0,es,False,es|SIEMENS
1.2.826.0.1.3680043.8.498.54374735423703474541190464716308417985,PHILIPS,Ingenia,3.0,4,130,0.068355482,False,False,512.0,en,False,en|PHILIPS
1.2.826.0.1.3680043.8.498.54394066317295451515247748115888976860,CANON/TOSHIBA,Vantage,,6,160,0.10023003,True,False,512.0,en,False,en|CANON/TOSHIBA
1.2.826.0.1.3680043.8.498.54427039222108917725902677899081931510,PHILIPS,Achieva dStream,1.5,5,127,0.082259474,False,False,560.0,es,False,es|PHILIPS
1.2.826.0.1.3680043.8.498.54448516923758211534546401490623824012,SIEMENS,MAGNETOM Aera,1.5,4,138,0.038021754,False,False,384.0,fr,False,fr|SIEMENS
1.2.826.0.1.3680043.8.498.54451515695681765924346479727204451807,GE,SIGNA Explorer,1.5,5,121,0.06362616,False,False,512.0,tr,False,tr|GE
1.2.826.0.1.3680043.8.498.54482848766921329667469114743547203929,GE,Optima MR430s 1.5T,1.5,5,142,0.074635452,False,False,512.0,en,False,en|GE
1.2.826.0.1.3680043.8.498.54483132338261866032495309977418409299,CANON/TOSHIBA,Galan 3T,3.0,7,210,0.232556988,False,False,768.0,en,False,en|CANON/TOSHIBA
1.2.826.0.1.3680043.8.498.54539703415639765348239790227512479583,PHILIPS,Ingenia,3.0,5,118,0.120053938,False,False,560.0,es,False,es|PHILIPS
1.2.826.0.1.3680043.8.498.54589880111295324708950851057241927191,GE,SIGNA Artist,1.5,5,195,0.231501006,False,False,512.0,es,False,es|GE
1.2.826.0.1.3680043.8.498.54619696938940618755334224550745735815,GE,SIGNA Architect,3.0,10,623,0.543028106,False,True,1024.0,tr,False,tr|GE
1.2.826.0.1.3680043.8.498.54628782412849994943720963251113534589,PHILIPS,Ingenia,3.0,4,150,0.09095147,False,False,560.0,en,False,en|PHILIPS
1.2.826.0.1.3680043.8.498.54662745951809363774369202018332309887,SIEMENS,MAGNETOM Skyra,3.0,4,223,0.031534688,False,True,352.0,en,False,en|SIEMENS
1.2.826.0.1.3680043.8.498.54669065204808162914386927559244866557,SIEMENS,Skyra,3.0,5,160,0.078793534,False,False,384.0,es,False,es|SIEMENS
1.2.826.0.1.3680043.8.498.54689086194769265957947122616025330642,GE,SIGNA EXCITE,1.5,7,168,0.08831034,False,False,512.0,en,False,en|GE
1.2.826.0.1.3680043.8.498.54693572065777563403567480644050627025,SIEMENS,MAGNETOM Prisma,3.0,4,138,0.117255872,False,False,588.0,greek,False,greek|SIEMENS
1.2.826.0.1.3680043.8.498.54699196872730350880681018674893216245,PHILIPS,Ingenia,3.0,5,178,0.150234996,False,False,672.0,cyrillic,False,cyrillic|PHILIPS
1.2.826.0.1.3680043.8.498.54711709751232783991855540573189433446,SIEMENS,MAGNETOM Vida,3.0,5,166,0.044607256,False,False,384.0,hr/bs/sr,False,hr/bs/sr|SIEMENS
1.2.826.0.1.3680043.8.498.54755249425443469939742671497042113665,PHILIPS,Ingenia,3.0,6,233,0.17640907,False,False,656.0,cyrillic,False,cyrillic|PHILIPS
1.2.826.0.1.3680043.8.498.54761306437713414745748829128854749469,GE,SIGNA Artist,1.5,5,215,0.256172004,False,False,512.0,es,False,es|GE
1.2.826.0.1.3680043.8.498.54792838438079861454532183998999249213,PHILIPS,Ingenia,3.0,5,150,0.12011372,False,False,640.0,cyrillic,False,cyrillic|PHILIPS
1.2.826.0.1.3680043.8.498.54833384793167149128371137537527194757,CANON/TOSHIBA,Vantage,,5,136,0.087621272,True,False,512.0,en,False,en|CANON/TOSHIBA
1.2.826.0.1.3680043.8.498.54866613282412053616997257524944654864,SIEMENS,MAGNETOM Prisma,3.0,4,150,0.138506478,False,False,588.0,greek,False,greek|SIEMENS
1.2.826.0.1.3680043.8.498.54977581323931277817074741182670080450,SIEMENS,Skyra,3.0,5,160,0.078793496,False,False,384.0,es,True,es|SIEMENS
1.2.826.0.1.3680043.8.498.55008913229055942530957507434366806883,SIEMENS,MAGNETOM Vida,3.0,5,166,0.044607346,False,False,384.0,hr/bs/sr,False,hr/bs/sr|SIEMENS
1.2.826.0.1.3680043.8.498.55015061060346597564205577461227720715,SIEMENS,Aera,1.5,5,168,0.040595182,False,False,320.0,en,False,en|SIEMENS
1.2.826.0.1.3680043.8.498.55022631713888448062201243978634363406,SIEMENS,Espree,1.5,5,136,0.024140434,False,False,320.0,en,False,en|SIEMENS
1.2.826.0.1.3680043.8.498.55061039227197546099231336400032878562,SIEMENS,Aera,1.5,6,197,0.04554417,False,False,320.0,hr/bs/sr,False,hr/bs/sr|SIEMENS
1.2.826.0.1.3680043.8.498.55065105486648830377200570585789726800,PHILIPS,Ingenia,3.0,4,132,0.072494276,False,False,512.0,en,False,en|PHILIPS
1.2.826.0.1.3680043.8.498.55067956175569778132589128971795053431,SIEMENS,MAGNETOM Avanto fit,1.5,5,315,0.486861228,False,True,800.0,de,False,de|SIEMENS
1.2.826.0.1.3680043.8.498.55105303802677863700162285680213496441,PHILIPS,Ingenia Ambition X,1.5,8,246,0.15712121,False,False,520.0,en,False,en|PHILIPS
1.2.826.0.1.3680043.8.498.55183153701332792661581741475876132309,PHILIPS,Ingenia,3.0,4,121,0.059935976,False,False,512.0,en,False,en|PHILIPS
1.2.826.0.1.3680043.8.498.55202459816190607876303419067810637245,GE,SIGNA Explorer,1.5,5,108,0.047748198,False,False,512.0,tr,False,tr|GE
1.2.826.0.1.3680043.8.498.55300053252365037422745072128951402593,GE,SIGNA Explorer,1.5,5,116,0.042515746,False,False,512.0,tr,False,tr|GE
1.2.826.0.1.3680043.8.498.55332521421041708438748125666498042763,GE,SIGNA Explorer,1.5,5,112,0.049456462,False,False,512.0,tr,False,tr|GE
1.2.826.0.1.3680043.8.498.55344075316305815718253234447285669886,PHILIPS,Achieva dStream,1.5,5,104,0.062174536,False,False,512.0,es,False,es|PHILIPS
1.2.826.0.1.3680043.8.498.55344353927048912237233441917779875587,PHILIPS,Achieva dStream,1.5,5,582,0.464744716,False,True,640.0,en,False,en|PHILIPS
1.2.826.0.1.3680043.8.498.55346033326903331672579723063380636237,PHILIPS,Multiva,1.5,5,102,0.060842852,False,False,560.0,es,False,es|PHILIPS
1.2.826.0.1.3680043.8.498.55397602116058381866334455456729470963,SIEMENS,Aera,1.5,5,162,0.033906382,False,False,320.0,hr/bs/sr,False,hr/bs/sr|SIEMENS
1.2.826.0.1.3680043.8.498.55415479446253262335685494509470808516,CANON/TOSHIBA,Vantage,,5,120,0.079215398,True,False,512.0,en,False,en|CANON/TOSHIBA
1.2.826.0.1.3680043.8.498.55461938012492393262172182405932212246,SIEMENS,MAGNETOM Vida,3.0,5,166,0.15306629,False,False,640.0,nl,False,nl|SIEMENS
1.2.826.0.1.3680043.8.498.55583505147281684100202399148099429721,PHILIPS,MR 5300,1.5,7,125,0.063550026,False,False,480.0,es,False,es|PHILIPS
1.2.826.0.1.3680043.8.498.55586358833903787781826406120068237870,PHILIPS,Ingenia,3.0,5,104,0.102652608,False,False,512.0,es,False,es|PHILIPS
1.2.826.0.1.3680043.8.498.55653770127824574123236841437998533498,GE,SIGNA Explorer,1.5,5,108,0.047748242,False,False,512.0,tr,False,tr|GE
1.2.826.0.1.3680043.8.498.55687452977471862155042703116192295932,SIEMENS,MAGNETOM Vida,3.0,6,191,0.053295878,False,False,384.0,hr/bs/sr,False,hr/bs/sr|SIEMENS
1.2.826.0.1.3680043.8.498.55700532609077428304194916132759352518,SIEMENS,Aera,1.5,8,223,0.136863952,False,False,640.0,en,False,en|SIEMENS
1.2.826.0.1.3680043.8.498.55713753582074871470943388423906540792,PHILIPS,Achieva dStream,3.0,10,317,0.228581796,False,True,640.0,en,False,en|PHILIPS
1.2.826.0.1.3680043.8.498.55729193057949125029301812320609764642,SIEMENS,MAGNETOM Vida,3.0,6,191,0.053302534,False,False,384.0,hr/bs/sr,False,hr/bs/sr|SIEMENS
1.2.826.0.1.3680043.8.498.55771181380353653474896884649540028856,PHILIPS,Achieva dStream,3.0,8,249,0.201988642,False,False,640.0,en,False,en|PHILIPS
1.2.826.0.1.3680043.8.498.55808772152667135571939417929724526296,PHILIPS,Achieva dStream,3.0,9,300,0.261411732,False,False,704.0,en,False,en|PHILIPS
1.2.826.0.1.3680043.8.498.55850385284038070407841702672827533728,GE,Optima MR450w,1.5,5,191,0.100435526,False,False,512.0,en,False,en|GE
1.2.826.0.1.3680043.8.498.55856308312040330141050707531982127791,SIEMENS,Aera,1.5,5,128,0.030905712,False,False,320.0,tr,False,tr|SIEMENS
1.2.826.0.1.3680043.8.498.55861544093014499478739864837675161978,SIEMENS,MAGNETOM Avanto fit,1.5,7,388,0.578812688,False,True,800.0,de,False,de|SIEMENS
1.2.826.0.1.3680043.8.498.55887747667305814945719986974538814207,SIEMENS,MAGNETOM Prisma,3.0,6,182,0.123285238,False,False,400.0,greek,False,greek|SIEMENS
1.2.826.0.1.3680043.8.498.55927741980493661714408715886641034285,SIEMENS,Aera,1.5,5,144,0.025498834,False,False,320.0,tr,False,tr|SIEMENS
1.2.826.0.1.3680043.8.498.55930031395651221279170435293900769500,SIEMENS,MAGNETOM Aera,1.5,4,148,0.040710866,False,False,384.0,fr,False,fr|SIEMENS
1.2.826.0.1.3680043.8.498.55971152627433130850649668964887611410,PHILIPS,Ingenia,3.0,6,194,0.184153886,False,False,704.0,cyrillic,False,cyrillic|PHILIPS
1.2.826.0.1.3680043.8.498.55971241672517044174019654998425819738,SIEMENS,MAGNETOM Lumina,3.0,5,166,0.057263108,False,False,416.0,es,False,es|SIEMENS
1.2.826.0.1.3680043.8.498.55991293001848799160041967098772087659,SIEMENS,Aera,1.5,8,223,0.097229122,False,False,416.0,en,False,en|SIEMENS
1.2.826.0.1.3680043.8.498.56016606949603829995818303105991224499,SIEMENS,MAGNETOM Avanto fit,1.5,5,284,0.44567249,False,True,896.0,de,False,de|SIEMENS
1.2.826.0.1.3680043.8.498.56045687004558569005240775213510192805,PHILIPS,Ingenia Ambition X,1.5,9,341,0.191076536,False,True,528.0,en,False,en|PHILIPS
1.2.826.0.1.3680043.8.498.56054334296747411394367010227992359191,SIEMENS,MAGNETOM Aera,1.5,4,156,0.042991498,False,False,384.0,en,False,en|SIEMENS
1.2.826.0.1.3680043.8.498.56061505201159269536816810086342635391,PHILIPS,Achieva dStream,3.0,7,201,0.173080472,False,False,672.0,en,False,en|PHILIPS
1.2.826.0.1.3680043.8.498.56091473614612257999053529249190958828,GE,SIGNA Explorer,1.5,5,133,0.06993908,False,False,512.0,tr,False,tr|GE
1.2.826.0.1.3680043.8.498.56146582420561901778012523946835033628,SIEMENS,MAGNETOM Vida,3.0,6,191,0.05329611,False,False,384.0,hr/bs/sr,False,hr/bs/sr|SIEMENS
1.2.826.0.1.3680043.8.498.56156923369480999484275191793049573490,SIEMENS,Skyra,3.0,7,244,0.06754552,False,False,320.0,es,False,es|SIEMENS
1.2.826.0.1.3680043.8.498.56170570792418244380186761574367557535,SIEMENS,Aera,1.5,6,187,0.043978574,False,False,320.0,hr/bs/sr,False,hr/bs/sr|SIEMENS
1.2.826.0.1.3680043.8.498.56188634971310070481285525830793231849,PHILIPS,MR 5300,1.5,6,115,0.084500102,False,False,504.0,es,False,es|PHILIPS
1.2.826.0.1.3680043.8.498.56216873861595017403772627709751840588,GE,SIGNA Architect,3.0,9,556,0.45904039,False,True,1024.0,tr,False,tr|GE
1.2.826.0.1.3680043.8.498.56266280744044680626884459696038109616,PHILIPS,Ingenia,3.0,4,127,0.063092994,False,False,512.0,en,False,en|PHILIPS
1.2.826.0.1.3680043.8.498.56269695574661037525483516531194514456,SIEMENS,MAGNETOM Vida,3.0,5,166,0.153065382,False,False,640.0,nl,False,nl|SIEMENS
1.2.826.0.1.3680043.8.498.56305445410093481072159375249067050124,SIEMENS,SonataVision,1.5,4,74,0.030843856,False,False,384.0,greek,False,greek|SIEMENS
1.2.826.0.1.3680043.8.498.56385473079196655120993854770623075553,SIEMENS,MAGNETOM Aera,1.5,4,152,0.041805914,False,False,384.0,en,False,en|SIEMENS
1.2.826.0.1.3680043.8.498.56428314239264997930645427543149285770,SIEMENS,Skyra,3.0,5,154,0.037349316,False,False,320.0,es,False,es|SIEMENS
1.2.826.0.1.3680043.8.498.56474364950531483257947155855279443851,SIEMENS,MAGNETOM Aera,1.5,4,149,0.040916498,False,False,384.0,fr,False,fr|SIEMENS
1.2.826.0.1.3680043.8.498.56497268548664917337130798701015887461,SIEMENS,MAGNETOM Aera,1.5,4,148,0.040711084,False,False,384.0,fr,False,fr|SIEMENS
1.2.826.0.1.3680043.8.498.56506415277488978301157490514745400410,SIEMENS,MAGNETOM Avanto fit,1.5,5,270,0.410180988,False,True,800.0,de,False,de|SIEMENS
1.2.826.0.1.3680043.8.498.56512564464301544960446419143135447363,GE,SIGNA EXCITE,1.5,7,180,0.094617584,False,False,512.0,en,True,en|GE
1.2.826.0.1.3680043.8.498.56513276339820682030546599321915304265,PHILIPS,Ingenia Ambition X,1.5,11,334,0.199658322,False,False,512.0,en,False,en|PHILIPS
1.2.826.0.1.3680043.8.498.56564801707939049324472369774251260607,PHILIPS,Achieva,1.5,5,98,0.059220114,False,False,528.0,es,False,es|PHILIPS
1.2.826.0.1.3680043.8.498.56575942633137496743464648679775042979,GE,SIGNA Artist,1.5,4,153,0.140212876,False,False,512.0,en,False,en|GE
1.2.826.0.1.3680043.8.498.56628956454784173189908113425348977923,SIEMENS,Aera,1.5,5,154,0.02719295,False,False,320.0,tr,False,tr|SIEMENS
1.2.826.0.1.3680043.8.498.56686055146646210144964207684044815006,SIEMENS,MAGNETOM Sempra,1.5,5,154,0.03820119,False,False,320.0,es,False,es|SIEMENS
1.2.826.0.1.3680043.8.498.56715311294415711253166312546942356882,SIEMENS,MAGNETOM Vida,3.0,4,130,0.059193302,False,False,480.0,en,False,en|SIEMENS
1.2.826.0.1.3680043.8.498.56751453017492477106384704540803963879,SIEMENS,MAGNETOM Skyra,3.0,5,253,0.039883886,False,True,384.0,en,False,en|SIEMENS
1.2.826.0.1.3680043.8.498.56762592839620371588520593573846414860,PHILIPS,Ingenia,3.0,5,161,0.12781629,False,False,640.0,cyrillic,False,cyrillic|PHILIPS
1.2.826.0.1.3680043.8.498.56786556618312090924315296993756843070,SIEMENS,MAGNETOM Sola,1.5,5,146,0.110732836,False,False,640.0,nl,False,nl|SIEMENS
1.2.826.0.1.3680043.8.498.56796622077427019119540733986070534126,CANON/TOSHIBA,Galan 3T,3.0,7,210,0.253753818,False,False,768.0,en,False,en|CANON/TOSHIBA
1.2.826.0.1.3680043.8.498.56798070549054124854685511360777559033,SIEMENS,Skyra,3.0,5,160,0.038856972,False,False,320.0,es,False,es|SIEMENS
1.2.826.0.1.3680043.8.498.56814987912934301686833132930648230999,GE,Optima MR450w,,5,96,0.050432796,True,False,512.0,en,False,en|GE
1.2.826.0.1.3680043.8.498.56839374698050163738039760889156066445,SIEMENS,Espree,1.5,5,160,0.131303756,False,False,640.0,en,False,en|SIEMENS
1.2.826.0.1.3680043.8.498.56880070152758706555016296832842012883,PHILIPS,Ingenia,1.5,7,204,0.107710632,False,False,512.0,hr/bs/sr,False,hr/bs/sr|PHILIPS
1.2.826.0.1.3680043.8.498.56882015310689536014061315110969323429,GE,SIGNA Architect,3.0,7,302,0.334945324,False,True,1024.0,tr,False,tr|GE
1.2.826.0.1.3680043.8.498.56893426177755960410197244250599230068,PHILIPS,Ingenia,1.5,6,170,0.097519756,False,False,528.0,hr/bs/sr,False,hr/bs/sr|PHILIPS
1.2.826.0.1.3680043.8.498.56894990686683651282564584582335346350,PHILIPS,Ingenia,1.5,5,156,0.081962004,False,False,512.0,hr/bs/sr,False,hr/bs/sr|PHILIPS
1.2.826.0.1.3680043.8.498.56915079210789596803972894081756325026,SIEMENS,MAGNETOM Vida,3.0,6,191,0.053302674,False,False,384.0,hr/bs/sr,False,hr/bs/sr|SIEMENS
1.2.826.0.1.3680043.8.498.56939860329243258146102948466697018543,PHILIPS,Achieva dStream,1.5,5,107,0.070742098,False,False,528.0,es,False,es|PHILIPS
1.2.826.0.1.3680043.8.498.56945039212126810522718038626526579591,SIEMENS,MAGNETOM Vida,3.0,7,223,0.062787682,False,False,384.0,hr/bs/sr,False,hr/bs/sr|SIEMENS
1.2.826.0.1.3680043.8.498.56989113744241846544086409786820246754,PHILIPS,Achieva dStream,1.5,7,231,0.109216102,False,True,512.0,tr,False,tr|PHILIPS
1.2.826.0.1.3680043.8.498.56991590802231436015843619633497607680,PHILIPS,Achieva dStream,1.5,6,137,0.062188686,False,False,496.0,es,False,es|PHILIPS
1.2.826.0.1.3680043.8.498.56993108275828399240508695615212151102,SIEMENS,MAGNETOM Skyra,3.0,4,219,0.03034846,False,True,352.0,en,False,en|SIEMENS
1.2.826.0.1.3680043.8.498.56995522547527264862064392266001620445,PHILIPS,Ingenia,3.0,4,118,0.058353388,False,False,512.0,en,False,en|PHILIPS
1.2.826.0.1.3680043.8.498.57064618560116981041722203028857007300,SIEMENS,Aera,1.5,8,223,0.136868412,False,False,640.0,en,False,en|SIEMENS
1.2.826.0.1.3680043.8.498.57074072196714325300896734167161517369,PHILIPS,Ingenia,1.5,6,185,0.10472647,False,False,512.0,hr/bs/sr,False,hr/bs/sr|PHILIPS
1.2.826.0.1.3680043.8.498.57084445429567494093960261980941917499,PHILIPS,Ingenia,3.0,5,156,0.125554496,False,False,640.0,cyrillic,False,cyrillic|PHILIPS
1.2.826.0.1.3680043.8.498.57091203959244495164081406481825915856,SIEMENS,SonataVision,1.5,5,100,0.04434498,False,False,384.0,greek,False,greek|SIEMENS
1.2.826.0.1.3680043.8.498.57160448024145680660335079050450776852,GE,SIGNA Artist,1.5,5,178,0.21155278,False,False,512.0,es,False,es|GE
1.2.826.0.1.3680043.8.498.57239450717434070615919278253974598533,PHILIPS,Ingenia,1.5,5,111,0.201060512,False,False,1008.0,es,False,es|PHILIPS
1.2.826.0.1.3680043.8.498.57316522861709598765962486949846744486,GE,Optima MR450w,,5,132,0.069345792,True,False,512.0,en,False,en|GE
1.2.826.0.1.3680043.8.498.57342523828166309133982222435655662667,SIEMENS,MAGNETOM Sempra,1.5,5,160,0.039668812,False,False,320.0,es,False,es|SIEMENS
1.2.826.0.1.3680043.8.498.57348281565196196401055821640494904475,SIEMENS,SonataVision,1.5,5,96,0.039293694,False,False,384.0,greek,False,greek|SIEMENS
1.2.826.0.1.3680043.8.498.57406640473235989459885313797729459197,SIEMENS,MAGNETOM Avanto fit,1.5,5,266,0.408499718,False,True,800.0,de,False,de|SIEMENS
1.2.826.0.1.3680043.8.498.57491375928585600499323136123872536597,PHILIPS,Ingenia Elition X,3.0,7,202,0.120479226,False,False,512.0,en,False,en|PHILIPS
1.2.826.0.1.3680043.8.498.57537915810250993237120953960404180449,SIEMENS,MAGNETOM Sempra,1.5,5,166,0.041316806,False,False,320.0,es,False,es|SIEMENS
1.2.826.0.1.3680043.8.498.57615268093937994500995086275007694564,PHILIPS,Ingenia,3.0,4,130,0.068361728,False,False,512.0,en,False,en|PHILIPS
1.2.826.0.1.3680043.8.498.57703608122587911055931213603182679454,SIEMENS,MAGNETOM Vida,3.0,6,235,0.065572656,False,False,384.0,hr/bs/sr,False,hr/bs/sr|SIEMENS
1.2.826.0.1.3680043.8.498.57768539239475064336346600805236336044,SIEMENS,MAGNETOM Vida,3.0,6,191,0.053302762,False,False,384.0,hr/bs/sr,False,hr/bs/sr|SIEMENS
1.2.826.0.1.3680043.8.498.57775389384191131322519457853517177210,SIEMENS,Skyra,3.0,5,150,0.039539224,False,False,320.0,es,False,es|SIEMENS
1.2.826.0.1.3680043.8.498.57789603189240866041812385320399435864,PHILIPS,Achieva dStream,3.0,8,257,0.26975827,False,False,776.0,en,False,en|PHILIPS
1.2.826.0.1.3680043.8.498.57802887045514681373294932749517914959,SIEMENS,MAGNETOM Avanto fit,1.5,5,275,0.419403508,False,True,800.0,de,False,de|SIEMENS
1.2.826.0.1.3680043.8.498.57811199787891897795884073594875380873,SIEMENS,MAGNETOM Vida,3.0,4,126,0.057342396,False,False,480.0,en,False,en|SIEMENS
1.2.826.0.1.3680043.8.498.57829173797358025677240411871600928097,PHILIPS,Ingenia,3.0,4,118,0.065126438,False,False,512.0,en,False,en|PHILIPS
1.2.826.0.1.3680043.8.498.57836524675365700674244122764523161699,CANON/TOSHIBA,Galan 3T,3.0,7,210,0.250436278,False,False,768.0,en,False,en|CANON/TOSHIBA
1.2.826.0.1.3680043.8.498.57845032486422442404222046144765204905,GE,SIGNA Explorer,1.5,4,131,0.06887437,False,False,512.0,en,False,en|GE
1.2.826.0.1.3680043.8.498.57859543314667538612269642333387175763,PHILIPS,Ingenia,1.5,5,170,0.096336372,False,False,512.0,hr/bs/sr,False,hr/bs/sr|PHILIPS
1.2.826.0.1.3680043.8.498.57882532838957577543516026386452055977,GE,SIGNA Explorer,1.5,5,130,0.05853115,False,False,512.0,tr,False,tr|GE
1.2.826.0.1.3680043.8.498.57917634151851433037090858498504057826,GE,SIGNA EXCITE,1.5,8,208,0.109335574,False,False,512.0,en,False,en|GE
1.2.826.0.1.3680043.8.498.57951268100539350409054562078476694936,PHILIPS,Ingenia,1.5,5,156,0.081962014,False,False,512.0,hr/bs/sr,False,hr/bs/sr|PHILIPS
1.2.826.0.1.3680043.8.498.57960501042895683580303516749157258348,PHILIPS,Achieva dStream,3.0,9,273,0.21108096,False,False,640.0,en,False,en|PHILIPS
1.2.826.0.1.3680043.8.498.58051085126748057986491277367254533832,SIEMENS,MAGNETOM Avanto fit,1.5,5,288,0.440106608,False,True,800.0,de,False,de|SIEMENS
1.2.826.0.1.3680043.8.498.58143227319316521737029358930629086887,PHILIPS,Achieva dStream,1.5,5,104,0.064985698,False,False,528.0,es,False,es|PHILIPS
1.2.826.0.1.3680043.8.498.58167256197067081436345136244032069163,PHILIPS,Ingenia,3.0,4,130,0.068355902,False,False,512.0,en,False,en|PHILIPS
1.2.826.0.1.3680043.8.498.58250779958866595505585700517927225230,SIEMENS,MAGNETOM Prisma,3.0,5,156,0.11079326,False,False,384.0,greek,False,greek|SIEMENS
1.2.826.0.1.3680043.8.498.58261214953729037661916565473101636690,SIEMENS,SonataVision,1.5,5,96,0.042111124,False,False,384.0,greek,False,greek|SIEMENS
1.2.826.0.1.3680043.8.498.58280111882249056715877316026191844548,GE,SIGNA EXCITE,1.5,7,168,0.088310622,False,False,512.0,en,False,en|GE
1.2.826.0.1.3680043.8.498.58280349821647977336008109443058641195,SIEMENS,Skyra,3.0,5,156,0.037852302,False,False,320.0,es,False,es|SIEMENS
1.2.826.0.1.3680043.8.498.58298767414933858487578597918936525600,SIEMENS,MAGNETOM Vida,3.0,4,130,0.059194678,False,False,480.0,en,False,en|SIEMENS
1.2.826.0.1.3680043.8.498.58346459085553680879151588730895136332,SIEMENS,MAGNETOM Avanto fit,1.5,5,266,0.407847424,False,True,800.0,de,False,de|SIEMENS
1.2.826.0.1.3680043.8.498.58366682083795592678613986311570432419,SIEMENS,SonataVision,1.5,4,75,0.03166201,False,False,384.0,greek,False,greek|SIEMENS
1.2.826.0.1.3680043.8.498.58381033890285289577066078050126251787,SIEMENS,MAGNETOM Avanto fit,1.5,5,288,0.449062624,False,True,800.0,de,False,de|SIEMENS
1.2.826.0.1.3680043.8.498.58404766256608483217059706069436050741,PHILIPS,Ingenia,3.0,4,130,0.068355494,False,False,512.0,en,False,en|PHILIPS
1.2.826.0.1.3680043.8.498.58416798660375193103814365795347286292,CANON/TOSHIBA,Galan 3T,3.0,8,350,0.387451798,False,True,832.0,en,False,en|CANON/TOSHIBA
1.2.826.0.1.3680043.8.498.58475208045272914292874190001248518687,SIEMENS,Aera,1.5,8,227,0.140151922,False,False,640.0,en,False,en|SIEMENS
1.2.826.0.1.3680043.8.498.58482152742263188503728990365891896621,SIEMENS,SonataVision,1.5,5,99,0.044577692,False,False,384.0,greek,False,greek|SIEMENS
1.2.826.0.1.3680043.8.498.58482779112389764165599701941310919660,SIEMENS,MAGNETOM Prisma,3.0,5,142,0.038343608,False,False,384.0,greek,False,greek|SIEMENS
1.2.826.0.1.3680043.8.498.58522891982092784622515590012748600644,GE,SIGNA Explorer,1.5,5,128,0.058658118,False,False,512.0,tr,False,tr|GE
1.2.826.0.1.3680043.8.498.58550899000434548218916895907938175917,SIEMENS,Aera,1.5,6,191,0.044311318,False,False,320.0,hr/bs/sr,False,hr/bs/sr|SIEMENS
1.2.826.0.1.3680043.8.498.58585441284202143792468863402617212167,SIEMENS,MAGNETOM Vida,3.0,4,130,0.059193808,False,False,480.0,en,False,en|SIEMENS
1.2.826.0.1.3680043.8.498.58604600600114899516493668210902251434,SIEMENS,MAGNETOM Prisma,3.0,5,190,0.115208242,False,False,384.0,greek,False,greek|SIEMENS
1.2.826.0.1.3680043.8.498.58626635384305289939700801774393536415,SIEMENS,MAGNETOM Aera,1.5,4,157,0.043287604,False,False,384.0,fr,False,fr|SIEMENS
1.2.826.0.1.3680043.8.498.58634494571833713296574414948455471101,SIEMENS,MAGNETOM Lumina,3.0,5,162,0.05613759,False,False,416.0,es,False,es|SIEMENS
1.2.826.0.1.3680043.8.498.58654915518882480245974544469656013058,SIEMENS,MAGNETOM Vida,3.0,4,130,0.059193824,False,False,480.0,en,False,en|SIEMENS
1.2.826.0.1.3680043.8.498.58685941646495891824559391997783302656,SIEMENS,MAGNETOM Vida,3.0,6,191,0.053295866,False,False,384.0,hr/bs/sr,False,hr/bs/sr|SIEMENS
1.2.826.0.1.3680043.8.498.58710813820037448352310278234947865485,SIEMENS,Aera,1.5,10,467,0.182961376,False,True,512.0,en,False,en|SIEMENS
1.2.826.0.1.3680043.8.498.58728013757221328590898166513995249334,PHILIPS,MR 5300,1.5,5,91,0.05437235,False,False,512.0,es,False,es|PHILIPS
1.2.826.0.1.3680043.8.498.58739535411760425418941874065260802744,GE,SIGNA Artist,1.5,5,195,0.229929622,False,False,512.0,es,False,es|GE
1.2.826.0.1.3680043.8.498.58749835013162544157291112101941849646,PHILIPS,Ingenia,1.5,6,117,0.068861262,False,False,520.0,es,False,es|PHILIPS
1.2.826.0.1.3680043.8.498.58768083117076186082335984587845964130,GE,SIGNA EXCITE,1.5,7,188,0.098818994,False,False,512.0,en,False,en|GE
1.2.826.0.1.3680043.8.498.58776844157027040145262759105410792687,PHILIPS,Ingenia,1.5,6,171,0.090351856,False,False,520.0,hr/bs/sr,False,hr/bs/sr|PHILIPS
1.2.826.0.1.3680043.8.498.58811528407321581206563412079643094538,PHILIPS,Ingenia,1.5,5,115,0.18845779,False,False,960.0,unknown,False,unknown|PHILIPS
1.2.826.0.1.3680043.8.498.58835863392949696556026907211309159182,CANON/TOSHIBA,Galan 3T,3.0,7,233,0.26379505,False,False,768.0,en,False,en|CANON/TOSHIBA
1.2.826.0.1.3680043.8.498.58857477075095368361468658035369975572,PHILIPS,Ingenia,3.0,5,154,0.12207315,False,False,640.0,cyrillic,False,cyrillic|PHILIPS
1.2.826.0.1.3680043.8.498.58888406752590566453001353089284177456,PHILIPS,Achieva dStream,3.0,9,279,0.225020418,False,False,640.0,en,False,en|PHILIPS
1.2.826.0.1.3680043.8.498.58925843611945635442423587804169242644,SIEMENS,MAGNETOM Avanto fit,1.5,5,290,0.443797008,False,True,800.0,de,False,de|SIEMENS
1.2.826.0.1.3680043.8.498.58965370475364247222892582428665460530,PHILIPS,Achieva dStream,3.0,10,323,0.2485365,False,True,640.0,en,False,en|PHILIPS
1.2.826.0.1.3680043.8.498.59021913092219789232890327780064145948,PHILIPS,Achieva dStream,3.0,10,317,0.318077964,False,False,640.0,en,False,en|PHILIPS
1.2.826.0.1.3680043.8.498.59047534248122071167153110802170658177,PHILIPS,Ingenia Ambition X,1.5,10,336,0.192822018,False,True,520.0,en,False,en|PHILIPS
1.2.826.0.1.3680043.8.498.59048646289883992375610835845636263714,PHILIPS,Ingenia,3.0,4,118,0.058357972,False,False,512.0,en,False,en|PHILIPS
1.2.826.0.1.3680043.8.498.59073122184069676919857712290159511305,SIEMENS,MAGNETOM Vida,3.0,6,191,0.053296326,False,False,384.0,hr/bs/sr,False,hr/bs/sr|SIEMENS
1.2.826.0.1.3680043.8.498.59098825208018364061073394433706021769,PHILIPS,Achieva dStream,1.5,7,276,0.130608744,False,True,512.0,tr,False,tr|PHILIPS
1.2.826.0.1.3680043.8.498.59126324546257448818397467078224944768,SIEMENS,MAGNETOM Sola,1.5,5,146,0.110733524,False,False,640.0,nl,False,nl|SIEMENS
1.2.826.0.1.3680043.8.498.59140342594072117638979402278277248612,SIEMENS,MAGNETOM Avanto fit,1.5,5,272,0.413870354,False,True,800.0,de,False,de|SIEMENS
1.2.826.0.1.3680043.8.498.59254379036462832374262221063106167294,GE,SIGNA Explorer,1.5,5,136,0.051461734,False,False,512.0,tr,False,tr|GE
1.2.826.0.1.3680043.8.498.59262240088132401543519466539885561578,SIEMENS,MAGNETOM Avanto fit,1.5,5,258,0.393295486,False,True,800.0,de,False,de|SIEMENS
1.2.826.0.1.3680043.8.498.59309239681970150083311665704264518844,SIEMENS,MAGNETOM Vida,3.0,4,140,0.06396971,False,False,480.0,en,False,en|SIEMENS
1.2.826.0.1.3680043.8.498.59394856717216352192037635065925607933,SIEMENS,Skyra,3.0,5,164,0.043393398,False,False,320.0,es,False,es|SIEMENS
1.2.826.0.1.3680043.8.498.59420153636832938628088507776889305823,FUJI/HITACHI,OASIS,1.16,5,125,0.035868036,False,False,320.0,en,False,en|FUJI/HITACHI
1.2.826.0.1.3680043.8.498.59426134288436219215525445839849588348,SIEMENS,MAGNETOM Avanto fit,1.5,5,312,0.473431288,False,True,800.0,de,False,de|SIEMENS
1.2.826.0.1.3680043.8.498.59449702487184611096113620550399616423,PHILIPS,Achieva,1.5,5,120,0.068845702,False,False,528.0,es,False,es|PHILIPS
1.2.826.0.1.3680043.8.498.59475691595504590121311599301170361869,SIEMENS,MAGNETOM Vida,3.0,6,191,0.053294492,False,False,384.0,hr/bs/sr,False,hr/bs/sr|SIEMENS
1.2.826.0.1.3680043.8.498.59476657510212258499047356518058209126,SIEMENS,MAGNETOM Vida,3.0,5,166,0.15306609,False,False,640.0,nl,False,nl|SIEMENS
1.2.826.0.1.3680043.8.498.59483999067816153759785789654766826710,PHILIPS,Ingenia,3.0,7,201,0.147568688,False,False,640.0,cyrillic,True,cyrillic|PHILIPS
1.2.826.0.1.3680043.8.498.59511171909586924989766685687032462369,SIEMENS,MAGNETOM Aera,1.5,4,135,0.037312886,False,False,384.0,tr,False,tr|SIEMENS
1.2.826.0.1.3680043.8.498.59527896591755229337596505685198957637,PHILIPS,Achieva dStream,1.5,5,582,0.468087108,False,True,640.0,en,False,en|PHILIPS
1.2.826.0.1.3680043.8.498.59533384841491000088839469462294817273,CANON/TOSHIBA,Titan,1.5,7,213,0.18352847,False,False,736.0,en,False,en|CANON/TOSHIBA
1.2.826.0.1.3680043.8.498.59646951619367295963072805933618947027,SIEMENS,MAGNETOM Skyra,3.0,4,219,0.030348462,False,True,352.0,en,False,en|SIEMENS
1.2.826.0.1.3680043.8.498.59680220055968160813801840287391339651,SIEMENS,MAGNETOM Prisma,3.0,5,160,0.051154252,False,False,384.0,greek,False,greek|SIEMENS
1.2.826.0.1.3680043.8.498.59708410902079108538978687294461753235,GE,SIGNA Artist,1.5,5,202,0.236753682,False,False,512.0,es,False,es|GE
1.2.826.0.1.3680043.8.498.59758232061190668535098343218115599228,PHILIPS,Achieva dStream,3.0,9,307,0.229974282,False,True,640.0,en,False,en|PHILIPS
1.2.826.0.1.3680043.8.498.59826277112503440743678968423276737254,SIEMENS,MAGNETOM Skyra,3.0,4,131,0.045222218,False,False,416.0,en,False,en|SIEMENS
1.2.826.0.1.3680043.8.498.59828592894392286103154555572376381359,PHILIPS,Ingenia,3.0,4,130,0.06835548,False,False,512.0,en,False,en|PHILIPS
1.2.826.0.1.3680043.8.498.59835677513721120155185666132462195647,SIEMENS,MAGNETOM Avanto fit,1.5,6,306,0.446670482,False,True,720.0,de,False,de|SIEMENS
1.2.826.0.1.3680043.8.498.59864697179957009967756900038846073439,GE,SIGNA Architect,3.0,9,478,0.39287109,False,True,1024.0,tr,False,tr|GE
1.2.826.0.1.3680043.8.498.59923507410103964137819195926587517759,CANON/TOSHIBA,Vantage Elan,1.5,7,177,0.087802248,False,False,512.0,en,False,en|CANON/TOSHIBA
1.2.826.0.1.3680043.8.498.59932425615255727459402684084295081504,GE,SIGNA EXCITE,1.5,7,180,0.094616212,False,False,512.0,tr,False,tr|GE
1.2.826.0.1.3680043.8.498.59938475193950583662125713924156951751,GE,Optima MR430s 1.5T,1.5,5,146,0.076737886,False,False,512.0,en,False,en|GE
1.2.826.0.1.3680043.8.498.59939977812549570931951749553467050226,PHILIPS,Ingenia,1.5,5,155,0.089129864,False,False,528.0,hr/bs/sr,False,hr/bs/sr|PHILIPS
1.2.826.0.1.3680043.8.498.59948559729295284519115137429127740378,SIEMENS,SonataVision,1.5,5,96,0.04211235,False,False,384.0,greek,False,greek|SIEMENS
1.2.826.0.1.3680043.8.498.59954207362160100069708115719895503197,SIEMENS,MAGNETOM Vida,3.0,5,166,0.153065298,False,False,640.0,nl,False,nl|SIEMENS
1.2.826.0.1.3680043.8.498.59973351395253648445741322652773810641,SIEMENS,Skyra,3.0,5,168,0.106052048,False,False,640.0,es,False,es|SIEMENS
1.2.826.0.1.3680043.8.498.60064080350033586611530748685370040101,PHILIPS,Ingenia Elition X,3.0,6,372,0.200879068,False,True,640.0,en,False,en|PHILIPS
1.2.826.0.1.3680043.8.498.60088605286413557861235417321985538357,SIEMENS,Espree,1.5,5,134,0.019445308,False,False,256.0,en,False,en|SIEMENS
1.2.826.0.1.3680043.8.498.60094182309575937331152278560900767484,PHILIPS,MR 5300,1.5,5,91,0.057926286,False,False,560.0,unknown,False,unknown|PHILIPS
1.2.826.0.1.3680043.8.498.60163612617486071760358965933890738162,SIEMENS,Aera,1.5,5,136,0.028046516,False,False,320.0,tr,False,tr|SIEMENS
1.2.826.0.1.3680043.8.498.60189166269847256202786309096136242746,PHILIPS,Ingenia,3.0,6,117,0.087721032,False,False,536.0,es,False,es|PHILIPS
1.2.826.0.1.3680043.8.498.60227430483444032531479844365716485643,PHILIPS,Ingenia,3.0,4,130,0.068355506,False,False,512.0,en,False,en|PHILIPS
1.2.826.0.1.3680043.8.498.60240929196665639608259748424475337443,CANON/TOSHIBA,Titan,1.5,7,210,0.172338942,False,False,640.0,en,False,en|CANON/TOSHIBA
1.2.826.0.1.3680043.8.498.60259828181878278590614805828898992241,SIEMENS,MAGNETOM Vida,3.0,4,130,0.059193556,False,False,480.0,en,False,en|SIEMENS
1.2.826.0.1.3680043.8.498.60339775486026531260673620094004244044,PHILIPS,Ingenia,3.0,6,166,0.124857586,False,False,640.0,cyrillic,False,cyrillic|PHILIPS
1.2.826.0.1.3680043.8.498.60347768295306794807599672836772410567,SIEMENS,MAGNETOM Avanto fit,1.5,5,266,0.40447741,False,True,800.0,de,False,de|SIEMENS
1.2.826.0.1.3680043.8.498.60394858470917657607846893765818799720,PHILIPS,Ingenia,3.0,4,130,0.068355486,False,False,512.0,en,False,en|PHILIPS
1.2.826.0.1.3680043.8.498.60430475172382878092821699001847797153,SIEMENS,MAGNETOM Avanto fit,1.5,5,252,0.380253304,False,True,800.0,de,False,de|SIEMENS
1.2.826.0.1.3680043.8.498.60435128564448668334758790827765960420,GE,SIGNA Voyager,1.5,5,168,0.046647974,False,False,256.0,en,False,en|GE
1.2.826.0.1.3680043.8.498.60439571175176992075370053747045234796,SIEMENS,Aera,1.5,9,253,0.145759892,False,False,640.0,en,False,en|SIEMENS
1.2.826.0.1.3680043.8.498.60446085094710623303973373214794179184,SIEMENS,MAGNETOM Sempra,1.5,5,176,0.04343844,False,False,320.0,es,False,es|SIEMENS
1.2.826.0.1.3680043.8.498.60465293103574559546982440125572490190,PHILIPS,Achieva dStream,3.0,10,323,0.248536222,False,True,640.0,en,False,en|PHILIPS
1.2.826.0.1.3680043.8.498.60473167624534682552272469123806503959,SIEMENS,Aera,1.5,5,154,0.027191972,False,False,320.0,tr,False,tr|SIEMENS
1.2.826.0.1.3680043.8.498.60477027832057450004004942199870813886,GE,SIGNA Explorer,1.5,6,185,0.27185726,False,True,1024.0,tr,False,tr|GE
1.2.826.0.1.3680043.8.498.60492772672040498730937577391401159109,SIEMENS,Espree,1.5,5,138,0.020126754,False,False,256.0,en,False,en|SIEMENS
1.2.826.0.1.3680043.8.498.60548477793215320533051194155539307724,SIEMENS,Aera,1.5,5,127,0.026193962,False,False,320.0,tr,False,tr|SIEMENS
1.2.826.0.1.3680043.8.498.60582762894748063612925320003677861384,PHILIPS,Ingenia,1.5,5,104,0.111227892,False,False,640.0,es,False,es|PHILIPS
1.2.826.0.1.3680043.8.498.60611146141493700985009985723275645474,PHILIPS,Ingenia,3.0,5,154,0.122074076,False,False,640.0,cyrillic,False,cyrillic|PHILIPS
1.2.826.0.1.3680043.8.498.60614975796208617794180432816390721331,SIEMENS,MAGNETOM Vida,3.0,6,219,0.060763768,False,False,384.0,hr/bs/sr,False,hr/bs/sr|SIEMENS
1.2.826.0.1.3680043.8.498.60633008040453481523409852849000823589,SIEMENS,MAGNETOM Prisma,3.0,5,142,0.044967616,False,False,384.0,greek,False,greek|SIEMENS
1.2.826.0.1.3680043.8.498.60661676782543347731000874708337132276,SIEMENS,MAGNETOM Sola,1.5,5,146,0.110732688,False,False,640.0,nl,False,nl|SIEMENS
1.2.826.0.1.3680043.8.498.60723378470101669902158229125336455520,GE,SIGNA Artist,1.5,5,207,0.245673718,False,False,512.0,es,False,es|GE
1.2.826.0.1.3680043.8.498.60736996513214411991331917490659995815,PHILIPS,Ingenia,1.5,6,171,0.090351916,False,False,520.0,hr/bs/sr,False,hr/bs/sr|PHILIPS
1.2.826.0.1.3680043.8.498.60840220723824894619895264673401129352,PHILIPS,Achieva dStream,1.5,5,596,0.465721428,False,True,560.0,en,False,en|PHILIPS
1.2.826.0.1.3680043.8.498.60924385750386872880015870524131415592,SIEMENS,SonataVision,1.5,5,96,0.036995756,False,False,384.0,greek,False,greek|SIEMENS
1.2.826.0.1.3680043.8.498.60931716414402855657852057585917605786,SIEMENS,Aera,1.5,5,143,0.02506967,False,False,320.0,tr,False,tr|SIEMENS
1.2.826.0.1.3680043.8.498.60965286164497194740320124904525623873,PHILIPS,Ingenia,1.5,5,156,0.07226655,False,False,480.0,hr/bs/sr,False,hr/bs/sr|PHILIPS
1.2.826.0.1.3680043.8.498.61024356179284390979230045743542661223,PHILIPS,Ingenia,1.5,6,171,0.09035191,False,False,520.0,hr/bs/sr,False,hr/bs/sr|PHILIPS
1.2.826.0.1.3680043.8.498.61043690805522768840878574610198420558,PHILIPS,MR 5300,1.5,6,116,0.066302912,False,False,480.0,es,False,es|PHILIPS
1.2.826.0.1.3680043.8.498.61072566792285434404885416160728089641,PHILIPS,Achieva dStream,3.0,9,273,0.21933662,False,False,640.0,en,False,en|PHILIPS
1.2.826.0.1.3680043.8.498.61140619849833544411463750382539885141,SIEMENS,MAGNETOM Vida,3.0,5,166,0.153065684,False,False,640.0,nl,False,nl|SIEMENS
1.2.826.0.1.3680043.8.498.61148578767041261085865406067025346106,SIEMENS,SonataVision,1.5,5,101,0.044411666,False,False,384.0,greek,False,greek|SIEMENS
1.2.826.0.1.3680043.8.498.61148667330113929729568621580194520169,GE,Optima MR450w,1.5,5,197,0.038695586,False,False,256.0,en,False,en|GE
1.2.826.0.1.3680043.8.498.61220609061901632500124675031032586841,SIEMENS,MAGNETOM Vida,3.0,6,191,0.053303146,False,False,384.0,hr/bs/sr,False,hr/bs/sr|SIEMENS
1.2.826.0.1.3680043.8.498.61227644940421894951950605627016308160,PHILIPS,Achieva dStream,3.0,8,253,0.243138316,False,False,712.0,en,False,en|PHILIPS
1.2.826.0.1.3680043.8.498.61238657014751597736608285205361041675,PHILIPS,Ingenia,1.5,6,185,0.1047266,False,False,512.0,hr/bs/sr,False,hr/bs/sr|PHILIPS
1.2.826.0.1.3680043.8.498.61313243050348988917987796330691448770,SIEMENS,Aera,1.5,5,144,0.025498962,False,False,320.0,tr,False,tr|SIEMENS
1.2.826.0.1.3680043.8.498.61333047594780344399535845209036589563,PHILIPS,Achieva dStream,3.0,10,315,0.230117226,False,True,640.0,en,False,en|PHILIPS
1.2.826.0.1.3680043.8.498.61354742313056287432707914716598361679,PHILIPS,Ingenia,1.5,6,177,0.085551924,False,False,496.0,hr/bs/sr,False,hr/bs/sr|PHILIPS
1.2.826.0.1.3680043.8.498.61435096069921474761812731150911059491,SIEMENS,Aera,1.5,5,172,0.04158814,False,False,320.0,en,False,en|SIEMENS
1.2.826.0.1.3680043.8.498.61456481310419978302697858056095086811,PHILIPS,Ingenia,3.0,4,122,0.064148172,False,False,512.0,en,False,en|PHILIPS
1.2.826.0.1.3680043.8.498.61490475141024845836646569993549106628,CANON/TOSHIBA,Titan,1.5,7,190,0.158229982,False,False,640.0,en,False,en|CANON/TOSHIBA
1.2.826.0.1.3680043.8.498.61518377417979517706237284901970943470,PHILIPS,Ingenia Ambition X,1.5,9,300,0.189283392,False,False,528.0,en,False,en|PHILIPS
1.2.826.0.1.3680043.8.498.61529451559250327125552112075119161933,SIEMENS,SonataVision,1.5,5,98,0.043755706,False,False,384.0,greek,False,greek|SIEMENS
1.2.826.0.1.3680043.8.498.61554384977916135091630433680780524386,GE,Optima MR450w,1.5,5,204,0.167417304,False,False,640.0,en,False,en|GE
1.2.826.0.1.3680043.8.498.61570904948128887877542043572765432417,PHILIPS,Achieva dStream,3.0,9,249,0.186635684,False,False,640.0,en,False,en|PHILIPS
1.2.826.0.1.3680043.8.498.61581513083114643407028382481113097015,SIEMENS,MAGNETOM Vida,3.0,5,166,0.15306632,False,False,640.0,nl,False,nl|SIEMENS
1.2.826.0.1.3680043.8.498.61630894340791204767579628554826500984,SIEMENS,MAGNETOM Avanto fit,1.5,5,311,0.475610274,False,True,800.0,de,False,de|SIEMENS
1.2.826.0.1.3680043.8.498.61715630583919056026446344483871058799,GE,SIGNA Explorer,1.5,6,154,0.080980062,False,False,512.0,tr,False,tr|GE
1.2.826.0.1.3680043.8.498.61797111379749329977228618245440305623,PHILIPS,Ingenia,1.5,5,94,0.054176712,False,False,560.0,es,False,es|PHILIPS
1.2.826.0.1.3680043.8.498.61812343111344551704536863711676179812,PHILIPS,MR 7700,3.0,4,128,0.115563702,False,False,512.0,en,False,en|PHILIPS
1.2.826.0.1.3680043.8.498.61864939963243675140060416958055914981,GE,SIGNA Explorer,1.5,5,121,0.054584036,False,False,512.0,tr,False,tr|GE
1.2.826.0.1.3680043.8.498.61904856234837992279531381374350177464,PHILIPS,Ingenia,3.0,4,118,0.06204589,False,False,512.0,en,False,en|PHILIPS
1.2.826.0.1.3680043.8.498.61934170443339188744573234190617483017,PHILIPS,Ingenia,3.0,4,95,0.047618448,False,False,512.0,en,False,en|PHILIPS
1.2.826.0.1.3680043.8.498.61956863718716027369068406125965902569,SIEMENS,Aera,1.5,5,144,0.025498118,False,False,320.0,tr,False,tr|SIEMENS
1.2.826.0.1.3680043.8.498.61981891095235024266625598999854298547,SIEMENS,SonataVision,1.5,5,98,0.04375582,False,False,384.0,greek,False,greek|SIEMENS
1.2.826.0.1.3680043.8.498.62025036385410820041698409408092924893,SIEMENS,Verio_DOT,3.0,5,180,0.025919116,False,False,256.0,en,False,en|SIEMENS
1.2.826.0.1.3680043.8.498.62030472630193758412620945408364583008,PHILIPS,Achieva dStream,1.5,5,581,0.457422452,False,True,560.0,en,False,en|PHILIPS
1.2.826.0.1.3680043.8.498.62109244272539959226824769201542205950,PHILIPS,Ingenia Ambition X,1.5,11,344,0.20291425,False,False,512.0,en,False,en|PHILIPS
1.2.826.0.1.3680043.8.498.62154969360158054310282857093665911261,SIEMENS,MAGNETOM Avanto fit,1.5,5,290,0.449303118,False,True,800.0,de,False,de|SIEMENS
1.2.826.0.1.3680043.8.498.62192347880785177732202565414591408086,PHILIPS,Achieva dStream,3.0,9,275,0.2120059,False,False,640.0,en,False,en|PHILIPS
1.2.826.0.1.3680043.8.498.62205799963299902160268565319924399775,CANON/TOSHIBA,Galan 3T,3.0,7,214,0.280978382,False,False,812.0,en,False,en|CANON/TOSHIBA
1.2.826.0.1.3680043.8.498.62217447760619326492634156203608889396,GE,SIGNA Artist,1.5,4,145,0.128145652,False,False,512.0,en,False,en|GE
1.2.826.0.1.3680043.8.498.62218684089117864632544493263539598403,PHILIPS,Achieva dStream,1.5,5,123,0.059177802,False,False,480.0,es,False,es|PHILIPS
1.2.826.0.1.3680043.8.498.62251470468640645490157592046417355534,CANON/TOSHIBA,Titan,1.5,7,190,0.155925862,False,False,640.0,en,False,en|CANON/TOSHIBA
1.2.826.0.1.3680043.8.498.62252176347004905787746821113523889523,SIEMENS,MAGNETOM Avanto fit,1.5,5,318,0.5196186,False,True,896.0,de,False,de|SIEMENS
1.2.826.0.1.3680043.8.498.62329283530383340787096585492217632179,SIEMENS,MAGNETOM Avanto fit,1.5,5,244,0.368698066,False,True,800.0,de,False,de|SIEMENS
1.2.826.0.1.3680043.8.498.62383135836496954297324866452887364097,PHILIPS,Ingenia,1.5,5,102,0.091402414,False,False,480.0,es,False,es|PHILIPS
1.2.826.0.1.3680043.8.498.62400371770962739002393364782172386752,GE,SIGNA Architect,3.0,10,566,0.621593986,False,True,1024.0,tr,False,tr|GE
1.2.826.0.1.3680043.8.498.62400625562782184774973349983498962743,GE,Optima MR450w,,5,96,0.050432852,True,False,512.0,en,False,en|GE
1.2.826.0.1.3680043.8.498.62406588098851994968957074186291720431,SIEMENS,MAGNETOM Aera,1.5,4,151,0.041605048,False,False,384.0,fr,False,fr|SIEMENS
1.2.826.0.1.3680043.8.498.62420632149863295140175740643640707423,PHILIPS,Ingenia Elition X,3.0,6,387,0.191244272,False,True,608.0,en,False,en|PHILIPS
1.2.826.0.1.3680043.8.498.62437671010172828772205139640126159272,SIEMENS,Aera,1.5,5,162,0.028695168,False,False,320.0,tr,False,tr|SIEMENS
1.2.826.0.1.3680043.8.498.62465595376489211274225312453216559395,SIEMENS,MAGNETOM Skyra,3.0,4,110,0.029353468,False,False,384.0,en,True,en|SIEMENS
1.2.826.0.1.3680043.8.498.62549354677638403845904556149868367236,SIEMENS,MAGNETOM Vida,3.0,5,166,0.15306601,False,False,640.0,nl,True,nl|SIEMENS
1.2.826.0.1.3680043.8.498.62662430565901539554882496013173225758,SIEMENS,MAGNETOM Vida,3.0,5,166,0.153065732,False,False,640.0,nl,False,nl|SIEMENS
1.2.826.0.1.3680043.8.498.62693151030819598514729637644804213983,SIEMENS,MAGNETOM Vida,3.0,5,166,0.153065806,False,False,640.0,nl,False,nl|SIEMENS
1.2.826.0.1.3680043.8.498.62752755711205966800746994120425231855,GE,Optima MR450w,,5,100,0.04506351,True,False,512.0,en,False,en|GE
1.2.826.0.1.3680043.8.498.62760659205261492447481830774781950875,PHILIPS,Ingenia,1.5,7,143,0.128676584,False,False,672.0,es,False,es|PHILIPS
1.2.826.0.1.3680043.8.498.62776347582771469289738234607517546504,GE,SIGNA Explorer,1.5,5,131,0.057089316,False,False,512.0,tr,False,tr|GE
1.2.826.0.1.3680043.8.498.62782163204193388751869649423542931657,CANON/TOSHIBA,Vantage,,5,130,0.084469106,True,False,512.0,en,False,en|CANON/TOSHIBA
1.2.826.0.1.3680043.8.498.62830031603985608774418534497520663269,SIEMENS,Aera,1.5,5,127,0.026193666,False,False,320.0,tr,False,tr|SIEMENS
1.2.826.0.1.3680043.8.498.62918046703989259691005447883746340916,SIEMENS,MAGNETOM Prisma,3.0,4,128,0.1211719,False,False,588.0,greek,False,greek|SIEMENS
1.2.826.0.1.3680043.8.498.62924835279557724526138406447993672103,PHILIPS,Ingenia,3.0,11,226,0.171476304,False,False,576.0,es,False,es|PHILIPS
1.2.826.0.1.3680043.8.498.62928513795250694194589804784951257414,SIEMENS,Skyra,3.0,5,176,0.075359414,False,False,320.0,es,False,es|SIEMENS
1.2.826.0.1.3680043.8.498.62948920639798990757395955917890550512,SIEMENS,MAGNETOM Skyra,3.0,4,222,0.031237192,False,True,352.0,en,False,en|SIEMENS
1.2.826.0.1.3680043.8.498.62983291359021407345388012674614537807,PHILIPS,Ingenia,1.5,6,114,0.126798278,False,False,568.0,es,False,es|PHILIPS
1.2.826.0.1.3680043.8.498.63002559681883387414876870926128159682,CANON/TOSHIBA,Vantage,,5,133,0.094554986,True,False,576.0,en,False,en|CANON/TOSHIBA
1.2.826.0.1.3680043.8.498.63005973438879239920248535292375481294,SIEMENS,MAGNETOM Avanto fit,1.5,5,266,0.404850506,False,True,800.0,de,False,de|SIEMENS
1.2.826.0.1.3680043.8.498.63068687840516335034631353955761036465,PHILIPS,Achieva dStream,1.5,6,119,0.07997204,False,False,576.0,es,False,es|PHILIPS
1.2.826.0.1.3680043.8.498.63069333313670617776227577192591993067,SIEMENS,Aera,1.5,7,207,0.169873126,False,False,640.0,en,False,en|SIEMENS
1.2.826.0.1.3680043.8.498.63096952391833769395204944538276970114,GE,Signa HDxt,1.5,5,125,0.016563722,False,False,256.0,en,False,en|GE
1.2.826.0.1.3680043.8.498.63105151375349194807502162946823966410,PHILIPS,Ingenia,3.0,5,162,0.12733251,False,False,640.0,cyrillic,False,cyrillic|PHILIPS
1.2.826.0.1.3680043.8.498.63126604639589769235241216875934773992,GE,SIGNA EXCITE,,5,88,0.046228734,True,False,512.0,en,False,en|GE
1.2.826.0.1.3680043.8.498.63151733210715530368323422018984705316,SIEMENS,SonataVision,1.5,5,99,0.044048046,False,False,384.0,greek,False,greek|SIEMENS
1.2.826.0.1.3680043.8.498.63195088465290711580668024587233364997,SIEMENS,Aera,1.5,5,143,0.029494738,False,False,320.0,tr,False,tr|SIEMENS
1.2.826.0.1.3680043.8.498.63197503121546251937003511751049515360,PHILIPS,Achieva dStream,1.5,6,165,0.09214064,False,False,480.0,tr,False,tr|PHILIPS
1.2.826.0.1.3680043.8.498.63204735160524958513470115761010950181,SIEMENS,SonataVision,1.5,5,95,0.03717804,False,False,384.0,greek,False,greek|SIEMENS
1.2.826.0.1.3680043.8.498.63216944317982327305447295456609309952,SIEMENS,MAGNETOM Skyra,3.0,4,219,0.030348864,False,True,352.0,en,False,en|SIEMENS
1.2.826.0.1.3680043.8.498.63223220827342079068491460847713457238,PHILIPS,Ingenia,3.0,5,103,0.078637452,False,False,512.0,es,False,es|PHILIPS
1.2.826.0.1.3680043.8.498.63229263722659785142967850542699676113,PHILIPS,Achieva dStream,3.0,9,261,0.206662702,False,False,640.0,en,False,en|PHILIPS
1.2.826.0.1.3680043.8.498.63242029756172180508167933519465902827,GE,SIGNA Artist,1.5,5,173,0.202634556,False,False,512.0,es,False,es|GE
1.2.826.0.1.3680043.8.498.63279205896049798083339413931561428540,PHILIPS,Ingenia,1.5,6,171,0.090351908,False,False,520.0,hr/bs/sr,False,hr/bs/sr|PHILIPS
1.2.826.0.1.3680043.8.498.63280826430574305683941548157934410641,CANON/TOSHIBA,Vantage,,5,130,0.085624258,True,False,540.0,en,False,en|CANON/TOSHIBA
1.2.826.0.1.3680043.8.498.63320397279666280420359587173167195895,PHILIPS,Ingenia,3.0,5,150,0.12011384,False,False,640.0,cyrillic,False,cyrillic|PHILIPS
1.2.826.0.1.3680043.8.498.63360204391136938955220146755331421179,SIEMENS,MAGNETOM Sempra,1.5,5,170,0.042207372,False,False,320.0,es,False,es|SIEMENS
1.2.826.0.1.3680043.8.498.63377901538320536934403969965624202519,SIEMENS,Espree,1.5,5,137,0.024564206,False,False,320.0,en,False,en|SIEMENS
1.2.826.0.1.3680043.8.498.63424633611847022112809173449690688015,SIEMENS,MAGNETOM Aera,1.5,4,148,0.04071169,False,False,384.0,fr,False,fr|SIEMENS
1.2.826.0.1.3680043.8.498.63426442500798189991842988966227275166,PHILIPS,Ingenia Ambition X,1.5,8,264,0.18078517,False,False,544.0,en,False,en|PHILIPS
1.2.826.0.1.3680043.8.498.63439188800533762543950349022148547855,GE,SIGNA Explorer,1.5,5,125,0.057474828,False,False,512.0,tr,False,tr|GE
1.2.826.0.1.3680043.8.498.63510378689078892579575716369639643386,CANON/TOSHIBA,Galan 3T,3.0,12,360,0.422539404,False,False,768.0,en,False,en|CANON/TOSHIBA
1.2.826.0.1.3680043.8.498.63519003265636561965405570006747767668,SIEMENS,MAGNETOM Aera,1.5,4,144,0.039705554,False,False,384.0,en,False,en|SIEMENS
1.2.826.0.1.3680043.8.498.63521033783841675104013677430088400343,SIEMENS,MAGNETOM Vida,3.0,6,203,0.05669354,False,False,384.0,hr/bs/sr,False,hr/bs/sr|SIEMENS
1.2.826.0.1.3680043.8.498.63521726454879203860288713455843702564,GE,SIGNA Explorer,1.5,5,128,0.05787267,False,False,512.0,tr,False,tr|GE
1.2.826.0.1.3680043.8.498.63539809431911516912857504094611479480,SIEMENS,Aera,1.5,5,160,0.028209066,False,False,320.0,tr,False,tr|SIEMENS
1.2.826.0.1.3680043.8.498.63550258873504696667112631869753870779,CANON/TOSHIBA,Titan,1.5,7,168,0.137871432,False,False,640.0,tr,False,tr|CANON/TOSHIBA
1.2.826.0.1.3680043.8.498.63556690547679257097888724096967682731,PHILIPS,Ingenia,3.0,5,150,0.12011353,False,False,640.0,cyrillic,False,cyrillic|PHILIPS
1.2.826.0.1.3680043.8.498.63564058504808107209753434989270686941,PHILIPS,Ingenia Ambition X,1.5,14,476,0.237107536,False,True,496.0,en,False,en|PHILIPS
1.2.826.0.1.3680043.8.498.63565089119380386830816381560603756258,SIEMENS,Aera,1.5,5,144,0.02549794,False,False,320.0,tr,False,tr|SIEMENS
1.2.826.0.1.3680043.8.498.63584266247144369196126771996126173497,PHILIPS,Achieva dStream,1.5,4,396,0.307582146,False,True,560.0,en,False,en|PHILIPS
1.2.826.0.1.3680043.8.498.63673733836218886397484265807806548473,SIEMENS,MAGNETOM Avanto fit,1.5,5,318,0.480404054,False,True,800.0,de,False,de|SIEMENS
1.2.826.0.1.3680043.8.498.63683477631564232018930819747238111809,PHILIPS,Achieva dStream,1.5,5,579,0.456369726,False,True,560.0,en,False,en|PHILIPS
1.2.826.0.1.3680043.8.498.63726512375511246975989322174096818969,PHILIPS,Achieva,1.5,5,111,0.063719456,False,False,528.0,es,False,es|PHILIPS
1.2.826.0.1.3680043.8.498.63797588614544518196205411126336672334,PHILIPS,Ingenia,3.0,5,118,0.10511045,False,False,512.0,es,False,es|PHILIPS
1.2.826.0.1.3680043.8.498.63849051301265505051181245915656194652,SIEMENS,Aera,1.5,5,174,0.042007364,False,False,320.0,en,False,en|SIEMENS
1.2.826.0.1.3680043.8.498.63884838982826315257233262184190435906,SIEMENS,Skyra,3.0,5,154,0.0409707,False,False,320.0,es,False,es|SIEMENS
1.2.826.0.1.3680043.8.498.63894147741855851067411708837856142566,PHILIPS,Multiva,1.5,5,124,0.069622908,False,False,528.0,es,False,es|PHILIPS
1.2.826.0.1.3680043.8.498.63986652686300452077410299429386420400,GE,SIGNA Architect,3.0,7,336,0.403150372,False,True,1024.0,tr,False,tr|GE
1.2.826.0.1.3680043.8.498.64022112049842890696609934970222024490,PHILIPS,Ingenia,3.0,4,120,0.063097418,False,False,512.0,en,False,en|PHILIPS
1.2.826.0.1.3680043.8.498.64022949342538714157641824612944253302,PHILIPS,Ingenia,3.0,4,118,0.058351782,False,False,512.0,en,False,en|PHILIPS
1.2.826.0.1.3680043.8.498.64029768638431636860053484202080135316,GE,SIGNA Explorer,1.5,5,120,0.063102696,False,False,512.0,tr,False,tr|GE
1.2.826.0.1.3680043.8.498.64034149345689391514924451724232196567,GE,SIGNA Artist,1.5,5,204,0.240951544,False,False,512.0,es,False,es|GE
1.2.826.0.1.3680043.8.498.64066465191710322298540005681534170036,SIEMENS,Aera,1.5,5,162,0.033906666,False,False,320.0,hr/bs/sr,False,hr/bs/sr|SIEMENS
1.2.826.0.1.3680043.8.498.64109231850522212435708176045583779359,PHILIPS,Ingenia,1.5,5,99,0.086686398,False,False,480.0,es,False,es|PHILIPS
1.2.826.0.1.3680043.8.498.64119798231341423127851203797783576453,PHILIPS,Ingenia Ambition X,1.5,8,260,0.17165096,False,False,544.0,en,False,en|PHILIPS
1.2.826.0.1.3680043.8.498.64172939203926034064618447795131041647,PHILIPS,Ingenia,3.0,4,130,0.068355986,False,False,512.0,en,False,en|PHILIPS
1.2.826.0.1.3680043.8.498.64186424577324542519674308830472181373,SIEMENS,MAGNETOM Vida,3.0,6,191,0.05330274,False,False,384.0,hr/bs/sr,False,hr/bs/sr|SIEMENS
1.2.826.0.1.3680043.8.498.64240637244650029205175793729578897734,SIEMENS,MAGNETOM Skyra,3.0,4,219,0.030348622,False,True,352.0,en,False,en|SIEMENS
1.2.826.0.1.3680043.8.498.64283618749539713756220539395944025878,SIEMENS,MAGNETOM Vida,3.0,6,197,0.05499815,False,False,384.0,hr/bs/sr,False,hr/bs/sr|SIEMENS
1.2.826.0.1.3680043.8.498.64286017646659573966584053755363026715,GE,SIGNA Artist,1.5,4,152,0.136541988,False,False,512.0,en,False,en|GE
1.2.826.0.1.3680043.8.498.64325734401816269429960464734504322970,SIEMENS,MAGNETOM Skyra,3.0,4,221,0.030941114,False,True,352.0,en,False,en|SIEMENS
1.2.826.0.1.3680043.8.498.64381606512330581256470279413868645789,SIEMENS,MAGNETOM Prisma,3.0,5,178,0.145016034,False,False,384.0,greek,False,greek|SIEMENS
1.2.826.0.1.3680043.8.498.64397747170052970974000650185716672477,PHILIPS,Achieva dStream,1.5,6,155,0.079300642,False,False,464.0,tr,False,tr|PHILIPS
1.2.826.0.1.3680043.8.498.64408609256163127278435484217683272910,PHILIPS,Ingenia,1.5,6,189,0.097226374,False,False,512.0,hr/bs/sr,True,hr/bs/sr|PHILIPS
1.2.826.0.1.3680043.8.498.64408775259838960958354835366765941676,SIEMENS,MAGNETOM Sempra,1.5,5,146,0.035337728,False,False,320.0,es,False,es|SIEMENS
1.2.826.0.1.3680043.8.498.64421299492271548595446260681698412384,SIEMENS,MAGNETOM Sola,1.5,5,146,0.110732824,False,False,640.0,nl,False,nl|SIEMENS
1.2.826.0.1.3680043.8.498.64443149121726771900576109439951701105,GE,SIGNA Explorer,1.5,5,134,0.070464686,False,False,512.0,tr,False,tr|GE
1.2.826.0.1.3680043.8.498.64487230511522940587342058274736571996,GE,SIGNA Explorer,1.5,5,132,0.069410046,False,False,512.0,tr,False,tr|GE
1.2.826.0.1.3680043.8.498.64526757783166918696475501252110447010,GE,SIGNA Artist,1.5,10,360,0.755511544,False,False,1024.0,en,False,en|GE
1.2.826.0.1.3680043.8.498.64527059976573114931020581328924993069,SIEMENS,Aera,1.5,6,164,0.03833151,False,False,320.0,tr,False,tr|SIEMENS
1.2.826.0.1.3680043.8.498.64590392444259942263746282444188079724,SIEMENS,MAGNETOM Sempra,1.5,5,167,0.039225922,False,False,304.0,es,False,es|SIEMENS
1.2.826.0.1.3680043.8.498.64606794953061143951972249525094490665,SIEMENS,SonataVision,1.5,5,91,0.047907004,False,False,512.0,greek,False,greek|SIEMENS
1.2.826.0.1.3680043.8.498.64640435232894033317418319985727526223,SIEMENS,MAGNETOM Vida,3.0,5,166,0.153065622,False,False,640.0,nl,False,nl|SIEMENS
1.2.826.0.1.3680043.8.498.64652085172505930317660036583152917472,GE,Optima MR450w,,5,96,0.05043317,True,False,512.0,en,False,en|GE
1.2.826.0.1.3680043.8.498.64663285742626599570990862360902141188,SIEMENS,SonataVision,1.5,5,96,0.042114792,False,False,384.0,greek,False,greek|SIEMENS
1.2.826.0.1.3680043.8.498.64673069370410118387363952155758553567,PHILIPS,Ingenia,3.0,6,113,0.07753484,False,False,448.0,es,False,es|PHILIPS
1.2.826.0.1.3680043.8.498.64703506772167798469048460791472465039,GE,SIGNA Artist,1.5,4,153,0.13707034,False,False,512.0,en,True,en|GE
1.2.826.0.1.3680043.8.498.64752580249608101443758975861213065048,SIEMENS,MAGNETOM Prisma,3.0,4,140,0.135542902,False,False,588.0,greek,False,greek|SIEMENS
1.2.826.0.1.3680043.8.498.64865300853258390816475799272221318005,GE,Optima MR430s 1.5T,1.5,5,146,0.076737666,False,False,512.0,en,False,en|GE
1.2.826.0.1.3680043.8.498.64897285598346101578442697515294908341,CANON/TOSHIBA,Vantage,,5,128,0.083418364,True,False,512.0,en,False,en|CANON/TOSHIBA
1.2.826.0.1.3680043.8.498.64917073507426524387269500871970032783,GE,SIGNA Artist,1.5,4,147,0.132342846,False,False,512.0,en,False,en|GE
1.2.826.0.1.3680043.8.498.64946212153370539647301308676689632525,GE,SIGNA Artist,1.5,5,209,0.248299104,False,False,512.0,es,False,es|GE
1.2.826.0.1.3680043.8.498.64950600385134699009390197520158979183,SIEMENS,MAGNETOM Sempra,1.5,5,154,0.03820096,False,False,320.0,es,False,es|SIEMENS
1.2.826.0.1.3680043.8.498.65013994414976103275014874284064145461,PHILIPS,MR 5300,1.5,4,126,0.163761598,False,False,832.0,en,False,en|PHILIPS
1.2.826.0.1.3680043.8.498.65077085081642080527129904737510276643,SIEMENS,MAGNETOM Vida,3.0,5,166,0.15306575,False,False,640.0,nl,False,nl|SIEMENS
1.2.826.0.1.3680043.8.498.65085954283273471512936799274064949557,SIEMENS,MAGNETOM Sempra,1.5,5,148,0.036618394,False,False,320.0,es,False,es|SIEMENS
1.2.826.0.1.3680043.8.498.65123055741109319778634264103224173252,SIEMENS,MAGNETOM Vida,3.0,7,224,0.063083352,False,False,384.0,hr/bs/sr,False,hr/bs/sr|SIEMENS
1.2.826.0.1.3680043.8.498.65124952546314712352837396207287384405,GE,SIGNA Architect,3.0,8,436,0.462804138,False,True,1024.0,tr,False,tr|GE
1.2.826.0.1.3680043.8.498.65160241567146620406193593170843451582,SIEMENS,MAGNETOM Sempra,1.5,5,154,0.038201574,False,False,320.0,es,False,es|SIEMENS
1.2.826.0.1.3680043.8.498.65187850119346448625449915281726338455,CANON/TOSHIBA,Galan 3T,3.0,10,428,0.391325774,False,True,664.0,en,False,en|CANON/TOSHIBA
1.2.826.0.1.3680043.8.498.65222333228514862688331581862087607325,SIEMENS,MAGNETOM Avanto fit,1.5,5,276,0.444653344,False,True,888.0,de,False,de|SIEMENS
1.2.826.0.1.3680043.8.498.65224808465738083245406235000047993647,SIEMENS,MAGNETOM Avanto fit,1.5,5,284,0.432728908,False,True,800.0,de,False,de|SIEMENS
1.2.826.0.1.3680043.8.498.65244223225926362862970496735749098549,GE,SIGNA Artist,1.5,5,197,0.232554308,False,False,512.0,es,False,es|GE
1.2.826.0.1.3680043.8.498.65312506382127486486519184894274326380,SIEMENS,SonataVision,1.5,5,92,0.04076406,False,False,384.0,greek,False,greek|SIEMENS
1.2.826.0.1.3680043.8.498.65322445533737673246312151513913460816,SIEMENS,MAGNETOM Vida,3.0,6,195,0.05443321,False,False,384.0,hr/bs/sr,False,hr/bs/sr|SIEMENS
1.2.826.0.1.3680043.8.498.65356758967883114612797250487949537460,PHILIPS,Achieva dStream,1.5,6,168,0.128607192,False,False,544.0,tr,False,tr|PHILIPS
1.2.826.0.1.3680043.8.498.65403984120528711726317048984986599537,PHILIPS,Ingenia,3.0,5,115,0.10758847,False,False,512.0,es,False,es|PHILIPS
1.2.826.0.1.3680043.8.498.65438121008780366054026567981577676554,PHILIPS,Ingenia,3.0,4,128,0.065398676,False,False,512.0,en,False,en|PHILIPS
1.2.826.0.1.3680043.8.498.65515828911930515002046151253057175178,GE,SIGNA Artist,1.5,5,187,0.221004768,False,False,512.0,es,False,es|GE
1.2.826.0.1.3680043.8.498.65524487168129064460609645228098420719,PHILIPS,Ingenia Ambition X,1.5,9,274,0.17472129,False,False,528.0,en,False,en|PHILIPS
1.2.826.0.1.3680043.8.498.65530757406333318449497070048719890442,SIEMENS,MAGNETOM Prisma,3.0,5,178,0.14680639,False,False,384.0,greek,False,greek|SIEMENS
1.2.826.0.1.3680043.8.498.65543472488214519069910341591668399186,PHILIPS,Ingenia,3.0,4,118,0.062050216,False,False,512.0,en,False,en|PHILIPS
1.2.826.0.1.3680043.8.498.65547889329285432771702699287910809921,SIEMENS,MAGNETOM Vida,3.0,5,160,0.07381799,False,False,496.0,en,False,en|SIEMENS
1.2.826.0.1.3680043.8.498.65597375829884314152221851871550349856,GE,SIGNA Voyager,1.5,5,170,0.047699156,False,False,256.0,en,False,en|GE
1.2.826.0.1.3680043.8.498.65607807464576681752987746458209389847,PHILIPS,Ingenia,3.0,5,157,0.145840662,False,False,704.0,cyrillic,False,cyrillic|PHILIPS
1.2.826.0.1.3680043.8.498.65667678378249093118816281743956646856,PHILIPS,MR 5300,1.5,5,100,0.070350792,False,False,560.0,es,False,es|PHILIPS
1.2.826.0.1.3680043.8.498.65703265163052901613211590083675186626,SIEMENS,MAGNETOM Vida,3.0,4,136,0.06211884,False,False,480.0,en,False,en|SIEMENS
1.2.826.0.1.3680043.8.498.65708905118633339771181857781063784327,PHILIPS,Ingenia Ambition X,1.5,9,295,0.186497072,False,False,528.0,en,True,en|PHILIPS
1.2.826.0.1.3680043.8.498.65715827585629489888518528736848969678,SIEMENS,Skyra,3.0,5,152,0.040148106,False,False,320.0,es,False,es|SIEMENS
1.2.826.0.1.3680043.8.498.65756786850574169314934708606155033765,SIEMENS,Aera,1.5,5,151,0.036371336,False,False,320.0,tr,False,tr|SIEMENS
1.2.826.0.1.3680043.8.498.65763261177572072944828171262268039852,PHILIPS,Ingenia,3.0,4,130,0.068355508,False,False,512.0,en,False,en|PHILIPS
1.2.826.0.1.3680043.8.498.65783500506568702195262661666345236666,PHILIPS,Achieva dStream,3.0,9,273,0.222245908,False,False,640.0,en,False,en|PHILIPS
1.2.826.0.1.3680043.8.498.65788206282522750507559682036750692505,GE,SIGNA Artist,1.5,5,177,0.20630823,False,False,512.0,es,False,es|GE
1.2.826.0.1.3680043.8.498.65792625478083832901309715174678358900,SIEMENS,MAGNETOM Avanto fit,1.5,6,353,0.557387744,False,True,848.0,de,False,de|SIEMENS
1.2.826.0.1.3680043.8.498.65809115193576546782858254430325338674,CANON/TOSHIBA,Vantage,,5,110,0.072614176,True,False,512.0,en,False,en|CANON/TOSHIBA
1.2.826.0.1.3680043.8.498.65834774574423727070722226151408235786,PHILIPS,Achieva,1.5,5,169,0.078034594,False,False,512.0,en,False,en|PHILIPS
1.2.826.0.1.3680043.8.498.65855247249608663104822603172047250057,PHILIPS,Achieva dStream,3.0,9,282,0.212919438,False,False,640.0,en,False,en|PHILIPS
1.2.826.0.1.3680043.8.498.65896962360688978581417748865609785541,GE,SIGNA Architect,3.0,7,403,0.44309408,False,True,1024.0,tr,False,tr|GE
1.2.826.0.1.3680043.8.498.65909865035783831607773206653044421345,GE,SIGNA Architect,3.0,9,632,0.60909533,False,True,1024.0,tr,False,tr|GE
1.2.826.0.1.3680043.8.498.65939700606136711089565313916789162980,SIEMENS,Aera,1.5,4,114,0.021522352,False,False,320.0,tr,False,tr|SIEMENS
1.2.826.0.1.3680043.8.498.65959182350599581687336889990076028593,SIEMENS,SonataVision,1.5,5,100,0.029633478,False,False,384.0,greek,False,greek|SIEMENS
1.2.826.0.1.3680043.8.498.65977711270942843864266358352913175672,PHILIPS,Achieva dStream,1.5,5,578,0.455741974,False,True,560.0,en,False,en|PHILIPS
1.2.826.0.1.3680043.8.498.66020213859389864645118554257523478921,PHILIPS,Ingenia,1.5,5,156,0.081961956,False,False,512.0,hr/bs/sr,False,hr/bs/sr|PHILIPS
1.2.826.0.1.3680043.8.498.66022464665791424345622894674375661089,GE,SIGNA Architect,3.0,7,432,0.45678683,False,True,1024.0,tr,False,tr|GE
1.2.826.0.1.3680043.8.498.66031142975529812579758652269360365398,SIEMENS,SonataVision,1.5,5,97,0.042933814,False,False,384.0,greek,False,greek|SIEMENS
1.2.826.0.1.3680043.8.498.66065279867975557954375204776779208827,CANON/TOSHIBA,Vantage,,5,122,0.08282209,True,False,512.0,en,False,en|CANON/TOSHIBA
1.2.826.0.1.3680043.8.498.66077420344931334696112616504179985591,SIEMENS,MAGNETOM Skyra,3.0,4,221,0.030940482,False,True,352.0,en,False,en|SIEMENS
1.2.826.0.1.3680043.8.498.66083855405250624607521810369199218887,SIEMENS,MAGNETOM Vida,3.0,6,191,0.0532939,False,False,384.0,hr/bs/sr,False,hr/bs/sr|SIEMENS
1.2.826.0.1.3680043.8.498.66156015559325316834458423557757995415,SIEMENS,MAGNETOM Vida,3.0,5,172,0.046300652,False,False,384.0,hr/bs/sr,False,hr/bs/sr|SIEMENS
1.2.826.0.1.3680043.8.498.66199248385068685539872840826351152652,PHILIPS,Ingenia,1.5,5,170,0.096336422,False,False,512.0,hr/bs/sr,False,hr/bs/sr|PHILIPS
1.2.826.0.1.3680043.8.498.66210455934011506415244876770725282769,PHILIPS,Ingenia,1.5,5,117,0.212204274,False,False,1008.0,es,False,es|PHILIPS
1.2.826.0.1.3680043.8.498.66264392187277583747691643146920431469,SIEMENS,Aera,1.5,5,144,0.025498208,False,False,320.0,tr,False,tr|SIEMENS
1.2.826.0.1.3680043.8.498.66287049728466409037095442705228040084,PHILIPS,Achieva dStream,1.5,4,128,0.085187232,False,False,560.0,es,False,es|PHILIPS
1.2.826.0.1.3680043.8.498.66296018797614563698471347079960740755,SIEMENS,SonataVision,1.5,5,95,0.041295396,False,False,384.0,greek,False,greek|SIEMENS
1.2.826.0.1.3680043.8.498.66305771884507759587182077473863996177,SIEMENS,Skyra,3.0,5,154,0.037349496,False,False,320.0,es,False,es|SIEMENS
1.2.826.0.1.3680043.8.498.66308195780676793917989368423009849637,SIEMENS,MAGNETOM Vida,3.0,4,130,0.059193606,False,False,480.0,en,False,en|SIEMENS
1.2.826.0.1.3680043.8.498.66321903250295261063309947910189882952,PHILIPS,Ingenia,1.5,5,156,0.081962032,False,False,512.0,hr/bs/sr,False,hr/bs/sr|PHILIPS
1.2.826.0.1.3680043.8.498.66327751482076404294387513492434577338,SIEMENS,MAGNETOM Avanto fit,1.5,5,253,0.384946402,False,True,800.0,de,False,de|SIEMENS
1.2.826.0.1.3680043.8.498.66334686028272068369345540785320291695,SIEMENS,MAGNETOM Prisma,3.0,5,160,0.046890006,False,False,384.0,greek,False,greek|SIEMENS
1.2.826.0.1.3680043.8.498.66364462115470823900176770413527217503,CANON/TOSHIBA,Vantage,,6,144,0.091824192,True,False,512.0,en,False,en|CANON/TOSHIBA
1.2.826.0.1.3680043.8.498.66401771232064170830621215861092532421,SIEMENS,SonataVision,1.5,5,96,0.042110698,False,False,384.0,greek,False,greek|SIEMENS
1.2.826.0.1.3680043.8.498.66404725797392899950170138361835649917,GE,SIGNA Architect,3.0,7,344,0.401065046,False,True,1024.0,tr,False,tr|GE
1.2.826.0.1.3680043.8.498.66489634638847834550694493585147280754,PHILIPS,Ingenia,1.5,8,161,0.170992892,False,False,480.0,es,False,es|PHILIPS
1.2.826.0.1.3680043.8.498.66510565421813721258189101326477318907,SIEMENS,MAGNETOM Vida,3.0,6,191,0.053296634,False,False,384.0,hr/bs/sr,False,hr/bs/sr|SIEMENS
1.2.826.0.1.3680043.8.498.66596090141798159058634289358454183351,PHILIPS,Ingenia,3.0,4,118,0.058353438,False,False,512.0,en,False,en|PHILIPS
1.2.826.0.1.3680043.8.498.66640124635222298792902508374800337726,GE,SIGNA EXCITE,1.5,7,184,0.096720322,False,False,512.0,en,False,en|GE
1.2.826.0.1.3680043.8.498.66690100241274246406145618641481787709,FUJI/HITACHI,OASIS_Velocity,1.16,8,224,0.091674066,False,False,448.0,en,False,en|FUJI/HITACHI
1.2.826.0.1.3680043.8.498.66694519343321893230666089565893349853,SIEMENS,SonataVision,1.5,5,101,0.044640858,False,False,384.0,greek,False,greek|SIEMENS
1.2.826.0.1.3680043.8.498.66737859593831436259089736126768464771,SIEMENS,Aera,1.5,5,131,0.02910705,False,False,320.0,tr,False,tr|SIEMENS
1.2.826.0.1.3680043.8.498.66805139646641294853509958688742554525,SIEMENS,MAGNETOM Avanto fit,1.5,6,335,0.524182422,False,True,848.0,de,False,de|SIEMENS
1.2.826.0.1.3680043.8.498.66841103065389483583108279900721522084,SIEMENS,Espree,1.5,7,216,0.177260428,False,False,640.0,en,False,en|SIEMENS
1.2.826.0.1.3680043.8.498.66865810098959732285731429066569782524,PHILIPS,Achieva dStream,3.0,8,268,0.21690176,False,False,640.0,en,False,en|PHILIPS
1.2.826.0.1.3680043.8.498.66960891947495601371173426277430301127,SIEMENS,MAGNETOM Avanto fit,1.5,5,290,0.443798734,False,True,800.0,de,False,de|SIEMENS
1.2.826.0.1.3680043.8.498.66973089869591928349547584554030589647,GE,Optima MR430s 1.5T,1.5,5,136,0.071481882,False,False,512.0,en,False,en|GE
1.2.826.0.1.3680043.8.498.66993076561387452114335652021593805727,SIEMENS,MAGNETOM Vida,3.0,6,195,0.054385256,False,False,384.0,hr/bs/sr,False,hr/bs/sr|SIEMENS
1.2.826.0.1.3680043.8.498.67001329390153622359718581388215312710,PHILIPS,Achieva dStream,1.5,4,403,0.309308138,False,True,536.0,en,False,en|PHILIPS
1.2.826.0.1.3680043.8.498.67153684605171746899496816770567866269,SIEMENS,Aera,1.5,8,227,0.125405952,False,False,512.0,en,False,en|SIEMENS
1.2.826.0.1.3680043.8.498.67157948144868269956661697924341234924,PHILIPS,Ingenia,1.5,5,156,0.082961016,False,False,528.0,hr/bs/sr,False,hr/bs/sr|PHILIPS
1.2.826.0.1.3680043.8.498.67181088492292316990397177612918195713,SIEMENS,MAGNETOM Vida,3.0,5,166,0.153066068,False,False,640.0,nl,False,nl|SIEMENS
1.2.826.0.1.3680043.8.498.67188121544063723837669983597453941774,GE,SIGNA Explorer,1.5,5,134,0.060241294,False,False,512.0,tr,True,tr|GE
1.2.826.0.1.3680043.8.498.67189969532330535369638450306601659967,SIEMENS,SonataVision,1.5,5,98,0.043751298,False,False,384.0,greek,False,greek|SIEMENS
1.2.826.0.1.3680043.8.498.67208608901061914528631080268819069203,PHILIPS,Ingenia,1.5,5,112,0.07251584,False,False,560.0,es,False,es|PHILIPS
1.2.826.0.1.3680043.8.498.67238774585857531338533947812568490258,SIEMENS,MAGNETOM Vida,3.0,4,130,0.059193622,False,False,480.0,en,False,en|SIEMENS
1.2.826.0.1.3680043.8.498.67281816624401881515444587844116136597,SIEMENS,MAGNETOM Aera,1.5,4,153,0.042107288,False,False,384.0,en,False,en|SIEMENS
1.2.826.0.1.3680043.8.498.67284681623851829916403311739987186159,PHILIPS,Achieva dStream,1.5,5,587,0.460576298,False,True,560.0,en,False,en|PHILIPS
1.2.826.0.1.3680043.8.498.67374476726034608591738910363595695123,PHILIPS,Achieva dStream,1.5,5,108,0.047995598,False,False,480.0,es,False,es|PHILIPS
1.2.826.0.1.3680043.8.498.67386780309737226410965627751074124678,PHILIPS,Achieva,1.5,5,115,0.066832816,False,False,528.0,es,False,es|PHILIPS
1.2.826.0.1.3680043.8.498.67397756161011684282778294948252031539,GE,Optima MR450w,,6,135,0.070920968,True,False,512.0,en,False,en|GE
1.2.826.0.1.3680043.8.498.67404282038417089622852480023919627784,SIEMENS,Aera,1.5,5,143,0.02949176,False,False,320.0,tr,False,tr|SIEMENS
1.2.826.0.1.3680043.8.498.67456402757136973484427155324664966595,GE,SIGNA Architect,3.0,6,260,0.363213,False,True,1024.0,tr,False,tr|GE
1.2.826.0.1.3680043.8.498.67468397709097947104298147948850473142,PHILIPS,Achieva dStream,3.0,8,271,0.231628358,False,False,672.0,en,False,en|PHILIPS
1.2.826.0.1.3680043.8.498.67490059263503953166467514121525025332,SIEMENS,MAGNETOM Vida,3.0,6,191,0.053302642,False,False,384.0,hr/bs/sr,False,hr/bs/sr|SIEMENS
1.2.826.0.1.3680043.8.498.67498362978754615554767658151787188674,SIEMENS,MAGNETOM Vida,3.0,4,130,0.059193612,False,False,480.0,en,False,en|SIEMENS
1.2.826.0.1.3680043.8.498.67527486841399075490744039058207332725,PHILIPS,Ingenia,3.0,6,187,0.140951658,False,False,640.0,cyrillic,False,cyrillic|PHILIPS
1.2.826.0.1.3680043.8.498.67550262192397377344258276170992188234,CANON/TOSHIBA,Galan 3T,3.0,7,210,0.232556694,False,False,768.0,en,False,en|CANON/TOSHIBA
1.2.826.0.1.3680043.8.498.67601368724828563564325678719126190797,SIEMENS,Aera,1.5,5,140,0.031308298,False,False,320.0,tr,False,tr|SIEMENS
1.2.826.0.1.3680043.8.498.67613388743126519966672593774754849330,PHILIPS,Ingenia,1.5,6,170,0.097519768,False,False,528.0,hr/bs/sr,False,hr/bs/sr|PHILIPS
1.2.826.0.1.3680043.8.498.67620512607520186685421323991166816451,GE,SIGNA Artist,1.5,5,197,0.232554706,False,False,512.0,es,False,es|GE
1.2.826.0.1.3680043.8.498.67678576373934022409084801948795250361,PHILIPS,Achieva dStream,3.0,8,257,0.236477508,False,False,704.0,en,False,en|PHILIPS
1.2.826.0.1.3680043.8.498.67690090498828405347380696553164435363,SIEMENS,MAGNETOM Prisma,3.0,4,140,0.117846354,False,False,588.0,greek,False,greek|SIEMENS
1.2.826.0.1.3680043.8.498.67705068860320494485379949506807098172,SIEMENS,MAGNETOM Vida,3.0,6,191,0.053295928,False,False,384.0,hr/bs/sr,False,hr/bs/sr|SIEMENS
1.2.826.0.1.3680043.8.498.67716063997837501476742746033172868748,SIEMENS,Skyra,3.0,5,158,0.0417629,False,False,320.0,es,False,es|SIEMENS
1.2.826.0.1.3680043.8.498.67739091465243228820766982459725849814,SIEMENS,MAGNETOM Vida,3.0,6,211,0.058598252,False,False,384.0,hr/bs/sr,False,hr/bs/sr|SIEMENS
1.2.826.0.1.3680043.8.498.67740000270419228186274186410889719154,SIEMENS,Aera,1.5,5,163,0.033619844,False,False,320.0,tr,False,tr|SIEMENS
1.2.826.0.1.3680043.8.498.67772676243889350087068112324015156848,GE,Optima MR450w,,5,111,0.058313026,True,False,512.0,en,False,en|GE
1.2.826.0.1.3680043.8.498.67775301856843451215029610725114809378,PHILIPS,Ingenia,1.5,6,171,0.0903519,False,False,520.0,hr/bs/sr,False,hr/bs/sr|PHILIPS
1.2.826.0.1.3680043.8.498.67788047649994083591931245362169694306,SIEMENS,MAGNETOM Vida,3.0,6,191,0.053296276,False,False,384.0,hr/bs/sr,False,hr/bs/sr|SIEMENS
1.2.826.0.1.3680043.8.498.67817378785531423675449308236680249899,GE,SIGNA Artist,1.5,6,262,0.359529312,False,False,768.0,es,False,es|GE
1.2.826.0.1.3680043.8.498.67860057199678546706175336855949799228,GE,SIGNA Explorer,1.5,5,128,0.067307302,False,False,512.0,tr,False,tr|GE
1.2.826.0.1.3680043.8.498.67875980316053973061252844698884229168,GE,Optima MR450w,,5,99,0.05200887,True,False,512.0,en,False,en|GE
1.2.826.0.1.3680043.8.498.67901792488494108577057563458320460313,PHILIPS,Ingenia,3.0,4,116,0.060994186,False,False,512.0,en,False,en|PHILIPS
1.2.826.0.1.3680043.8.498.67902658411525109462089381503197501728,PHILIPS,Achieva dStream,3.0,9,263,0.202013716,False,False,640.0,en,False,en|PHILIPS
1.2.826.0.1.3680043.8.498.67931702364673809781455566584550075686,SIEMENS,Aera,1.5,8,235,0.14671634,False,False,640.0,en,False,en|SIEMENS
1.2.826.0.1.3680043.8.498.67941678374744711267840655419606994796,SIEMENS,Espree,1.5,5,136,0.021924738,False,False,256.0,en,False,en|SIEMENS
1.2.826.0.1.3680043.8.498.67958551704692248657133951054036903879,SIEMENS,MAGNETOM Vida,3.0,6,218,0.060447744,False,False,384.0,hr/bs/sr,False,hr/bs/sr|SIEMENS
1.2.826.0.1.3680043.8.498.67981157392064878495682078197161506255,CANON/TOSHIBA,Vantage,,5,128,0.092517532,True,False,608.0,en,False,en|CANON/TOSHIBA
1.2.826.0.1.3680043.8.498.67981539513814867568631217960473023750,GE,SIGNA Artist,1.5,5,193,0.227305118,False,False,512.0,es,False,es|GE
1.2.826.0.1.3680043.8.498.68042422993686716523227090971667037309,SIEMENS,MAGNETOM Skyra,3.0,4,222,0.03123708,False,True,352.0,en,False,en|SIEMENS
1.2.826.0.1.3680043.8.498.68079818232244983808025467536454890669,FUJI/HITACHI,OASIS,1.16,6,130,0.039684102,False,False,352.0,en,False,en|FUJI/HITACHI
1.2.826.0.1.3680043.8.498.68098431505945078581285587720599762771,CANON/TOSHIBA,Titan,1.5,11,308,0.41418847,False,False,832.0,en,False,en|CANON/TOSHIBA
1.2.826.0.1.3680043.8.498.68106879690636836695681159513106553666,GE,SIGNA EXCITE,1.5,7,220,0.11564454,False,False,512.0,en,False,en|GE
1.2.826.0.1.3680043.8.498.68115220080063728900711167735074276147,PHILIPS,Achieva dStream,3.0,8,243,0.197624414,False,False,640.0,en,False,en|PHILIPS
1.2.826.0.1.3680043.8.498.68131564130881160284492534203572971623,PHILIPS,Ingenia,3.0,4,118,0.062045918,False,False,512.0,en,False,en|PHILIPS
1.2.826.0.1.3680043.8.498.68142054543837964766571710567214307830,SIEMENS,MAGNETOM Avanto fit,1.5,5,283,0.431535998,False,True,800.0,de,False,de|SIEMENS
1.2.826.0.1.3680043.8.498.68158735450883179427440578190038002606,PHILIPS,Achieva dStream,3.0,9,326,0.23996449,False,True,640.0,en,False,en|PHILIPS
1.2.826.0.1.3680043.8.498.68166103964518457268906879600985959436,CANON/TOSHIBA,Vantage,,5,147,0.09340064,True,False,512.0,en,False,en|CANON/TOSHIBA
1.2.826.0.1.3680043.8.498.68168197665046786209369894696801397179,SIEMENS,MAGNETOM Vida,3.0,6,202,0.05157875,False,False,366.0,hr/bs/sr,False,hr/bs/sr|SIEMENS
1.2.826.0.1.3680043.8.498.68176786698913278568384612123261229708,SIEMENS,MAGNETOM Avanto fit,1.5,5,296,0.452892078,False,True,800.0,de,False,de|SIEMENS
1.2.826.0.1.3680043.8.498.68219942161081583831276769978472014317,PHILIPS,Achieva dStream,3.0,8,243,0.272488672,False,False,672.0,en,False,en|PHILIPS
1.2.826.0.1.3680043.8.498.68236154531625015457518732674625182872,GE,SIGNA Architect,3.0,9,552,0.567045818,False,True,1024.0,tr,False,tr|GE
1.2.826.0.1.3680043.8.498.68256141451764547710152696919981893952,SIEMENS,Aera,1.5,5,172,0.041591074,False,False,320.0,en,False,en|SIEMENS
1.2.826.0.1.3680043.8.498.68263925314265871578642679583159577645,GE,SIGNA Explorer,1.5,7,151,0.079401256,False,False,512.0,tr,False,tr|GE
1.2.826.0.1.3680043.8.498.68264559730756309944466784364591509088,PHILIPS,Achieva dStream,1.5,5,115,0.05076171,False,False,480.0,es,False,es|PHILIPS
1.2.826.0.1.3680043.8.498.68304853223764870957854101604223809218,SIEMENS,MAGNETOM Skyra,3.0,4,224,0.031830608,False,True,352.0,en,False,en|SIEMENS
1.2.826.0.1.3680043.8.498.68328371080087298795966933114044350359,SIEMENS,Aera,1.5,5,133,0.023524012,False,False,320.0,tr,False,tr|SIEMENS
1.2.826.0.1.3680043.8.498.68328948893840135511720724977892905019,SIEMENS,MAGNETOM Vida,3.0,5,166,0.153065388,False,False,640.0,nl,False,nl|SIEMENS
1.2.826.0.1.3680043.8.498.68434116759606759586218589635360502038,SIEMENS,MAGNETOM Aera,1.5,4,152,0.041805954,False,False,384.0,fr,False,fr|SIEMENS
1.2.826.0.1.3680043.8.498.68434323590918408241182252996136001891,SIEMENS,MAGNETOM Lumina,3.0,5,176,0.061178658,False,False,416.0,es,False,es|SIEMENS
1.2.826.0.1.3680043.8.498.68435927323644457286635872824563629385,SIEMENS,MAGNETOM Vida,3.0,5,166,0.153065958,False,False,640.0,nl,False,nl|SIEMENS
1.2.826.0.1.3680043.8.498.68442883836038453562548037358230921748,SIEMENS,Aera,1.5,6,186,0.043279768,False,False,320.0,hr/bs/sr,False,hr/bs/sr|SIEMENS
1.2.826.0.1.3680043.8.498.68448811873610037553554213141537599150,SIEMENS,MAGNETOM Prisma,3.0,4,136,0.108798362,False,False,588.0,greek,False,greek|SIEMENS
1.2.826.0.1.3680043.8.498.68504220056564878621959394439671931747,SIEMENS,MAGNETOM Aera,1.5,4,137,0.037720604,False,False,384.0,en,False,en|SIEMENS
1.2.826.0.1.3680043.8.498.68524920268469128133836299591793117756,PHILIPS,Ingenia Ambition X,1.5,10,320,0.21776895,False,False,544.0,en,False,en|PHILIPS
1.2.826.0.1.3680043.8.498.68570907895010847368926943092385685462,GE,SIGNA EXCITE,1.5,7,183,0.096195604,False,False,512.0,tr,False,tr|GE
1.2.826.0.1.3680043.8.498.68576465611266620513305434082656807028,SIEMENS,Aera,1.5,5,174,0.042008946,False,False,320.0,en,False,en|SIEMENS
1.2.826.0.1.3680043.8.498.68578659816221770558506780445608768600,SIEMENS,Aera,1.5,5,143,0.029494898,False,False,320.0,tr,False,tr|SIEMENS
1.2.826.0.1.3680043.8.498.68593524008570334427931338225473487643,SIEMENS,SonataVision,1.5,8,148,0.065747012,False,False,384.0,greek,False,greek|SIEMENS
1.2.826.0.1.3680043.8.498.68637419175382604890136839259344633105,GE,SIGNA Artist,1.5,5,175,0.203683548,False,False,512.0,es,False,es|GE
1.2.826.0.1.3680043.8.498.68668620295929607459355154952035421306,SIEMENS,MAGNETOM Avanto fit,1.5,5,264,0.400714488,False,True,800.0,de,False,de|SIEMENS
1.2.826.0.1.3680043.8.498.68707023438918237611039069622720041636,SIEMENS,MAGNETOM Avanto fit,1.5,5,300,0.459842268,False,True,800.0,de,False,de|SIEMENS
1.2.826.0.1.3680043.8.498.68740466085414970518655922465908223436,PHILIPS,Ingenia,1.5,5,94,0.052870224,False,False,560.0,unknown,False,unknown|PHILIPS
1.2.826.0.1.3680043.8.498.68744926735490285461495285547312308522,PHILIPS,Ingenia,3.0,5,150,0.12011359,False,False,640.0,cyrillic,False,cyrillic|PHILIPS
1.2.826.0.1.3680043.8.498.68769474672202195228430674317444754835,PHILIPS,Achieva dStream,1.5,5,577,0.455319222,False,True,560.0,en,False,en|PHILIPS
1.2.826.0.1.3680043.8.498.68777783869253673804970857981124324335,SIEMENS,MAGNETOM Vida,3.0,6,214,0.19245974,False,False,640.0,nl,False,nl|SIEMENS
1.2.826.0.1.3680043.8.498.68799355386870083063665227055340582612,SIEMENS,Aera,1.5,4,105,0.020223432,False,False,288.0,tr,False,tr|SIEMENS
1.2.826.0.1.3680043.8.498.68806105227826942108149090508198910591,SIEMENS,MAGNETOM Vida,3.0,6,247,0.069514362,False,False,384.0,hr/bs/sr,False,hr/bs/sr|SIEMENS
1.2.826.0.1.3680043.8.498.68862684196934468400953020419415008157,GE,SIGNA EXCITE,1.5,7,218,0.114593304,False,False,512.0,en,False,en|GE
1.2.826.0.1.3680043.8.498.68919687595587004665658610968739852899,SIEMENS,Aera,1.5,5,154,0.031762828,False,False,320.0,tr,False,tr|SIEMENS
1.2.826.0.1.3680043.8.498.68931510756844060683643298583132884960,GE,SIGNA Explorer,1.5,5,115,0.052214688,False,False,512.0,tr,False,tr|GE
1.2.826.0.1.3680043.8.498.68969263295435881669720950631709959471,SIEMENS,MAGNETOM Vida,3.0,6,199,0.055384034,False,False,384.0,hr/bs/sr,False,hr/bs/sr|SIEMENS
1.2.826.0.1.3680043.8.498.68971603226593154050514800137550171537,SIEMENS,SonataVision,1.5,5,96,0.042111008,False,False,384.0,greek,False,greek|SIEMENS
1.2.826.0.1.3680043.8.498.69002590469755721401448924002989552840,SIEMENS,Aera,1.5,10,413,0.164256682,False,True,512.0,en,False,en|SIEMENS
1.2.826.0.1.3680043.8.498.69033651423155214548081618535669641812,SIEMENS,MAGNETOM Prisma,3.0,4,140,0.135542466,False,False,588.0,greek,False,greek|SIEMENS
1.2.826.0.1.3680043.8.498.69077351372476086930472412978307038819,SIEMENS,Espree,1.5,6,166,0.028402904,False,False,288.0,en,False,en|SIEMENS
1.2.826.0.1.3680043.8.498.69131433601281694165384475765166382765,SIEMENS,MAGNETOM Skyra,3.0,4,231,0.033002294,False,True,352.0,en,False,en|SIEMENS
1.2.826.0.1.3680043.8.498.69141410772327587821159027820329185006,SIEMENS,MAGNETOM Avanto fit,1.5,5,268,0.408093238,False,True,800.0,de,False,de|SIEMENS
1.2.826.0.1.3680043.8.498.69156800026549034619316278954442147703,PHILIPS,Ingenia,3.0,6,165,0.125611664,False,False,640.0,cyrillic,False,cyrillic|PHILIPS
1.2.826.0.1.3680043.8.498.69212713525853754921729012449897924087,GE,SIGNA Explorer,1.5,5,128,0.067307374,False,False,512.0,tr,False,tr|GE
1.2.826.0.1.3680043.8.498.69236835611860340913671698884308946455,SIEMENS,MAGNETOM Aera,1.5,4,140,0.038614702,False,False,384.0,fr,False,fr|SIEMENS
1.2.826.0.1.3680043.8.498.69260280362382086729793018979234418276,SIEMENS,MAGNETOM Aera,1.5,4,148,0.040715374,False,False,384.0,en,False,en|SIEMENS
1.2.826.0.1.3680043.8.498.69267821440055811776827497076481587198,GE,SIGNA Artist,1.5,5,162,0.08518524,False,False,512.0,en,False,en|GE
1.2.826.0.1.3680043.8.498.69311065409015951283858403030798356475,SIEMENS,MAGNETOM Vida,3.0,6,191,0.053302014,False,False,384.0,hr/bs/sr,False,hr/bs/sr|SIEMENS
1.2.826.0.1.3680043.8.498.69392348385274125385290015404144639002,PHILIPS,Ingenia,3.0,6,114,0.093146696,False,False,512.0,es,True,es|PHILIPS
1.2.826.0.1.3680043.8.498.69397705155385306818511499752200941968,SIEMENS,Espree,1.5,5,130,0.020986654,False,False,256.0,en,False,en|SIEMENS
1.2.826.0.1.3680043.8.498.69411539430142524612470544041263824359,SIEMENS,Aera,1.5,7,267,0.067689008,False,True,320.0,hr/bs/sr,False,hr/bs/sr|SIEMENS
1.2.826.0.1.3680043.8.498.69417319234704516520173921900954337376,SIEMENS,Aera,1.5,5,140,0.028873836,False,False,320.0,tr,False,tr|SIEMENS
1.2.826.0.1.3680043.8.498.69429384137362531712760113705595820981,SIEMENS,MAGNETOM Vida,3.0,4,130,0.059193436,False,False,480.0,en,False,en|SIEMENS
1.2.826.0.1.3680043.8.498.69470130842235635628917024269527211321,SIEMENS,MAGNETOM Vida,3.0,4,130,0.059193334,False,False,480.0,en,False,en|SIEMENS
1.2.826.0.1.3680043.8.498.69495014653333523580255444915082056825,PHILIPS,Ingenia,3.0,4,130,0.068355504,False,False,512.0,en,False,en|PHILIPS
1.2.826.0.1.3680043.8.498.69514709065182531331987458626496800737,PHILIPS,Ingenia,3.0,4,110,0.07116421,False,False,512.0,en,False,en|PHILIPS
1.2.826.0.1.3680043.8.498.69544085715595825083308172629360899339,SIEMENS,MAGNETOM Vida,3.0,6,191,0.053295636,False,False,384.0,hr/bs/sr,False,hr/bs/sr|SIEMENS
1.2.826.0.1.3680043.8.498.69596668032633976121623939445795750384,GE,SIGNA Explorer,1.5,5,133,0.069937354,False,False,512.0,tr,False,tr|GE
1.2.826.0.1.3680043.8.498.69632034454628807663252084651278084839,SIEMENS,MAGNETOM Avanto fit,1.5,5,286,0.438243782,False,True,800.0,de,False,de|SIEMENS
1.2.826.0.1.3680043.8.498.69635429172929809539574727887787303282,SIEMENS,MAGNETOM Sempra,1.5,5,162,0.040145788,False,False,320.0,es,False,es|SIEMENS
1.2.826.0.1.3680043.8.498.69654898267139720912940475772303404772,PHILIPS,Achieva dStream,1.5,5,104,0.064985798,False,False,528.0,es,False,es|PHILIPS
1.2.826.0.1.3680043.8.498.69665129458102359604411189244405850661,SIEMENS,MAGNETOM Avanto fit,1.5,5,258,0.387672826,False,True,800.0,de,False,de|SIEMENS
1.2.826.0.1.3680043.8.498.69673283369917182409597968479300552579,SIEMENS,MAGNETOM Avanto fit,1.5,5,278,0.422890576,False,True,800.0,de,False,de|SIEMENS
1.2.826.0.1.3680043.8.498.69717507929047897681405659943474469018,CANON/TOSHIBA,Vantage,,5,126,0.082367772,True,False,512.0,en,False,en|CANON/TOSHIBA
1.2.826.0.1.3680043.8.498.69729903409900053570304330127687235813,PHILIPS,Ingenia,3.0,6,183,0.150865902,False,False,672.0,cyrillic,False,cyrillic|PHILIPS
1.2.826.0.1.3680043.8.498.69730556680449158538173708009262014812,SIEMENS,SonataVision,1.5,5,97,0.042407316,False,False,384.0,greek,False,greek|SIEMENS
1.2.826.0.1.3680043.8.498.69755849784902271124335765927125722483,SIEMENS,MAGNETOM Aera,1.5,4,153,0.042102266,False,False,384.0,fr,False,fr|SIEMENS
1.2.826.0.1.3680043.8.498.69828573582708185393942443598783108800,GE,Optima MR450w,1.5,5,152,0.124740832,False,False,640.0,en,False,en|GE
1.2.826.0.1.3680043.8.498.69846596572083911408018130524077120494,GE,Optima MR450w,1.5,5,179,0.033949996,False,False,256.0,en,False,en|GE
1.2.826.0.1.3680043.8.498.69917156795941398965793962392683899162,PHILIPS,Ingenia,1.5,6,109,0.062357858,False,False,560.0,es,False,es|PHILIPS
1.2.826.0.1.3680043.8.498.69930569170269472474738549886709596023,SIEMENS,SonataVision,1.5,4,75,0.031664518,False,False,384.0,greek,False,greek|SIEMENS
1.2.826.0.1.3680043.8.498.69954533310505596128507234525019777805,SIEMENS,Aera,1.5,5,156,0.02753194,False,False,320.0,tr,False,tr|SIEMENS
1.2.826.0.1.3680043.8.498.70124572708965486791612654433965515063,PHILIPS,Ingenia,1.5,6,126,0.21311377,False,False,960.0,es,False,es|PHILIPS
1.2.826.0.1.3680043.8.498.70125113032990356507120856030706104508,SIEMENS,SonataVision,1.5,5,95,0.041293936,False,False,384.0,greek,False,greek|SIEMENS
1.2.826.0.1.3680043.8.498.70129413051088864999976563404818211137,GE,SIGNA Explorer,1.5,4,128,0.067297946,False,False,512.0,en,False,en|GE
1.2.826.0.1.3680043.8.498.70204818275951821519024007466988533363,PHILIPS,Ingenia,3.0,5,150,0.12011371,False,False,640.0,cyrillic,False,cyrillic|PHILIPS
1.2.826.0.1.3680043.8.498.70212141059019236877414201247791694101,PHILIPS,Ingenia,3.0,4,124,0.065200628,False,False,512.0,en,False,en|PHILIPS
1.2.826.0.1.3680043.8.498.70271042033022764422915852922035168712,SIEMENS,MAGNETOM Vida,3.0,4,130,0.05919477,False,False,480.0,en,False,en|SIEMENS
1.2.826.0.1.3680043.8.498.70291739279544255146458190540233023337,GE,SIGNA Explorer,1.5,5,120,0.054058016,False,False,512.0,tr,False,tr|GE
1.2.826.0.1.3680043.8.498.70310162525433830894324495692973986063,GE,SIGNA EXCITE,,5,75,0.033502544,True,False,512.0,en,False,en|GE
1.2.826.0.1.3680043.8.498.70310491987092072540988486213408328865,GE,Optima MR450w,1.5,5,164,0.134589282,False,False,640.0,en,False,en|GE
1.2.826.0.1.3680043.8.498.70358024114589255428192032298530338260,PHILIPS,Ingenia,1.5,5,156,0.081961964,False,False,512.0,hr/bs/sr,False,hr/bs/sr|PHILIPS
1.2.826.0.1.3680043.8.498.70375834273924102402706635540898552043,CANON/TOSHIBA,Vantage,,5,124,0.08131693,True,False,512.0,en,False,en|CANON/TOSHIBA
1.2.826.0.1.3680043.8.498.70409266114961050236894235887802126808,SIEMENS,MAGNETOM Aera,1.5,4,148,0.040710736,False,False,384.0,fr,False,fr|SIEMENS
1.2.826.0.1.3680043.8.498.70427947434642957729711329062828233047,SIEMENS,MAGNETOM Aera,1.5,5,190,0.05306818,False,False,384.0,fr,False,fr|SIEMENS
1.2.826.0.1.3680043.8.498.70435722790459313233345196619727661231,GE,SIGNA Explorer,1.5,5,126,0.048561948,False,False,512.0,tr,False,tr|GE
1.2.826.0.1.3680043.8.498.70464717849928808075676221329034929056,PHILIPS,Achieva dStream,3.0,10,333,0.253795216,False,True,640.0,en,False,en|PHILIPS
1.2.826.0.1.3680043.8.498.70471859687546886677145171619638581757,SIEMENS,MAGNETOM Vida,3.0,4,130,0.059193762,False,False,480.0,en,False,en|SIEMENS
1.2.826.0.1.3680043.8.498.70478068758081824347762712452252763894,SIEMENS,MAGNETOM Vida,3.0,6,207,0.057467738,False,False,384.0,hr/bs/sr,False,hr/bs/sr|SIEMENS
1.2.826.0.1.3680043.8.498.70507536279875475164400849670959748314,SIEMENS,MAGNETOM Sempra,1.5,5,166,0.040362886,False,False,320.0,es,False,es|SIEMENS
1.2.826.0.1.3680043.8.498.70531311408047627903498280968772932092,GE,Optima MR450w,,5,96,0.050435408,True,False,512.0,en,False,en|GE
1.2.826.0.1.3680043.8.498.70532653867267627708152426358320452518,GE,SIGNA Artist,1.5,5,172,0.200533632,False,False,512.0,es,False,es|GE
1.2.826.0.1.3680043.8.498.70609649448269244608860767754947143395,GE,SIGNA Explorer,1.5,5,116,0.043304722,False,False,512.0,tr,False,tr|GE
1.2.826.0.1.3680043.8.498.70674155597869824035214737999044110827,SIEMENS,Verio,3.0,5,176,0.027907754,False,False,256.0,en,False,en|SIEMENS
1.2.826.0.1.3680043.8.498.70691305452244378255646875206864340458,SIEMENS,MAGNETOM Skyra,3.0,4,162,0.053323862,False,False,416.0,en,False,en|SIEMENS
1.2.826.0.1.3680043.8.498.70705483212961922828901596159131697717,GE,SIGNA EXCITE,1.5,7,186,0.097767688,False,False,512.0,en,False,en|GE
1.2.826.0.1.3680043.8.498.70796360440320543674384511859375295769,SIEMENS,MAGNETOM Avanto fit,1.5,5,278,0.41968715,False,True,800.0,de,False,de|SIEMENS
1.2.826.0.1.3680043.8.498.70829434408808897601630953382239533220,SIEMENS,MAGNETOM Prisma,3.0,4,136,0.116662816,False,False,588.0,greek,False,greek|SIEMENS
1.2.826.0.1.3680043.8.498.70831735578941318362881379802693293952,SIEMENS,SonataVision,1.5,4,76,0.032483962,False,False,384.0,greek,False,greek|SIEMENS
1.2.826.0.1.3680043.8.498.70865607713855272648070757909359669526,SIEMENS,Aera,1.5,5,144,0.02549884,False,False,320.0,tr,False,tr|SIEMENS
1.2.826.0.1.3680043.8.498.70873330457307886117949106432465978541,PHILIPS,Ingenia,3.0,7,194,0.155849936,False,False,640.0,cyrillic,False,cyrillic|PHILIPS
1.2.826.0.1.3680043.8.498.70877157427595288430686609728186100169,GE,SIGNA Voyager,1.5,5,158,0.043749446,False,False,256.0,en,False,en|GE
1.2.826.0.1.3680043.8.498.70880546533848103776823598726224805522,GE,SIGNA Architect,3.0,10,584,0.58386531,False,True,1024.0,tr,False,tr|GE
1.2.826.0.1.3680043.8.498.70909154434106251910698870110315237266,SIEMENS,MAGNETOM Vida,3.0,5,166,0.153065618,False,False,640.0,nl,False,nl|SIEMENS
1.2.826.0.1.3680043.8.498.70913971933753517251340687745718346828,SIEMENS,MAGNETOM Aera,1.5,4,155,0.04279043,False,False,384.0,fr,False,fr|SIEMENS
1.2.826.0.1.3680043.8.498.70918221697435256352088727172904502068,GE,SIGNA Artist,1.5,5,189,0.222054674,False,False,512.0,es,False,es|GE
1.2.826.0.1.3680043.8.498.70931245733460964524244528230239226104,PHILIPS,Ingenia,1.5,6,170,0.097519764,False,False,528.0,hr/bs/sr,False,hr/bs/sr|PHILIPS
1.2.826.0.1.3680043.8.498.70931968429039283348328653687636803315,GE,Optima MR450w,1.5,6,174,0.080480422,False,False,512.0,en,False,en|GE
1.2.826.0.1.3680043.8.498.70948162965271404678418299669321564765,PHILIPS,Ingenia,3.0,5,154,0.122074174,False,False,640.0,cyrillic,False,cyrillic|PHILIPS
1.2.826.0.1.3680043.8.498.70955936086115471632446529979621948261,SIEMENS,MAGNETOM Vida,3.0,6,200,0.055044188,False,False,384.0,hr/bs/sr,False,hr/bs/sr|SIEMENS
1.2.826.0.1.3680043.8.498.70966951020892708303866968206211604316,GE,SIGNA Explorer,1.5,5,119,0.053925904,False,False,512.0,tr,False,tr|GE
1.2.826.0.1.3680043.8.498.70984418257970716669463829979819981861,GE,SIGNA Architect,3.0,9,590,0.451748732,False,True,1024.0,tr,False,tr|GE
1.2.826.0.1.3680043.8.498.71001339006150287453095055802545712130,SIEMENS,MAGNETOM Aera,1.5,4,144,0.0396151,False,False,384.0,fr,False,fr|SIEMENS
1.2.826.0.1.3680043.8.498.71047916312801688293181464016099792199,PHILIPS,Multiva,1.5,6,130,0.080754252,False,False,528.0,es,False,es|PHILIPS
1.2.826.0.1.3680043.8.498.71063550263564056105844586167361750567,PHILIPS,Ingenia,3.0,5,154,0.123395522,False,False,640.0,cyrillic,False,cyrillic|PHILIPS
1.2.826.0.1.3680043.8.498.71084400653875583977681616665093993652,SIEMENS,MAGNETOM Avanto fit,1.5,5,290,0.443796732,False,True,800.0,de,False,de|SIEMENS
1.2.826.0.1.3680043.8.498.71157888664602228768823145752952837565,CANON/TOSHIBA,Vantage,,5,112,0.07366485,True,False,512.0,en,False,en|CANON/TOSHIBA
1.2.826.0.1.3680043.8.498.71180975285730441100082825359032677931,PHILIPS,Ingenia,3.0,4,118,0.058361444,False,False,512.0,en,False,en|PHILIPS
1.2.826.0.1.3680043.8.498.71262022207903748073532915013888861999,GE,SIGNA Explorer,1.5,5,114,0.050116786,False,False,512.0,tr,False,tr|GE
1.2.826.0.1.3680043.8.498.71311031275189592818091380416268522846,SIEMENS,MAGNETOM Vida,3.0,6,191,0.053296168,False,False,384.0,hr/bs/sr,False,hr/bs/sr|SIEMENS
1.2.826.0.1.3680043.8.498.71355457409240695394093233905149541215,PHILIPS,Ingenia,3.0,5,150,0.120113656,False,False,640.0,cyrillic,False,cyrillic|PHILIPS
1.2.826.0.1.3680043.8.498.71388532549899713881913113571627425347,SIEMENS,Aera,1.5,9,383,0.210272394,False,True,640.0,en,False,en|SIEMENS
1.2.826.0.1.3680043.8.498.71405492944866967669069984757332849184,SIEMENS,Aera,1.5,9,253,0.229251252,False,False,640.0,en,False,en|SIEMENS
1.2.826.0.1.3680043.8.498.71507059468810869004142324822642900237,SIEMENS,MAGNETOM Vida,3.0,5,166,0.153066152,False,False,640.0,nl,False,nl|SIEMENS
1.2.826.0.1.3680043.8.498.71622107620007706778976946784787365505,SIEMENS,Aera,1.5,5,160,0.028209086,False,False,320.0,tr,False,tr|SIEMENS
1.2.826.0.1.3680043.8.498.71636001534145439773297498405674521629,PHILIPS,Ingenia Ambition X,1.5,9,292,0.184811682,False,False,528.0,en,False,en|PHILIPS
1.2.826.0.1.3680043.8.498.71660070729774772658965427776586988585,SIEMENS,MAGNETOM Vida,3.0,6,191,0.053296408,False,False,384.0,hr/bs/sr,False,hr/bs/sr|SIEMENS
1.2.826.0.1.3680043.8.498.71671013221669628598634284971059228267,SIEMENS,Aera,1.5,5,143,0.029492648,False,False,320.0,tr,False,tr|SIEMENS
1.2.826.0.1.3680043.8.498.71686717249431292334159336816742076478,SIEMENS,MAGNETOM Vida,3.0,6,191,0.053296498,False,False,384.0,hr/bs/sr,False,hr/bs/sr|SIEMENS
1.2.826.0.1.3680043.8.498.71688651674041466985305836912343513997,SIEMENS,MAGNETOM Aera,1.5,4,139,0.038313114,False,False,384.0,en,False,en|SIEMENS
1.2.826.0.1.3680043.8.498.71701484984624141610445774249629295610,GE,SIGNA Artist,1.5,5,212,0.249878168,False,False,512.0,es,False,es|GE
1.2.826.0.1.3680043.8.498.71707317731065645278250956442336515504,CANON/TOSHIBA,Galan 3T,3.0,7,210,0.235782968,False,False,768.0,en,False,en|CANON/TOSHIBA
1.2.826.0.1.3680043.8.498.71709477515434076105531625950744135656,PHILIPS,Achieva dStream,1.5,5,122,0.053960714,False,False,480.0,es,False,es|PHILIPS
1.2.826.0.1.3680043.8.498.71736046309441396676679830874326797437,SIEMENS,Aera,1.5,5,164,0.039581304,False,False,320.0,en,False,en|SIEMENS
1.2.826.0.1.3680043.8.498.71744523263023933066263506201344989825,PHILIPS,Ingenia,3.0,4,116,0.06099465,False,False,512.0,en,False,en|PHILIPS
1.2.826.0.1.3680043.8.498.71749507378205349451480318735471291366,PHILIPS,Ingenia,3.0,4,120,0.063096584,False,False,512.0,en,False,en|PHILIPS
1.2.826.0.1.3680043.8.498.71753603955749189961638324806586359888,SIEMENS,SonataVision,1.5,5,96,0.038540046,False,False,384.0,greek,False,greek|SIEMENS
1.2.826.0.1.3680043.8.498.71766161038805688022754893134126528749,SIEMENS,MAGNETOM Sempra,1.5,5,158,0.03835332,False,False,320.0,es,False,es|SIEMENS
1.2.826.0.1.3680043.8.498.71792468450491064417953341293663396190,SIEMENS,MAGNETOM Vida,3.0,5,166,0.153066152,False,False,640.0,nl,False,nl|SIEMENS
1.2.826.0.1.3680043.8.498.71814919885777053270239861047114794237,SIEMENS,MAGNETOM Vida,3.0,5,166,0.153066048,False,False,640.0,nl,False,nl|SIEMENS
1.2.826.0.1.3680043.8.498.71830371861099586573789550797712053914,SIEMENS,SonataVision,1.5,5,94,0.041356334,False,False,384.0,greek,False,greek|SIEMENS
1.2.826.0.1.3680043.8.498.71836684300308056297405632410209248276,GE,SIGNA Architect,3.0,9,562,0.581734032,False,True,1024.0,tr,False,tr|GE
1.2.826.0.1.3680043.8.498.71866327348775269043047475658220220525,PHILIPS,Achieva dStream,3.0,11,331,0.31665219,False,False,704.0,en,False,en|PHILIPS
1.2.826.0.1.3680043.8.498.71898908031968158312013185809213669768,SIEMENS,MAGNETOM Aera,1.5,4,140,0.038699866,False,False,384.0,en,False,en|SIEMENS
1.2.826.0.1.3680043.8.498.71899370657875960028369229847153071577,SIEMENS,MAGNETOM Avanto fit,1.5,5,260,0.41114479,False,True,960.0,de,False,de|SIEMENS
1.2.826.0.1.3680043.8.498.71901039762584748047172479049347609017,CANON/TOSHIBA,Vantage,,5,123,0.080791714,True,False,512.0,en,False,en|CANON/TOSHIBA
1.2.826.0.1.3680043.8.498.71985417286226511458068110832784023627,GE,SIGNA Artist,1.5,5,195,0.226783342,False,False,512.0,es,False,es|GE
1.2.826.0.1.3680043.8.498.72008869367139958325145888733651022033,SIEMENS,Skyra,3.0,5,154,0.037349834,False,False,320.0,es,False,es|SIEMENS
1.2.826.0.1.3680043.8.498.72017096768214637927798648334301077145,PHILIPS,Achieva dStream,3.0,8,252,0.208803252,False,False,672.0,en,False,en|PHILIPS
1.2.826.0.1.3680043.8.498.72018602547183896629903902899903468287,SIEMENS,SonataVision,1.5,5,100,0.044348716,False,False,384.0,greek,False,greek|SIEMENS
1.2.826.0.1.3680043.8.498.72023797276837219152365428999317131110,SIEMENS,Aera,1.5,5,146,0.03813217,False,False,320.0,en,False,en|SIEMENS
1.2.826.0.1.3680043.8.498.72095214441332094906401331319197122529,SIEMENS,MAGNETOM Vida,3.0,6,191,0.05329636,False,False,384.0,hr/bs/sr,False,hr/bs/sr|SIEMENS
1.2.826.0.1.3680043.8.498.72159028826938094045309841541333724597,GE,Optima MR450w,1.5,5,158,0.129680388,False,False,640.0,en,False,en|GE
1.2.826.0.1.3680043.8.498.72172265826902387784016098389863005666,SIEMENS,MAGNETOM Aera,1.5,4,153,0.04219802,False,False,384.0,fr,False,fr|SIEMENS
1.2.826.0.1.3680043.8.498.72182847112910012489603688436912469641,GE,SIGNA Artist,1.5,5,205,0.24305007,False,False,512.0,es,False,es|GE
1.2.826.0.1.3680043.8.498.72185504245484151161044972024469667666,PHILIPS,Ingenia,3.0,4,118,0.05835866,False,False,512.0,en,False,en|PHILIPS
1.2.826.0.1.3680043.8.498.72191353854496806844040272237700346774,PHILIPS,Ingenia,1.5,6,176,0.100563156,False,False,512.0,hr/bs/sr,False,hr/bs/sr|PHILIPS
1.2.826.0.1.3680043.8.498.72237065473467452226073540784070938342,GE,Optima MR450w,,5,117,0.061470478,True,False,512.0,en,False,en|GE
1.2.826.0.1.3680043.8.498.72248728319398595146365363062799556637,GE,SIGNA Architect,3.0,9,556,0.56914239,False,True,1024.0,tr,False,tr|GE
1.2.826.0.1.3680043.8.498.72252601583562621620422058467969183753,SIEMENS,MAGNETOM Vida,3.0,5,166,0.04461324,False,False,384.0,hr/bs/sr,False,hr/bs/sr|SIEMENS
1.2.826.0.1.3680043.8.498.72255181548595299889516400134053439401,GE,SIGNA Artist,1.5,5,191,0.224681372,False,False,512.0,es,False,es|GE
1.2.826.0.1.3680043.8.498.72270915206075693056344475438055463113,GE,SIGNA Explorer,1.5,6,235,0.123574416,False,True,512.0,tr,False,tr|GE
1.2.826.0.1.3680043.8.498.72276631472244076773626607623783737687,SIEMENS,Skyra,3.0,5,158,0.038354734,False,False,320.0,es,False,es|SIEMENS
1.2.826.0.1.3680043.8.498.72313325634455670216423864504103231505,SIEMENS,MAGNETOM Vida,3.0,4,135,0.0616325,False,False,480.0,en,False,en|SIEMENS
1.2.826.0.1.3680043.8.498.72342425990274562150756501476989691572,PHILIPS,Ingenia,1.5,5,155,0.089129858,False,False,528.0,hr/bs/sr,False,hr/bs/sr|PHILIPS
1.2.826.0.1.3680043.8.498.72368645606329000923061796699431437924,PHILIPS,Multiva,1.5,5,106,0.067965924,False,False,560.0,es,False,es|PHILIPS
1.2.826.0.1.3680043.8.498.72375103774239787721371778221019402834,SIEMENS,Aera,1.5,9,253,0.145761182,False,False,640.0,en,False,en|SIEMENS
1.2.826.0.1.3680043.8.498.72395496925770440630088720587484704971,GE,SIGNA Explorer,1.5,5,110,0.040540202,False,False,512.0,tr,False,tr|GE
1.2.826.0.1.3680043.8.498.72453426317225885428514595399496580896,GE,SIGNA Explorer,1.5,6,162,0.085184126,False,True,512.0,tr,False,tr|GE
1.2.826.0.1.3680043.8.498.72494404099796908482534991590660770670,GE,SIGNA Explorer,1.5,5,111,0.058369478,False,False,512.0,tr,False,tr|GE
1.2.826.0.1.3680043.8.498.72495590491484814220060275823761767516,GE,SIGNA Artist,1.5,5,139,0.0730818,False,False,512.0,en,False,en|GE
1.2.826.0.1.3680043.8.498.72495677804641720406765749568114476096,SIEMENS,Aera,1.5,5,176,0.028338944,False,False,256.0,tr,False,tr|SIEMENS
1.2.826.0.1.3680043.8.498.72547312490317214326791189007411860203,PHILIPS,Ingenia,3.0,6,118,0.088541756,False,False,536.0,es,False,es|PHILIPS
1.2.826.0.1.3680043.8.498.72576069358772864331810785663326683534,SIEMENS,Aera,1.5,9,383,0.20420854,False,True,640.0,en,False,en|SIEMENS
1.2.826.0.1.3680043.8.498.72587440202779699193620339987034971895,GE,SIGNA Artist,1.5,5,222,0.261427972,False,False,512.0,es,False,es|GE
1.2.826.0.1.3680043.8.498.72653666963736486779382314125782779004,SIEMENS,MAGNETOM Vida,3.0,8,257,0.071775166,False,False,384.0,hr/bs/sr,False,hr/bs/sr|SIEMENS
1.2.826.0.1.3680043.8.498.72680485820462987585370556994612687540,SIEMENS,Aera,1.5,5,144,0.02549818,False,False,320.0,tr,False,tr|SIEMENS
1.2.826.0.1.3680043.8.498.72697172162233919540021967137047646179,SIEMENS,MAGNETOM Prisma,3.0,5,128,0.040409216,False,False,384.0,greek,False,greek|SIEMENS
1.2.826.0.1.3680043.8.498.72740499664060575780267947543695605585,SIEMENS,MAGNETOM Sola,1.5,5,154,0.117298702,False,False,640.0,nl,False,nl|SIEMENS
1.2.826.0.1.3680043.8.498.72771360268592017354044657882090174639,SIEMENS,MAGNETOM Vida,3.0,6,191,0.05329599,False,False,384.0,hr/bs/sr,False,hr/bs/sr|SIEMENS
1.2.826.0.1.3680043.8.498.72781608662300877077691853670862414309,GE,SIGNA Architect,3.0,7,342,0.393733548,False,True,1024.0,tr,False,tr|GE
1.2.826.0.1.3680043.8.498.72786773761211751423503785260617678955,PHILIPS,Ingenia,3.0,7,203,0.161324418,False,False,640.0,cyrillic,False,cyrillic|PHILIPS
1.2.826.0.1.3680043.8.498.72800659596099468282135738543971261904,SIEMENS,MAGNETOM Avanto fit,1.5,5,260,0.392963226,False,True,800.0,de,False,de|SIEMENS
1.2.826.0.1.3680043.8.498.72814437733065652700292896915085936230,SIEMENS,MAGNETOM Lumina,3.0,5,174,0.060483748,False,False,416.0,es,False,es|SIEMENS
1.2.826.0.1.3680043.8.498.72853333220043794904856138561095171921,GE,SIGNA Voyager,1.5,5,172,0.047963342,False,False,256.0,en,True,en|GE
1.2.826.0.1.3680043.8.498.72880034930990967339546757487847803284,GE,Optima MR450w,1.5,5,172,0.03380852,False,False,256.0,en,False,en|GE
1.2.826.0.1.3680043.8.498.72896348955280307080916504120667484813,FUJI/HITACHI,OASIS_Velocity,1.16,8,216,0.07951535,False,False,448.0,en,False,en|FUJI/HITACHI
1.2.826.0.1.3680043.8.498.72896586188735703676995894830815493004,PHILIPS,Ingenia,3.0,4,130,0.068355456,False,False,512.0,en,False,en|PHILIPS
1.2.826.0.1.3680043.8.498.72931900540220826595003388066347326492,SIEMENS,Aera,1.5,6,187,0.043978108,False,False,320.0,hr/bs/sr,False,hr/bs/sr|SIEMENS
1.2.826.0.1.3680043.8.498.72937134140407212536042212109839895294,SIEMENS,SonataVision,1.5,6,131,0.047859492,False,False,384.0,greek,False,greek|SIEMENS
1.2.826.0.1.3680043.8.498.72943191222961132416678221885831944435,GE,Signa HDxt,1.5,6,136,0.071500666,False,False,512.0,en,False,en|GE
1.2.826.0.1.3680043.8.498.72977302282583186913749000016284027331,SIEMENS,MAGNETOM Prisma,3.0,4,140,0.135542798,False,False,588.0,greek,False,greek|SIEMENS
1.2.826.0.1.3680043.8.498.73021428171736137311489171988512484948,SIEMENS,MAGNETOM Vida,3.0,4,130,0.059193738,False,False,480.0,en,False,en|SIEMENS
1.2.826.0.1.3680043.8.498.73033521237848260228708170280586043408,SIEMENS,Espree,1.5,5,133,0.023737624,False,False,320.0,en,False,en|SIEMENS
1.2.826.0.1.3680043.8.498.73037642285055457162691486258363101398,GE,SIGNA EXCITE,1.5,7,196,0.103026154,False,False,512.0,en,False,en|GE
1.2.826.0.1.3680043.8.498.73070182506490199787361298167985971577,PHILIPS,Ingenia,3.0,10,300,0.238904382,False,False,640.0,cyrillic,False,cyrillic|PHILIPS
1.2.826.0.1.3680043.8.498.73077380963620788952030569132380549826,PHILIPS,Achieva dStream,3.0,9,275,0.220261042,False,False,640.0,en,False,en|PHILIPS
1.2.826.0.1.3680043.8.498.73083786204651635096412213233334934941,PHILIPS,Ingenia,3.0,6,194,0.157095544,False,False,656.0,cyrillic,False,cyrillic|PHILIPS
1.2.826.0.1.3680043.8.498.73101997284755549124715401557235981642,GE,SIGNA Artist,1.5,7,268,0.140924146,False,False,512.0,en,False,en|GE
1.2.826.0.1.3680043.8.498.73170541731840260065335942048010387599,SIEMENS,MAGNETOM Vida,3.0,6,191,0.053296146,False,False,384.0,hr/bs/sr,False,hr/bs/sr|SIEMENS
1.2.826.0.1.3680043.8.498.73194579460722181989151410198309642266,SIEMENS,MAGNETOM Avanto fit,1.5,5,297,0.454085432,False,True,800.0,de,False,de|SIEMENS
1.2.826.0.1.3680043.8.498.73198335328613992289471885012751338458,SIEMENS,SonataVision,1.5,5,107,0.045869496,False,False,384.0,greek,False,greek|SIEMENS
1.2.826.0.1.3680043.8.498.73205916973275504240156555900460720571,GE,SIGNA Artist,1.5,5,158,0.083081376,False,False,512.0,en,False,en|GE
1.2.826.0.1.3680043.8.498.73215265387578908341609746559916587894,PHILIPS,Ingenia,1.5,5,113,0.189350308,False,False,960.0,es,False,es|PHILIPS
1.2.826.0.1.3680043.8.498.73231153161312542696053060380619432126,GE,Optima MR450w,,5,102,0.05358518,True,False,512.0,en,False,en|GE
1.2.826.0.1.3680043.8.498.73241519025825862373621891294281253158,PHILIPS,Ingenia,3.0,5,109,0.084378892,False,False,512.0,es,False,es|PHILIPS
1.2.826.0.1.3680043.8.498.73242978867957397254276973409271434573,PHILIPS,Ingenia,3.0,4,122,0.060461994,False,False,512.0,en,False,en|PHILIPS
1.2.826.0.1.3680043.8.498.73254365064404586162477089636000427751,SIEMENS,Aera,1.5,6,187,0.043978374,False,False,320.0,hr/bs/sr,False,hr/bs/sr|SIEMENS
1.2.826.0.1.3680043.8.498.73257122462858353041066181004123253930,GE,SIGNA Explorer,1.5,5,117,0.061524498,False,False,512.0,tr,False,tr|GE
1.2.826.0.1.3680043.8.498.73275019425494043461771574462523171618,SIEMENS,SonataVision,1.5,5,98,0.043754892,False,False,384.0,greek,False,greek|SIEMENS
1.2.826.0.1.3680043.8.498.73314900301724532218347713512381622074,GE,Optima MR430s 1.5T,1.5,5,144,0.075686886,False,False,512.0,en,False,en|GE
1.2.826.0.1.3680043.8.498.73325959289998105909842627876607163467,SIEMENS,MAGNETOM Avanto fit,1.5,5,271,0.414873938,False,True,800.0,de,False,de|SIEMENS
1.2.826.0.1.3680043.8.498.73356831368999268488355650751758108912,CANON/TOSHIBA,Vantage,,5,147,0.09340057,True,False,512.0,en,False,en|CANON/TOSHIBA
1.2.826.0.1.3680043.8.498.73394992092536626285935384324191560182,SIEMENS,SonataVision,1.5,5,94,0.04135822,False,False,384.0,greek,False,greek|SIEMENS
1.2.826.0.1.3680043.8.498.73448420644251136304786298254801920284,SIEMENS,Espree,1.5,5,136,0.0197835,False,False,256.0,en,False,en|SIEMENS
1.2.826.0.1.3680043.8.498.73477249559479870799427355988138990349,SIEMENS,MAGNETOM Vida,3.0,5,170,0.156348824,False,False,640.0,nl,False,nl|SIEMENS
1.2.826.0.1.3680043.8.498.73478948866451045346677275674140339803,PHILIPS,Ingenia,3.0,4,125,0.06572581,False,False,512.0,en,False,en|PHILIPS
1.2.826.0.1.3680043.8.498.73480422982315825699847838826691577320,PHILIPS,Ingenia,3.0,4,139,0.073078876,False,False,512.0,en,False,en|PHILIPS
1.2.826.0.1.3680043.8.498.73511703934549662392765328175356230615,SIEMENS,MAGNETOM Vida,3.0,5,166,0.153066598,False,False,640.0,nl,False,nl|SIEMENS
1.2.826.0.1.3680043.8.498.73522298807198784022883320957252530465,GE,SIGNA Artist,1.5,6,279,0.381051344,False,False,768.0,es,False,es|GE
1.2.826.0.1.3680043.8.498.73527530686853911124431549317032662220,GE,Optima MR450w,,5,111,0.058313208,True,False,512.0,en,True,en|GE
1.2.826.0.1.3680043.8.498.73539750992809874106013052513162732951,SIEMENS,MAGNETOM Aera,1.5,4,144,0.039614728,False,False,384.0,en,False,en|SIEMENS
1.2.826.0.1.3680043.8.498.73545582819102316606081606511277579853,SIEMENS,MAGNETOM Skyra,3.0,4,219,0.030348082,False,True,352.0,en,False,en|SIEMENS
1.2.826.0.1.3680043.8.498.73567807253694728043552196136704821457,CANON/TOSHIBA,Vantage,,5,128,0.083418394,True,False,512.0,en,False,en|CANON/TOSHIBA
1.2.826.0.1.3680043.8.498.73602922823389605007702521335136347605,SIEMENS,MAGNETOM Sempra,1.5,5,166,0.137017092,False,False,608.0,es,False,es|SIEMENS
1.2.826.0.1.3680043.8.498.73616237718955147476241731466078978343,SIEMENS,MAGNETOM Prisma,3.0,4,126,0.077237576,False,False,416.0,greek,False,greek|SIEMENS
1.2.826.0.1.3680043.8.498.73682608760611536443754406204042210115,SIEMENS,MAGNETOM Vida,3.0,6,191,0.053303264,False,False,384.0,hr/bs/sr,False,hr/bs/sr|SIEMENS
1.2.826.0.1.3680043.8.498.73716752081143767997507440278231972668,SIEMENS,MAGNETOM Vida,3.0,5,166,0.044613074,False,False,384.0,hr/bs/sr,False,hr/bs/sr|SIEMENS
1.2.826.0.1.3680043.8.498.73748007182569068263280098473557128226,SIEMENS,MAGNETOM Prisma,3.0,6,184,0.14951878,False,False,400.0,greek,False,greek|SIEMENS
1.2.826.0.1.3680043.8.498.73792361507751648386401969571717557389,GE,SIGNA Artist,1.5,5,173,0.09096647,False,False,512.0,en,False,en|GE
1.2.826.0.1.3680043.8.498.73825252186234755453650759159564715478,SIEMENS,Aera,1.5,5,144,0.025498324,False,False,320.0,tr,False,tr|SIEMENS
1.2.826.0.1.3680043.8.498.73869775636181013203432845292462040922,SIEMENS,SonataVision,1.5,5,97,0.042931544,False,False,384.0,greek,False,greek|SIEMENS
1.2.826.0.1.3680043.8.498.73891117356545433634964184054304516063,SIEMENS,MAGNETOM Sempra,1.5,5,158,0.03902637,False,False,320.0,es,False,es|SIEMENS
1.2.826.0.1.3680043.8.498.73926443729786165628848843707532839995,SIEMENS,MAGNETOM Avanto fit,1.5,5,276,0.400834316,False,True,640.0,de,True,de|SIEMENS
1.2.826.0.1.3680043.8.498.73983081622010008601849687650985260980,GE,SIGNA Explorer,1.5,5,130,0.05892438,False,False,512.0,tr,False,tr|GE
1.2.826.0.1.3680043.8.498.73988798714023285209290281409329527637,PHILIPS,Achieva dStream,3.0,9,309,0.252393472,False,False,640.0,en,False,en|PHILIPS
1.2.826.0.1.3680043.8.498.74052473719853343027548507306186291134,SIEMENS,MAGNETOM Skyra,3.0,4,231,0.033454216,False,True,352.0,en,False,en|SIEMENS
1.2.826.0.1.3680043.8.498.74078340346189210015785395961373387782,GE,Optima MR450w,1.5,6,200,0.164152212,False,False,640.0,en,False,en|GE
1.2.826.0.1.3680043.8.498.74095402538454760179339842746572802563,SIEMENS,Aera,1.5,5,143,0.029494592,False,False,320.0,tr,False,tr|SIEMENS
1.2.826.0.1.3680043.8.498.74127742661271965093205833471645893520,CANON/TOSHIBA,Galan 3T,3.0,7,232,0.251444332,False,False,640.0,tr,False,tr|CANON/TOSHIBA
1.2.826.0.1.3680043.8.498.74140806279409854828032496578072554031,SIEMENS,MAGNETOM Sola,1.5,5,146,0.110733126,False,False,640.0,nl,False,nl|SIEMENS
1.2.826.0.1.3680043.8.498.74160604730133050784449689952695940558,GE,Optima MR450w,,5,105,0.055161086,True,False,512.0,en,False,en|GE
1.2.826.0.1.3680043.8.498.74177736542522869266952610634091628727,SIEMENS,MAGNETOM Prisma,3.0,4,146,0.137641984,False,False,640.0,greek,False,greek|SIEMENS
1.2.826.0.1.3680043.8.498.74206939384612669977629625310277500302,GE,Optima MR450w,1.5,5,160,0.131306788,False,False,640.0,en,False,en|GE
1.2.826.0.1.3680043.8.498.74214829456846525506232367308573550186,SIEMENS,MAGNETOM Aera,1.5,4,148,0.040710446,False,False,384.0,fr,False,fr|SIEMENS
1.2.826.0.1.3680043.8.498.74215611637606164186239511504256137871,SIEMENS,Aera,1.5,9,251,0.159846604,False,False,640.0,en,False,en|SIEMENS
1.2.826.0.1.3680043.8.498.74222284584657051737421776919599206132,SIEMENS,SonataVision,1.5,4,76,0.031961706,False,False,384.0,greek,False,greek|SIEMENS
1.2.826.0.1.3680043.8.498.74222294235046321147381553078000820604,GE,SIGNA Architect,3.0,6,327,0.415750086,False,True,1024.0,tr,False,tr|GE
1.2.826.0.1.3680043.8.498.74243110959141459268838217468465880820,GE,SIGNA Explorer,1.5,5,127,0.05773994,False,False,512.0,tr,False,tr|GE
1.2.826.0.1.3680043.8.498.74243564762473331581882860440560337725,SIEMENS,MAGNETOM Aera,1.5,4,158,0.043584034,False,False,384.0,fr,False,fr|SIEMENS
1.2.826.0.1.3680043.8.498.74247325306307303036016759070403973520,PHILIPS,Ingenia,1.5,5,94,0.054176856,False,False,560.0,es,False,es|PHILIPS
1.2.826.0.1.3680043.8.498.74274855596893595390880617896069524465,SIEMENS,Aera,1.5,8,223,0.102681658,False,False,512.0,en,False,en|SIEMENS
1.2.826.0.1.3680043.8.498.74282280145383357786409764912398881272,SIEMENS,Aera,1.5,5,144,0.025498828,False,False,320.0,tr,False,tr|SIEMENS
1.2.826.0.1.3680043.8.498.74332475620045145049628676751586693385,SIEMENS,MAGNETOM Vida,3.0,4,156,0.071282798,False,False,480.0,en,False,en|SIEMENS
1.2.826.0.1.3680043.8.498.74362364640190722036251935797260325860,PHILIPS,MR 5300,1.5,5,97,0.07132997,False,False,560.0,es,False,es|PHILIPS
1.2.826.0.1.3680043.8.498.74388661917632804671669952747214084502,SIEMENS,MAGNETOM Sempra,1.5,5,172,0.042503672,False,False,320.0,es,False,es|SIEMENS
1.2.826.0.1.3680043.8.498.74394784271003789564066563841806954326,SIEMENS,Skyra,3.0,5,180,0.047658078,False,False,320.0,es,False,es|SIEMENS
1.2.826.0.1.3680043.8.498.74423888576992387013857540016155410962,PHILIPS,Intera,1.5,5,175,0.151225306,False,False,704.0,en,False,en|PHILIPS
1.2.826.0.1.3680043.8.498.74461421748415064477531528884191890661,PHILIPS,Achieva dStream,1.5,4,409,0.331895704,False,True,600.0,en,False,en|PHILIPS
1.2.826.0.1.3680043.8.498.74471396469132211069109289423495141062,PHILIPS,Ingenia,3.0,5,116,0.127262006,False,False,640.0,es,False,es|PHILIPS
1.2.826.0.1.3680043.8.498.74471724874857406578316075456414902954,PHILIPS,Ingenia,3.0,5,166,0.13298499,False,False,672.0,cyrillic,False,cyrillic|PHILIPS
1.2.826.0.1.3680043.8.498.74622031396885197580453304563088863451,SIEMENS,MAGNETOM Avanto fit,1.5,5,287,0.438112482,False,True,800.0,de,False,de|SIEMENS
1.2.826.0.1.3680043.8.498.74622912009754642425258484521795653023,CANON/TOSHIBA,Vantage,,5,133,0.085891932,True,False,512.0,en,False,en|CANON/TOSHIBA
1.2.826.0.1.3680043.8.498.74688733778107958348746767768064374883,SIEMENS,Aera,1.5,8,371,0.147178388,False,True,512.0,en,False,en|SIEMENS
1.2.826.0.1.3680043.8.498.74714018385278253151175853998945654373,PHILIPS,Ingenia,3.0,5,150,0.120113722,False,False,640.0,cyrillic,False,cyrillic|PHILIPS
1.2.826.0.1.3680043.8.498.74725806565437665548056410415178280121,PHILIPS,Achieva dStream,1.5,6,192,0.086440242,False,False,480.0,tr,False,tr|PHILIPS
1.2.826.0.1.3680043.8.498.74749071555443582954158991248361308204,SIEMENS,Aera,1.5,6,187,0.043978352,False,False,320.0,hr/bs/sr,False,hr/bs/sr|SIEMENS
1.2.826.0.1.3680043.8.498.74855168460956358728708865599401983005,SIEMENS,MAGNETOM Aera,1.5,4,140,0.038700208,False,False,384.0,fr,False,fr|SIEMENS
1.2.826.0.1.3680043.8.498.74864145321761783409935288797327597738,PHILIPS,Ingenia,3.0,6,179,0.14890596,False,False,672.0,cyrillic,False,cyrillic|PHILIPS
1.2.826.0.1.3680043.8.498.74872419726042767543822107291861307866,PHILIPS,Achieva dStream,3.0,9,299,0.243495952,False,False,640.0,en,False,en|PHILIPS
1.2.826.0.1.3680043.8.498.74914646210033032631540802996162814268,SIEMENS,Skyra,3.0,5,178,0.047034832,False,False,320.0,es,False,es|SIEMENS
1.2.826.0.1.3680043.8.498.74939269621045823332837094516056211606,GE,SIGNA Explorer,1.5,5,110,0.057842278,False,False,512.0,tr,False,tr|GE
1.2.826.0.1.3680043.8.498.74940598515597814600837126537274199312,PHILIPS,Ingenia,3.0,6,179,0.129440242,False,False,640.0,cyrillic,False,cyrillic|PHILIPS
1.2.826.0.1.3680043.8.498.74952769952682175467667812958859010329,SIEMENS,MAGNETOM Aera,1.5,4,138,0.038022134,False,False,384.0,en,False,en|SIEMENS
1.2.826.0.1.3680043.8.498.75067227246352035607675978826177487284,CANON/TOSHIBA,Vantage,,5,131,0.088000784,True,False,576.0,en,False,en|CANON/TOSHIBA
1.2.826.0.1.3680043.8.498.75126165133796914746114117844697263697,GE,SIGNA Explorer,1.5,6,203,0.29075758,False,True,1024.0,tr,False,tr|GE
1.2.826.0.1.3680043.8.498.75168480371573015758963049782687952716,SIEMENS,Aera,1.5,5,127,0.022507528,False,False,320.0,tr,False,tr|SIEMENS
1.2.826.0.1.3680043.8.498.75186274888329123179129240384960518861,SIEMENS,MAGNETOM Skyra,3.0,4,222,0.031237504,False,True,352.0,en,False,en|SIEMENS
1.2.826.0.1.3680043.8.498.75187434248356774277526985329346125190,PHILIPS,Ingenia,3.0,6,165,0.12561086,False,False,640.0,cyrillic,True,cyrillic|PHILIPS
1.2.826.0.1.3680043.8.498.75268429892526831752484062674699274309,SIEMENS,SonataVision,1.5,5,97,0.043230032,False,False,384.0,greek,False,greek|SIEMENS
1.2.826.0.1.3680043.8.498.75276563505367629340309025030148269450,SIEMENS,MAGNETOM Vida,3.0,5,166,0.153066014,False,False,640.0,nl,False,nl|SIEMENS
1.2.826.0.1.3680043.8.498.75282577107802752393765861202996650638,PHILIPS,MR 5300,1.5,5,101,0.059078804,False,False,512.0,es,False,es|PHILIPS
1.2.826.0.1.3680043.8.498.75378323910171368568360074903297446681,SIEMENS,SonataVision,1.5,5,108,0.04122289,False,False,384.0,greek,False,greek|SIEMENS
1.2.826.0.1.3680043.8.498.75384600248630012126841890313149674691,PHILIPS,Achieva dStream,3.0,9,273,0.222246568,False,False,640.0,en,False,en|PHILIPS
1.2.826.0.1.3680043.8.498.75418637314688036152637525301534342254,PHILIPS,Ingenia,3.0,4,130,0.068355412,False,False,512.0,en,False,en|PHILIPS
1.2.826.0.1.3680043.8.498.75419034794059601820999512200601915669,PHILIPS,Ingenia,1.5,5,155,0.08913048,False,False,528.0,hr/bs/sr,False,hr/bs/sr|PHILIPS
1.2.826.0.1.3680043.8.498.75420186662442688955616630735303321846,SIEMENS,MAGNETOM Prisma,3.0,4,134,0.113449168,False,False,588.0,greek,False,greek|SIEMENS
1.2.826.0.1.3680043.8.498.75427432788337288702609576920198810880,PHILIPS,Achieva dStream,1.5,5,104,0.052509442,False,False,512.0,es,False,es|PHILIPS
1.2.826.0.1.3680043.8.498.75518253718111135068488417046278011303,SIEMENS,Aera,1.5,9,383,0.1266156,False,True,512.0,en,False,en|SIEMENS
1.2.826.0.1.3680043.8.498.75522002047190283617659083787085821064,GE,SIGNA Architect,3.0,9,544,0.562859296,False,True,1024.0,tr,False,tr|GE
1.2.826.0.1.3680043.8.498.75523541256169382504121567002441615798,GE,Optima MR450w,1.5,5,138,0.113251732,False,False,640.0,en,False,en|GE
1.2.826.0.1.3680043.8.498.75547515925579172661099437338637082554,SIEMENS,MAGNETOM Avanto fit,1.5,6,306,0.443821198,False,True,720.0,de,False,de|SIEMENS
1.2.826.0.1.3680043.8.498.75548650589349966221875964542604002971,SIEMENS,MAGNETOM Avanto fit,1.5,7,464,0.704560722,False,True,640.0,de,False,de|SIEMENS
1.2.826.0.1.3680043.8.498.75577846246542841539613557336025271434,PHILIPS,Ingenia,3.0,4,118,0.058353462,False,False,512.0,en,False,en|PHILIPS
1.2.826.0.1.3680043.8.498.75605038901688937188489854019478082759,PHILIPS,Ingenia Ambition X,1.5,9,298,0.182740642,False,False,528.0,en,False,en|PHILIPS
1.2.826.0.1.3680043.8.498.75627574440860942023321071382766359827,SIEMENS,Aera,1.5,8,223,0.106814882,False,False,512.0,en,False,en|SIEMENS
1.2.826.0.1.3680043.8.498.75639423607035582240174986752280730347,GE,SIGNA EXCITE,1.5,7,186,0.097772622,False,False,512.0,en,False,en|GE
1.2.826.0.1.3680043.8.498.75670996863043899245632198549551296292,FUJI/HITACHI,OASIS,1.16,5,140,0.040148156,False,False,320.0,en,False,en|FUJI/HITACHI
1.2.826.0.1.3680043.8.498.75688484058613633923943882730405145535,PHILIPS,Ingenia,1.5,6,113,0.080709346,False,False,544.0,es,False,es|PHILIPS
1.2.826.0.1.3680043.8.498.75739561647115166735277767560308263446,SIEMENS,MAGNETOM Skyra,3.0,4,219,0.030348494,False,True,352.0,en,False,en|SIEMENS
1.2.826.0.1.3680043.8.498.75742195884147990442829552992649204078,SIEMENS,Skyra,3.0,5,172,0.04178244,False,False,320.0,es,False,es|SIEMENS
1.2.826.0.1.3680043.8.498.75746520601616488682662195284941583868,GE,SIGNA Architect,3.0,9,556,0.575465362,False,True,1024.0,tr,False,tr|GE
1.2.826.0.1.3680043.8.498.75751784078102748563815298069799859542,SIEMENS,MAGNETOM Avanto fit,1.5,5,284,0.432728504,False,True,800.0,de,False,de|SIEMENS
1.2.826.0.1.3680043.8.498.75760698509105388883811155432691667447,GE,SIGNA Explorer,1.5,5,133,0.069938822,False,False,512.0,tr,False,tr|GE
1.2.826.0.1.3680043.8.498.75773447415943537938555952303103557864,GE,Optima MR430s 1.5T,1.5,5,146,0.076737732,False,False,512.0,en,False,en|GE
1.2.826.0.1.3680043.8.498.75800418125597325281807386716279941068,SIEMENS,MAGNETOM Vida,3.0,6,191,0.053294682,False,False,384.0,hr/bs/sr,False,hr/bs/sr|SIEMENS
1.2.826.0.1.3680043.8.498.75893915698353338311947268382839152877,CANON/TOSHIBA,Titan,1.5,5,133,0.070423988,False,False,512.0,en,False,en|CANON/TOSHIBA
1.2.826.0.1.3680043.8.498.75924957745868212343758911856809118662,SIEMENS,MAGNETOM Avanto fit,1.5,5,293,0.447181222,False,True,800.0,de,False,de|SIEMENS
1.2.826.0.1.3680043.8.498.75926011938952404257302292495731660728,PHILIPS,Ingenia,3.0,4,133,0.06562381,False,False,512.0,en,False,en|PHILIPS
1.2.826.0.1.3680043.8.498.75976388060969166980873144500539735332,PHILIPS,Ingenia,3.0,5,165,0.086758882,False,False,512.0,en,False,en|PHILIPS
1.2.826.0.1.3680043.8.498.75980374267002793040832157122311396174,GE,SIGNA Artist,1.5,5,195,0.229930288,False,False,512.0,es,False,es|GE
1.2.826.0.1.3680043.8.498.76012896432318288623173593280895772876,GE,SIGNA Artist,1.5,5,199,0.235176208,False,False,512.0,es,False,es|GE
1.2.826.0.1.3680043.8.498.76027799502777251766328820405966979386,PHILIPS,Ingenia,3.0,7,200,0.155907986,False,False,640.0,cyrillic,False,cyrillic|PHILIPS
1.2.826.0.1.3680043.8.498.76065434429437758192282562351089010088,SIEMENS,MAGNETOM Skyra,3.0,4,221,0.030941924,False,True,352.0,en,False,en|SIEMENS
1.2.826.0.1.3680043.8.498.76093766204928582819565636658977147523,PHILIPS,Ingenia,3.0,6,115,0.084506584,False,False,536.0,es,False,es|PHILIPS
1.2.826.0.1.3680043.8.498.76107330932071966465869847071480517541,SIEMENS,SonataVision,1.5,5,100,0.0443487,False,False,384.0,greek,False,greek|SIEMENS
1.2.826.0.1.3680043.8.498.76122127303562588545128053661609574837,CANON/TOSHIBA,Galan 3T,3.0,7,210,0.23255689,False,False,768.0,en,False,en|CANON/TOSHIBA
1.2.826.0.1.3680043.8.498.76125027090596913549224250979076533606,SIEMENS,MAGNETOM Vida,3.0,5,166,0.153065678,False,False,640.0,nl,False,nl|SIEMENS
1.2.826.0.1.3680043.8.498.76167153566894354739332364376483514559,PHILIPS,Ingenia,3.0,4,130,0.06835547,False,False,512.0,en,False,en|PHILIPS
1.2.826.0.1.3680043.8.498.76190704217737835083438638928129775625,PHILIPS,Achieva dStream,1.5,4,408,0.311834566,False,True,536.0,en,False,en|PHILIPS
1.2.826.0.1.3680043.8.498.76222770668660274805993655800271653712,PHILIPS,Achieva dStream,1.5,6,127,0.06721444,False,False,480.0,es,False,es|PHILIPS
1.2.826.0.1.3680043.8.498.76242245340157474968574926079920787199,PHILIPS,Ingenia,3.0,4,118,0.058361412,False,False,512.0,en,False,en|PHILIPS
1.2.826.0.1.3680043.8.498.76281930374588438789344170829280438697,GE,Optima MR450w,1.5,5,158,0.12968053,False,False,640.0,en,False,en|GE
1.2.826.0.1.3680043.8.498.76344826994380951498651448092980303697,SIEMENS,MAGNETOM Vida,3.0,8,260,0.118389236,False,False,480.0,en,False,en|SIEMENS
1.2.826.0.1.3680043.8.498.76350662767360412185091180512006419379,SIEMENS,SonataVision,1.5,6,121,0.050572282,False,False,384.0,greek,False,greek|SIEMENS
1.2.826.0.1.3680043.8.498.76514087677277144682713362609812138150,GE,Optima MR450w,,5,130,0.068297748,True,False,512.0,en,False,en|GE
1.2.826.0.1.3680043.8.498.76514504104121634569792846980451896030,GE,SIGNA Explorer,1.5,5,146,0.066158458,False,False,512.0,tr,False,tr|GE
1.2.826.0.1.3680043.8.498.76525107909962775502207829870873494024,SIEMENS,MAGNETOM Vida,3.0,4,130,0.05919323,False,False,480.0,en,False,en|SIEMENS
1.2.826.0.1.3680043.8.498.76538737802277241976971950690663079376,SIEMENS,Aera,1.5,4,83,0.017119568,False,False,320.0,tr,False,tr|SIEMENS
1.2.826.0.1.3680043.8.498.76543241221133987658552440969465372120,GE,SIGNA Artist,1.5,4,139,0.123417362,False,False,512.0,en,False,en|GE
1.2.826.0.1.3680043.8.498.76545468257774231281618306952011717992,CANON/TOSHIBA,Vantage,,5,110,0.07261406,True,False,512.0,en,False,en|CANON/TOSHIBA
1.2.826.0.1.3680043.8.498.76620177268652814425535081607587091903,GE,SIGNA Architect,3.0,7,429,0.411144714,False,True,1024.0,tr,False,tr|GE
1.2.826.0.1.3680043.8.498.76651080491383110752977286124044311636,PHILIPS,Ingenia,3.0,5,154,0.12207464,False,False,640.0,cyrillic,False,cyrillic|PHILIPS
1.2.826.0.1.3680043.8.498.76662146598924492573212477881527658730,SIEMENS,MAGNETOM Lumina,3.0,5,172,0.059788306,False,False,416.0,es,False,es|SIEMENS
1.2.826.0.1.3680043.8.498.76680092665218514711300086707222109323,SIEMENS,MAGNETOM Vida,3.0,5,166,0.153065714,False,False,640.0,nl,False,nl|SIEMENS
1.2.826.0.1.3680043.8.498.76742750470853901575934097885382242952,SIEMENS,MAGNETOM Aera,1.5,4,135,0.037305962,False,False,384.0,fr,False,fr|SIEMENS
1.2.826.0.1.3680043.8.498.76757251008849492985513280752011229119,SIEMENS,MAGNETOM Skyra,3.0,4,231,0.033634992,False,True,352.0,en,False,en|SIEMENS
1.2.826.0.1.3680043.8.498.76772148369531098768751348676329945789,SIEMENS,Aera,1.5,9,383,0.134321298,False,True,384.0,en,False,en|SIEMENS
1.2.826.0.1.3680043.8.498.76841077743272729415666709641073096909,SIEMENS,MAGNETOM Avanto fit,1.5,6,326,0.507747826,False,True,848.0,de,False,de|SIEMENS
1.2.826.0.1.3680043.8.498.76862911430418639277808760660745763387,SIEMENS,MAGNETOM Vida,3.0,5,166,0.153065702,False,False,640.0,nl,False,nl|SIEMENS
1.2.826.0.1.3680043.8.498.76903562636417038907113894538863784737,GE,Optima MR450w,1.5,5,177,0.145274668,False,False,640.0,en,False,en|GE
1.2.826.0.1.3680043.8.498.76909970028125318280995002129970165723,SIEMENS,Espree,1.5,5,166,0.136227502,False,False,640.0,en,False,en|SIEMENS
1.2.826.0.1.3680043.8.498.76914908131203373740345988718674850939,GE,SIGNA Artist,1.5,5,181,0.213131454,False,False,512.0,es,False,es|GE
1.2.826.0.1.3680043.8.498.76950154099427419631807259601983648254,SIEMENS,Aera,1.5,6,192,0.044510766,False,False,320.0,hr/bs/sr,False,hr/bs/sr|SIEMENS
1.2.826.0.1.3680043.8.498.76993922254007307143291254174266755701,PHILIPS,Ingenia,3.0,5,158,0.126197766,False,False,640.0,cyrillic,False,cyrillic|PHILIPS
1.2.826.0.1.3680043.8.498.77018355356797290743788712046815540223,SIEMENS,Aera,1.5,5,162,0.033906142,False,False,320.0,hr/bs/sr,False,hr/bs/sr|SIEMENS
1.2.826.0.1.3680043.8.498.77037121474756969001683126693104350509,SIEMENS,Aera,1.5,9,253,0.207623214,False,False,640.0,en,False,en|SIEMENS
1.2.826.0.1.3680043.8.498.77058587552329832558354544874120592826,GE,SIGNA Architect,3.0,9,548,0.558644878,False,True,1024.0,tr,False,tr|GE
1.2.826.0.1.3680043.8.498.77060858802024387619459645469871885412,PHILIPS,Achieva dStream,1.5,5,108,0.068462358,False,False,528.0,es,False,es|PHILIPS
1.2.826.0.1.3680043.8.498.77061877382110597010150770981465581536,SIEMENS,Aera,1.5,6,206,0.044824952,False,False,320.0,hr/bs/sr,False,hr/bs/sr|SIEMENS
1.2.826.0.1.3680043.8.498.77150650601457686196626648868552167695,SIEMENS,MAGNETOM Prisma,3.0,4,136,0.113437534,False,False,596.0,greek,False,greek|SIEMENS
1.2.826.0.1.3680043.8.498.77155817997584903787597001328868124855,PHILIPS,Ingenia,3.0,9,268,0.185522756,False,False,480.0,en,False,en|PHILIPS
1.2.826.0.1.3680043.8.498.77164129615096222757740198026718214733,PHILIPS,Ingenia,1.5,6,115,0.069029596,False,False,536.0,es,False,es|PHILIPS
1.2.826.0.1.3680043.8.498.77183368292104509335580564463404842046,SIEMENS,MAGNETOM Aera,1.5,4,142,0.039112242,False,False,384.0,fr,False,fr|SIEMENS
1.2.826.0.1.3680043.8.498.77215476384973989055525592556183934827,GE,SIGNA EXCITE,1.5,7,168,0.088310512,False,False,512.0,en,False,en|GE
1.2.826.0.1.3680043.8.498.77244685031928454051409193776790348219,PHILIPS,Achieva dStream,1.5,5,576,0.454690424,False,True,560.0,en,False,en|PHILIPS
1.2.826.0.1.3680043.8.498.77261014467268552758826551926128217025,SIEMENS,SonataVision,1.5,5,97,0.042935232,False,False,384.0,greek,False,greek|SIEMENS
1.2.826.0.1.3680043.8.498.77274115607096351160296319533007121044,CANON/TOSHIBA,Galan 3T,3.0,7,210,0.24656191,False,False,768.0,en,False,en|CANON/TOSHIBA
1.2.826.0.1.3680043.8.498.77283213969268676660453937180363826917,GE,SIGNA EXCITE,1.5,7,182,0.095668826,False,False,512.0,tr,False,tr|GE
1.2.826.0.1.3680043.8.498.77283634197289382453511269950488893300,GE,SIGNA Artist,1.5,5,199,0.235176936,False,False,512.0,es,False,es|GE
1.2.826.0.1.3680043.8.498.77290477043075828139630734968573461136,GE,Optima MR430s 1.5T,1.5,5,146,0.076737796,False,False,512.0,en,False,en|GE
1.2.826.0.1.3680043.8.498.77299727102400166279263320763707637485,GE,SIGNA Artist,1.5,5,193,0.227302798,False,False,512.0,es,False,es|GE
1.2.826.0.1.3680043.8.498.77306755058630855443644908572157134062,GE,SIGNA Explorer,1.5,5,117,0.052873742,False,False,512.0,tr,False,tr|GE
1.2.826.0.1.3680043.8.498.77319661699409997424800377883567027839,SIEMENS,MAGNETOM Aera,1.5,4,150,0.041213742,False,False,384.0,fr,False,fr|SIEMENS
1.2.826.0.1.3680043.8.498.77362718298550276679350855963451855003,GE,SIGNA EXCITE,1.5,7,180,0.094617132,False,False,512.0,en,True,en|GE
1.2.826.0.1.3680043.8.498.77370119801633353780677378448761665685,PHILIPS,Achieva dStream,3.0,9,273,0.224765726,False,False,640.0,en,False,en|PHILIPS
1.2.826.0.1.3680043.8.498.77378803863827312829317008636359414012,SIEMENS,Aera,1.5,5,180,0.031818142,False,False,320.0,tr,False,tr|SIEMENS
1.2.826.0.1.3680043.8.498.77391801789875882109036004511558148658,GE,SIGNA Artist,1.5,5,128,0.067298554,False,False,512.0,en,False,en|GE
1.2.826.0.1.3680043.8.498.77416382267531567401698555072875486512,GE,SIGNA Explorer,1.5,5,132,0.050145592,False,False,512.0,tr,False,tr|GE
1.2.826.0.1.3680043.8.498.77421709644087006134426085284321515809,SIEMENS,MAGNETOM Vida,3.0,5,166,0.153065548,False,False,640.0,nl,False,nl|SIEMENS
1.2.826.0.1.3680043.8.498.77433065090757862487482575794398458402,PHILIPS,Achieva dStream,3.0,8,275,0.228846408,False,False,640.0,en,False,en|PHILIPS
1.2.826.0.1.3680043.8.498.77442647074650043391818472068835112806,SIEMENS,Aera,1.5,5,127,0.016829316,False,False,256.0,tr,False,tr|SIEMENS
1.2.826.0.1.3680043.8.498.77498121906981512168120474112422492971,GE,SIGNA Artist,1.5,5,219,0.261419966,False,False,512.0,es,False,es|GE
1.2.826.0.1.3680043.8.498.77508762938574470575737016745357126587,PHILIPS,Ingenia,3.0,5,150,0.120113596,False,False,640.0,cyrillic,False,cyrillic|PHILIPS
1.2.826.0.1.3680043.8.498.77513348456432770689938407624768928320,GE,SIGNA Explorer,1.5,5,120,0.055630158,False,False,512.0,tr,False,tr|GE
1.2.826.0.1.3680043.8.498.77524507552350448792970399203131998592,SIEMENS,SonataVision,1.5,5,96,0.042110644,False,False,384.0,greek,False,greek|SIEMENS
1.2.826.0.1.3680043.8.498.77541648519018799027301684184453151471,PHILIPS,Ingenia,3.0,4,109,0.070638834,False,False,512.0,en,False,en|PHILIPS
1.2.826.0.1.3680043.8.498.77546769004367585830455474984769277713,PHILIPS,Achieva,1.5,6,150,0.086460016,False,False,544.0,es,False,es|PHILIPS
1.2.826.0.1.3680043.8.498.77577135626047243581253857225991426727,SIEMENS,MAGNETOM Vida,3.0,6,191,0.053296144,False,False,384.0,hr/bs/sr,False,hr/bs/sr|SIEMENS
1.2.826.0.1.3680043.8.498.77584925163022886785284486387921312146,SIEMENS,MAGNETOM Avanto fit,1.5,6,296,0.41962135,False,True,800.0,de,False,de|SIEMENS
1.2.826.0.1.3680043.8.498.77593859518024366170735307975173961777,GE,SIGNA Artist,1.5,5,219,0.261420896,False,False,512.0,es,False,es|GE
1.2.826.0.1.3680043.8.498.77611073647079414772859496272387571059,SIEMENS,MAGNETOM Sola,1.5,4,118,0.089903476,False,False,640.0,nl,False,nl|SIEMENS
1.2.826.0.1.3680043.8.498.77626578713099735143745396709359607445,SIEMENS,Aera,1.5,5,143,0.02949486,False,False,320.0,tr,False,tr|SIEMENS
1.2.826.0.1.3680043.8.498.77628479664122209492622263818114972176,SIEMENS,MAGNETOM Vida,3.0,5,166,0.15306579,False,False,640.0,nl,False,nl|SIEMENS
1.2.826.0.1.3680043.8.498.77716260980321491689913730053309892120,SIEMENS,Aera,1.5,5,154,0.027191688,False,False,320.0,tr,False,tr|SIEMENS
1.2.826.0.1.3680043.8.498.77735690782343511872544703464260892488,SIEMENS,MAGNETOM Vida,3.0,5,166,0.04461337,False,False,384.0,hr/bs/sr,False,hr/bs/sr|SIEMENS
1.2.826.0.1.3680043.8.498.77740672313593763051900703940745812581,PHILIPS,Ingenia Ambition X,1.5,9,274,0.174734404,False,False,528.0,en,False,en|PHILIPS
1.2.826.0.1.3680043.8.498.77753753872601674668756777373761660873,PHILIPS,Ingenia Ambition X,1.5,10,322,0.224340416,False,False,560.0,en,False,en|PHILIPS
1.2.826.0.1.3680043.8.498.77760453966349959552328150395676117417,SIEMENS,MAGNETOM Vida,3.0,6,191,0.053302806,False,False,384.0,hr/bs/sr,False,hr/bs/sr|SIEMENS
1.2.826.0.1.3680043.8.498.77800740811302686332282410929816056283,GE,SIGNA Explorer,1.5,5,128,0.067306844,False,False,512.0,tr,False,tr|GE
1.2.826.0.1.3680043.8.498.77801860555102174958520570751272642387,SIEMENS,MAGNETOM Vida,3.0,6,191,0.053296328,False,False,384.0,hr/bs/sr,False,hr/bs/sr|SIEMENS
1.2.826.0.1.3680043.8.498.77823946901144772346251781172043480398,SIEMENS,Aera,1.5,8,223,0.136868566,False,False,640.0,en,False,en|SIEMENS
1.2.826.0.1.3680043.8.498.77843765997593346714211135369376676497,PHILIPS,Achieva dStream,3.0,7,206,0.166671124,False,False,640.0,en,False,en|PHILIPS
1.2.826.0.1.3680043.8.498.77889800516853576877948593628420228178,SIEMENS,MAGNETOM Avanto fit,1.5,5,298,0.48705891,False,True,896.0,de,False,de|SIEMENS
1.2.826.0.1.3680043.8.498.77893704208186903913532950495036889026,PHILIPS,Multiva,1.5,6,122,0.065815342,False,False,536.0,es,False,es|PHILIPS
1.2.826.0.1.3680043.8.498.77911973519830915742655727368286737079,PHILIPS,Ingenia,1.5,6,110,0.066090288,False,False,560.0,es,False,es|PHILIPS
1.2.826.0.1.3680043.8.498.77933128806366660573360274958258917742,GE,SIGNA EXCITE,1.5,7,168,0.088308612,False,False,512.0,tr,False,tr|GE
1.2.826.0.1.3680043.8.498.78003548255041391467292087330671945247,CANON/TOSHIBA,Vantage,,6,120,0.077193978,True,False,512.0,en,False,en|CANON/TOSHIBA
1.2.826.0.1.3680043.8.498.78012314847102407375138809615977711653,SIEMENS,Aera,1.5,10,413,0.16696558,False,True,512.0,en,False,en|SIEMENS
1.2.826.0.1.3680043.8.498.78072765790191594685273447833272737429,PHILIPS,Ingenia,3.0,4,110,0.071164322,False,False,512.0,en,False,en|PHILIPS
1.2.826.0.1.3680043.8.498.78079900750417018394321006978343945239,SIEMENS,MAGNETOM Avanto fit,1.5,6,349,0.548013908,False,True,832.0,de,False,de|SIEMENS
1.2.826.0.1.3680043.8.498.78083057157844664959843364584162587026,GE,SIGNA EXCITE,,5,83,0.043603722,True,False,512.0,en,False,en|GE
1.2.826.0.1.3680043.8.498.78084594560404633421210837175859618437,PHILIPS,Ingenia,1.5,5,156,0.081962016,False,False,512.0,hr/bs/sr,False,hr/bs/sr|PHILIPS
1.2.826.0.1.3680043.8.498.78119223228067919465880137763593966456,PHILIPS,Ingenia,1.5,6,171,0.09035191,False,False,520.0,hr/bs/sr,False,hr/bs/sr|PHILIPS
1.2.826.0.1.3680043.8.498.78188863861812651079751164964756388411,PHILIPS,Ingenia,3.0,5,150,0.120113472,False,False,640.0,cyrillic,False,cyrillic|PHILIPS
1.2.826.0.1.3680043.8.498.78198993378521219839327914679211902952,PHILIPS,Ingenia Ambition X,1.5,8,254,0.168303676,False,False,544.0,en,False,en|PHILIPS
1.2.826.0.1.3680043.8.498.78236036694398253902871510456985685293,PHILIPS,Achieva dStream,1.5,6,121,0.065022168,False,False,480.0,es,False,es|PHILIPS
1.2.826.0.1.3680043.8.498.78238394512811614973689011297363399053,SIEMENS,MAGNETOM Avanto fit,1.5,5,289,0.443777638,False,True,800.0,de,False,de|SIEMENS
1.2.826.0.1.3680043.8.498.78282552802075313852355443512555224586,SIEMENS,Espree,1.5,5,167,0.137048252,False,False,640.0,en,False,en|SIEMENS
1.2.826.0.1.3680043.8.498.78286395605671977872377352305890466464,GE,SIGNA EXCITE,1.5,7,184,0.096720934,False,False,512.0,en,False,en|GE
1.2.826.0.1.3680043.8.498.78296478954955171036523274995555716268,SIEMENS,MAGNETOM Lumina,3.0,5,178,0.061987042,False,False,416.0,es,False,es|SIEMENS
1.2.826.0.1.3680043.8.498.78420763928408680447797586163977368190,SIEMENS,MAGNETOM Vida,3.0,5,166,0.153065636,False,False,640.0,nl,False,nl|SIEMENS
1.2.826.0.1.3680043.8.498.78465765647012043478539489340002371960,CANON/TOSHIBA,Vantage,,5,130,0.084468918,True,False,512.0,en,False,en|CANON/TOSHIBA
1.2.826.0.1.3680043.8.498.78475145549489837635803968565380247517,SIEMENS,SonataVision,1.5,5,102,0.044941278,False,False,384.0,greek,False,greek|SIEMENS
1.2.826.0.1.3680043.8.498.78476873086705419136436170130940915568,PHILIPS,Multiva,1.5,5,112,0.060543054,False,False,528.0,es,False,es|PHILIPS
1.2.826.0.1.3680043.8.498.78512215519177850923279235346968676828,SIEMENS,MAGNETOM Vida,3.0,6,191,0.053296322,False,False,384.0,hr/bs/sr,True,hr/bs/sr|SIEMENS
1.2.826.0.1.3680043.8.498.78521396404736679127326025240279747196,PHILIPS,Achieva dStream,1.5,6,115,0.052344886,False,False,496.0,es,False,es|PHILIPS
1.2.826.0.1.3680043.8.498.78574437345603052437892513165832297960,SIEMENS,MAGNETOM Vida,3.0,5,166,0.153065788,False,False,640.0,nl,False,nl|SIEMENS
1.2.826.0.1.3680043.8.498.78646473961447523033955716877524794707,PHILIPS,Ingenia,3.0,5,152,0.0799229,False,False,512.0,en,False,en|PHILIPS
1.2.826.0.1.3680043.8.498.78657055734742806687703707756153505756,GE,SIGNA Explorer,1.5,5,130,0.048700798,False,False,512.0,tr,False,tr|GE
1.2.826.0.1.3680043.8.498.78667999747216717251638754803697959701,PHILIPS,Ingenia,3.0,6,163,0.125464886,False,False,640.0,cyrillic,False,cyrillic|PHILIPS
1.2.826.0.1.3680043.8.498.78674598286586525734293563394409166190,CANON/TOSHIBA,Titan,1.5,5,125,0.067236884,False,False,512.0,en,False,en|CANON/TOSHIBA
1.2.826.0.1.3680043.8.498.78685661415919658264222803849222055515,GE,SIGNA Artist,1.5,5,200,0.23570463,False,False,512.0,es,False,es|GE
1.2.826.0.1.3680043.8.498.78757011872917563830995996191850541453,GE,SIGNA Explorer,1.5,5,129,0.059184978,False,False,512.0,tr,False,tr|GE
1.2.826.0.1.3680043.8.498.78765525474890094481249498938657540052,SIEMENS,MAGNETOM Vida,3.0,5,166,0.15306609,False,False,640.0,nl,False,nl|SIEMENS
1.2.826.0.1.3680043.8.498.78800983923143929298359366572020370031,SIEMENS,MAGNETOM Prisma,3.0,4,136,0.116662968,False,False,588.0,greek,False,greek|SIEMENS
1.2.826.0.1.3680043.8.498.78808320605816811006382053060951793555,PHILIPS,MR 5300,1.5,5,100,0.06323753,False,False,528.0,es,False,es|PHILIPS
1.2.826.0.1.3680043.8.498.78812661021494224637586904573732040856,PHILIPS,Ingenia,1.5,5,102,0.09337819,False,False,512.0,es,False,es|PHILIPS
1.2.826.0.1.3680043.8.498.78853931928960361455025737444267199231,SIEMENS,MAGNETOM Avanto fit,1.5,5,256,0.384560574,False,True,800.0,de,False,de|SIEMENS
1.2.826.0.1.3680043.8.498.78968420394708302953391711477016139949,PHILIPS,MR 5300,1.5,5,91,0.05507123,False,False,528.0,es,False,es|PHILIPS
1.2.826.0.1.3680043.8.498.78972123731732056524948076388825106061,PHILIPS,Ingenia,3.0,4,120,0.063096586,False,False,512.0,en,False,en|PHILIPS
1.2.826.0.1.3680043.8.498.79021499290691125513421477204330532755,SIEMENS,MAGNETOM Vida,3.0,6,191,0.053302574,False,False,384.0,hr/bs/sr,False,hr/bs/sr|SIEMENS
1.2.826.0.1.3680043.8.498.79038153803632889185429988483097161887,PHILIPS,Ingenia,1.5,5,112,0.077160802,False,False,560.0,es,False,es|PHILIPS
1.2.826.0.1.3680043.8.498.79077219037094025366585138112899760966,SIEMENS,Skyra,3.0,5,166,0.120696642,False,False,640.0,es,False,es|SIEMENS
1.2.826.0.1.3680043.8.498.79080521163097116147379189510104170611,PHILIPS,Ingenia,3.0,6,166,0.12775517,False,False,640.0,cyrillic,False,cyrillic|PHILIPS
1.2.826.0.1.3680043.8.498.79087227780630716132147615846840128474,PHILIPS,Ingenia,3.0,5,108,0.1046035,False,False,672.0,es,False,es|PHILIPS
1.2.826.0.1.3680043.8.498.79117047831806895544174734229992359986,SIEMENS,SonataVision,1.5,5,97,0.042932766,False,False,384.0,greek,False,greek|SIEMENS
1.2.826.0.1.3680043.8.498.79122189963582241618519333445055548347,PHILIPS,Ingenia,3.0,6,195,0.148795718,False,False,640.0,cyrillic,False,cyrillic|PHILIPS
1.2.826.0.1.3680043.8.498.79165531588966776246377098630025444815,PHILIPS,Ingenia Ambition X,1.5,9,346,0.191196278,False,True,528.0,en,False,en|PHILIPS
1.2.826.0.1.3680043.8.498.79224785668205420138951103045759609475,SIEMENS,SonataVision,1.5,5,97,0.042933486,False,False,384.0,greek,False,greek|SIEMENS
1.2.826.0.1.3680043.8.498.79225094031423353857449795712402404317,SIEMENS,MAGNETOM Vida,3.0,6,191,0.053303534,False,False,384.0,hr/bs/sr,False,hr/bs/sr|SIEMENS
1.2.826.0.1.3680043.8.498.79245771997885598399203314109623928718,SIEMENS,MAGNETOM Avanto fit,1.5,9,463,0.663309208,False,True,800.0,de,False,de|SIEMENS
1.2.826.0.1.3680043.8.498.79247871688929479411597859576284194165,PHILIPS,Ingenia,1.5,6,106,0.076816364,False,False,576.0,es,False,es|PHILIPS
1.2.826.0.1.3680043.8.498.79258497507223824227830886693749460348,PHILIPS,Ingenia,3.0,6,202,0.167642704,False,False,672.0,cyrillic,False,cyrillic|PHILIPS
1.2.826.0.1.3680043.8.498.79267465462008228906382361587050826784,SIEMENS,MAGNETOM Aera,1.5,4,145,0.03982624,False,False,384.0,fr,False,fr|SIEMENS
1.2.826.0.1.3680043.8.498.79274948549030940175536603063980168192,GE,SIGNA Explorer,1.5,6,204,0.107268062,False,True,512.0,tr,False,tr|GE
1.2.826.0.1.3680043.8.498.79290157182784080975822485697879660942,PHILIPS,Achieva dStream,3.0,11,434,0.315865026,False,True,640.0,en,False,en|PHILIPS
1.2.826.0.1.3680043.8.498.79292862882980756453890778996691993351,SIEMENS,MAGNETOM Sola,1.5,5,146,0.110732924,False,False,640.0,nl,False,nl|SIEMENS
1.2.826.0.1.3680043.8.498.79326627674334637493320764205397279674,PHILIPS,Ingenia,3.0,4,114,0.062721996,False,False,512.0,en,False,en|PHILIPS
1.2.826.0.1.3680043.8.498.79341955397030543255969676347554165142,PHILIPS,Achieva dStream,1.5,5,110,0.052336698,False,False,512.0,es,False,es|PHILIPS
1.2.826.0.1.3680043.8.498.79505118958475739396320647697583979079,PHILIPS,Multiva,1.5,5,104,0.062100768,False,False,560.0,es,False,es|PHILIPS
1.2.826.0.1.3680043.8.498.79524312100988116256514335064057385347,GE,SIGNA Explorer,1.5,5,96,0.201471152,False,False,1024.0,tr,False,tr|GE
1.2.826.0.1.3680043.8.498.79551456190098389081551755482042135791,PHILIPS,Ingenia,1.5,7,131,0.074175586,False,False,512.0,es,False,es|PHILIPS
1.2.826.0.1.3680043.8.498.79560170727391465844958390474997798803,SIEMENS,Aera,1.5,6,187,0.043978326,False,False,320.0,hr/bs/sr,False,hr/bs/sr|SIEMENS
1.2.826.0.1.3680043.8.498.79565393323323007178523850093527250842,SIEMENS,MAGNETOM Prisma,3.0,4,124,0.103972026,False,False,588.0,greek,False,greek|SIEMENS
1.2.826.0.1.3680043.8.498.79582457162604674356422857305405255763,PHILIPS,Ingenia,3.0,4,118,0.05836141,False,False,512.0,en,False,en|PHILIPS
1.2.826.0.1.3680043.8.498.79609204436595306110253502961172135807,SIEMENS,MAGNETOM Sempra,1.5,5,155,0.036364974,False,False,304.0,es,False,es|SIEMENS
1.2.826.0.1.3680043.8.498.79636443202100988025435536780567446582,GE,SIGNA Artist,1.5,5,201,0.239373832,False,False,512.0,es,False,es|GE
1.2.826.0.1.3680043.8.498.79648517065511897282938523065537768426,SIEMENS,MAGNETOM Vida,3.0,7,224,0.063081432,False,False,384.0,hr/bs/sr,False,hr/bs/sr|SIEMENS
1.2.826.0.1.3680043.8.498.79672421957132993896448375311641998688,CANON/TOSHIBA,Titan,1.5,7,194,0.10907347,False,False,512.0,en,False,en|CANON/TOSHIBA
1.2.826.0.1.3680043.8.498.79725520325008084984331823107016254775,PHILIPS,Achieva dStream,1.5,5,113,0.096274592,False,False,640.0,es,False,es|PHILIPS
1.2.826.0.1.3680043.8.498.79741629769872115526056483024289600492,SIEMENS,MAGNETOM Aera,1.5,4,152,0.041895906,False,False,384.0,fr,False,fr|SIEMENS
1.2.826.0.1.3680043.8.498.79798779812052605703861699094268016306,GE,SIGNA Voyager,1.5,7,230,0.065876174,False,False,256.0,en,False,en|GE
1.2.826.0.1.3680043.8.498.79829033430619597320769579608450393290,SIEMENS,MAGNETOM Skyra,3.0,4,229,0.032771742,False,True,352.0,en,False,en|SIEMENS
1.2.826.0.1.3680043.8.498.79977436705480715175480363175316375576,PHILIPS,Ingenia,3.0,6,206,0.165536846,False,False,656.0,cyrillic,False,cyrillic|PHILIPS
1.2.826.0.1.3680043.8.498.79991838737793096019496013540529642900,PHILIPS,Multiva,1.5,6,128,0.082989578,False,False,560.0,unknown,False,unknown|PHILIPS
1.2.826.0.1.3680043.8.498.80058869639900582578987760750483296668,SIEMENS,MAGNETOM Vida,3.0,5,166,0.153066252,False,False,640.0,nl,False,nl|SIEMENS
1.2.826.0.1.3680043.8.498.80100785345864355815698147663964005920,GE,SIGNA Explorer,1.5,5,119,0.054712906,False,False,512.0,tr,False,tr|GE
1.2.826.0.1.3680043.8.498.80146250663015309456767479960653638934,PHILIPS,Ingenia,1.5,5,155,0.08912987,False,False,528.0,hr/bs/sr,False,hr/bs/sr|PHILIPS
1.2.826.0.1.3680043.8.498.80161127293548940216292842707683784128,GE,SIGNA EXCITE,1.5,7,177,0.093039968,False,False,512.0,en,False,en|GE
1.2.826.0.1.3680043.8.498.80180578697901833764761405542790185180,SIEMENS,MAGNETOM Aera,1.5,4,137,0.037898896,False,False,384.0,fr,False,fr|SIEMENS
1.2.826.0.1.3680043.8.498.80192355832283305029770183988436644845,GE,SIGNA Explorer,1.5,6,211,0.101511936,False,True,512.0,tr,False,tr|GE
1.2.826.0.1.3680043.8.498.80207056225476761432712249807198836187,PHILIPS,Ingenia,1.5,6,170,0.097519768,False,False,528.0,hr/bs/sr,False,hr/bs/sr|PHILIPS
1.2.826.0.1.3680043.8.498.80247974926646352443043954025450139721,GE,SIGNA EXCITE,1.5,7,174,0.091464846,False,False,512.0,en,False,en|GE
1.2.826.0.1.3680043.8.498.80275294885165896124489476449616436102,GE,SIGNA Artist,1.5,4,132,0.116589522,False,False,512.0,en,False,en|GE
1.2.826.0.1.3680043.8.498.80284846390295834578273590480193235798,SIEMENS,MAGNETOM Vida,3.0,4,126,0.05734288,False,False,480.0,en,False,en|SIEMENS
1.2.826.0.1.3680043.8.498.80290749690597272632725356393056746299,PHILIPS,Ingenia,3.0,4,138,0.06886784,False,False,512.0,en,False,en|PHILIPS
1.2.826.0.1.3680043.8.498.80292580287849976694993628109721422478,PHILIPS,Multiva,1.5,5,103,0.061471616,False,False,560.0,es,False,es|PHILIPS
1.2.826.0.1.3680043.8.498.80312559977515578735238310472949287111,PHILIPS,Achieva dStream,1.5,7,265,0.124472824,False,True,512.0,tr,False,tr|PHILIPS
1.2.826.0.1.3680043.8.498.80313580693550912024103221258669390487,SIEMENS,MAGNETOM Vida,3.0,5,160,0.073818616,False,False,496.0,en,False,en|SIEMENS
1.2.826.0.1.3680043.8.498.80319546205646617603546887163539306146,CANON/TOSHIBA,Titan,1.5,5,125,0.066756996,False,False,512.0,en,False,en|CANON/TOSHIBA
1.2.826.0.1.3680043.8.498.80325205657974094483016625702390834774,GE,SIGNA Artist,1.5,5,195,0.231503022,False,False,512.0,es,False,es|GE
1.2.826.0.1.3680043.8.498.80391378873630377472192017862302619947,SIEMENS,MAGNETOM Vida,3.0,7,241,0.063511848,False,False,384.0,hr/bs/sr,False,hr/bs/sr|SIEMENS
1.2.826.0.1.3680043.8.498.80433141990021472112645841723991584182,PHILIPS,Ingenia,1.5,5,156,0.081962026,False,False,512.0,hr/bs/sr,False,hr/bs/sr|PHILIPS
1.2.826.0.1.3680043.8.498.80458507774711142534182397228254444268,GE,SIGNA EXCITE,1.5,7,188,0.098822706,False,False,512.0,en,False,en|GE
1.2.826.0.1.3680043.8.498.80492324225032367918842505447056622561,GE,Optima MR450w,1.5,5,164,0.031961862,False,False,256.0,en,False,en|GE
1.2.826.0.1.3680043.8.498.80514754572353458107286859773300865138,PHILIPS,Achieva dStream,1.5,5,581,0.457422412,False,True,560.0,en,False,en|PHILIPS
1.2.826.0.1.3680043.8.498.80556515221794602430701573588498144286,PHILIPS,Achieva dStream,1.5,5,582,0.45784538,False,True,560.0,en,False,en|PHILIPS
1.2.826.0.1.3680043.8.498.80557835452734362083552169469427388003,SIEMENS,MAGNETOM Sempra,1.5,5,158,0.039206624,False,False,320.0,es,False,es|SIEMENS
1.2.826.0.1.3680043.8.498.80589796918823112368758999678369292754,SIEMENS,SonataVision,1.5,5,102,0.044941224,False,False,384.0,greek,False,greek|SIEMENS
1.2.826.0.1.3680043.8.498.80612964209397056653334784776523875647,SIEMENS,MAGNETOM Vida,3.0,6,191,0.053296554,False,False,384.0,hr/bs/sr,False,hr/bs/sr|SIEMENS
1.2.826.0.1.3680043.8.498.80627605463642274852766102874822833365,SIEMENS,Aera,1.5,5,144,0.025497904,False,False,320.0,tr,False,tr|SIEMENS
1.2.826.0.1.3680043.8.498.80629565747112614845746475820152813307,GE,SIGNA Explorer,1.5,5,118,0.043567624,False,False,512.0,tr,False,tr|GE
1.2.826.0.1.3680043.8.498.80642348849062865125509773837278900750,PHILIPS,MR 5300,1.5,6,116,0.069574912,False,False,496.0,es,False,es|PHILIPS
1.2.826.0.1.3680043.8.498.80643480554795312280333659144941545925,SIEMENS,MAGNETOM Sempra,1.5,5,175,0.041232398,False,False,304.0,es,False,es|SIEMENS
1.2.826.0.1.3680043.8.498.80651977424179089141346174053751183506,GE,SIGNA Explorer,1.5,7,204,0.31802281,False,True,1024.0,tr,False,tr|GE
1.2.826.0.1.3680043.8.498.80661392139668653552110941896475066204,GE,SIGNA Artist,1.5,6,205,0.107795696,False,False,512.0,en,False,en|GE
1.2.826.0.1.3680043.8.498.80671597537348112977780954910198682272,SIEMENS,MAGNETOM Vida,3.0,4,144,0.065676748,False,False,480.0,en,False,en|SIEMENS
1.2.826.0.1.3680043.8.498.80698510014594772882040509716764819716,SIEMENS,MAGNETOM Avanto fit,1.5,5,292,0.445438848,False,True,800.0,de,False,de|SIEMENS
1.2.826.0.1.3680043.8.498.80726797831040227285328789648680519664,SIEMENS,MAGNETOM Aera,1.5,4,148,0.04071133,False,False,384.0,fr,False,fr|SIEMENS
1.2.826.0.1.3680043.8.498.80735285867775404153100236162962472952,SIEMENS,MAGNETOM Vida,3.0,6,191,0.053296356,False,False,384.0,hr/bs/sr,False,hr/bs/sr|SIEMENS
1.2.826.0.1.3680043.8.498.80741358365199721720335324482078866565,GE,SIGNA Architect,3.0,7,398,0.37599421,False,True,1024.0,tr,False,tr|GE
1.2.826.0.1.3680043.8.498.80758336123908522542787716219939751704,SIEMENS,SonataVision,1.5,5,98,0.043755974,False,False,384.0,greek,False,greek|SIEMENS
1.2.826.0.1.3680043.8.498.80851365368114686105558347899990395309,GE,SIGNA Artist,1.5,5,205,0.243052232,False,False,512.0,es,False,es|GE
1.2.826.0.1.3680043.8.498.80861108320341696163987804408524915999,SIEMENS,Aera,1.5,5,144,0.025497982,False,False,320.0,tr,False,tr|SIEMENS
1.2.826.0.1.3680043.8.498.80876235930771882271600826613593202364,PHILIPS,Ingenia,3.0,6,175,0.133010626,False,False,640.0,cyrillic,False,cyrillic|PHILIPS
1.2.826.0.1.3680043.8.498.80878057166752747059190481131529937715,SIEMENS,MAGNETOM Aera,1.5,4,146,0.040207882,False,False,384.0,fr,False,fr|SIEMENS
1.2.826.0.1.3680043.8.498.80886525412417948114478368374120704834,GE,SIGNA EXCITE,1.5,7,219,0.115119318,False,False,512.0,en,False,en|GE
1.2.826.0.1.3680043.8.498.80931292574057303692838531323879513417,SIEMENS,SonataVision,1.5,6,116,0.058523758,False,False,448.0,greek,False,greek|SIEMENS
1.2.826.0.1.3680043.8.498.81012548926053584036386949658594985125,SIEMENS,MAGNETOM Avanto fit,1.5,5,304,0.468022304,False,True,800.0,de,False,de|SIEMENS
1.2.826.0.1.3680043.8.498.81018911907787774214591206085583545057,GE,Signa HDxt,1.5,5,128,0.067293066,False,False,512.0,en,False,en|GE
1.2.826.0.1.3680043.8.498.81024897463656728358703040759074583549,SIEMENS,Aera,1.5,5,143,0.027649662,False,False,320.0,tr,False,tr|SIEMENS
1.2.826.0.1.3680043.8.498.81031057654953109295788159826841315360,SIEMENS,MAGNETOM Prisma,3.0,4,146,0.142870496,False,False,588.0,greek,False,greek|SIEMENS
1.2.826.0.1.3680043.8.498.81096597169632636454986988944050298701,PHILIPS,Ingenia,3.0,5,164,0.132808958,False,False,640.0,cyrillic,False,cyrillic|PHILIPS
1.2.826.0.1.3680043.8.498.81103809943451790668501089584752866199,GE,Optima MR450w,1.5,5,154,0.02945773,False,False,256.0,en,False,en|GE
1.2.826.0.1.3680043.8.498.81109405367395078564887780335570099673,SIEMENS,MAGNETOM Avanto fit,1.5,5,291,0.442639768,False,True,896.0,de,False,de|SIEMENS
1.2.826.0.1.3680043.8.498.81142440700884513521007992957945568924,SIEMENS,MAGNETOM Vida,3.0,5,166,0.153066006,False,False,640.0,nl,False,nl|SIEMENS
1.2.826.0.1.3680043.8.498.81248820934296461385324385812581970340,CANON/TOSHIBA,Galan 3T,3.0,7,225,0.251298144,False,False,768.0,en,False,en|CANON/TOSHIBA
1.2.826.0.1.3680043.8.498.81269884425000228604280521306949721859,SIEMENS,MAGNETOM Vida,3.0,5,166,0.153065852,False,False,640.0,nl,False,nl|SIEMENS
1.2.826.0.1.3680043.8.498.81327951282145199298572980264557740321,PHILIPS,Achieva dStream,3.0,8,284,0.233758354,False,False,672.0,en,False,en|PHILIPS
1.2.826.0.1.3680043.8.498.81342416992724702402763591633702802359,SIEMENS,Aera,1.5,9,341,0.148771976,False,True,640.0,en,False,en|SIEMENS
1.2.826.0.1.3680043.8.498.81347841116019279082226143308588516787,GE,SIGNA Artist,1.5,5,197,0.23255509,False,False,512.0,es,False,es|GE
1.2.826.0.1.3680043.8.498.81351574724227319632426427855692606694,SIEMENS,MAGNETOM Vida,3.0,6,250,0.069345184,False,False,384.0,hr/bs/sr,False,hr/bs/sr|SIEMENS
1.2.826.0.1.3680043.8.498.81407504276375197122586620633759174421,SIEMENS,SonataVision,1.5,5,113,0.044986004,False,False,384.0,greek,False,greek|SIEMENS
1.2.826.0.1.3680043.8.498.81462603621780919719466264356289554669,PHILIPS,Achieva dStream,1.5,7,223,0.09803972,False,True,432.0,tr,False,tr|PHILIPS
1.2.826.0.1.3680043.8.498.81464322239381998685473520085495957135,PHILIPS,Ingenia,1.5,6,170,0.097519774,False,False,528.0,hr/bs/sr,False,hr/bs/sr|PHILIPS
1.2.826.0.1.3680043.8.498.81466575994184158172641823163654418018,SIEMENS,MAGNETOM Aera,1.5,4,151,0.041599958,False,False,384.0,fr,False,fr|SIEMENS
1.2.826.0.1.3680043.8.498.81475058647553697318837239968139077272,PHILIPS,Ingenia,3.0,5,150,0.124256364,False,False,640.0,cyrillic,False,cyrillic|PHILIPS
1.2.826.0.1.3680043.8.498.81495303185504163367736663647489556517,PHILIPS,Achieva dStream,1.5,5,587,0.476530532,False,True,640.0,en,False,en|PHILIPS
1.2.826.0.1.3680043.8.498.81540134120507822899514611863725372563,PHILIPS,Ingenia,3.0,5,150,0.120113404,False,False,640.0,cyrillic,False,cyrillic|PHILIPS
1.2.826.0.1.3680043.8.498.81567030584250750745410094870790052181,CANON/TOSHIBA,Vantage,,5,151,0.098214028,True,False,548.0,en,False,en|CANON/TOSHIBA
1.2.826.0.1.3680043.8.498.81590494282169434250974061642267472166,SIEMENS,Skyra,3.0,5,171,0.045321094,False,False,320.0,es,False,es|SIEMENS
1.2.826.0.1.3680043.8.498.81629704995225424568187579791704967233,CANON/TOSHIBA,Galan 3T,3.0,7,210,0.2325573,False,False,768.0,en,False,en|CANON/TOSHIBA
1.2.826.0.1.3680043.8.498.81631925197682464058124413934958934086,SIEMENS,Aera,1.5,5,158,0.027869552,False,False,320.0,tr,False,tr|SIEMENS
1.2.826.0.1.3680043.8.498.81651132686162360431299931833372141617,PHILIPS,Ingenia,3.0,4,105,0.057680972,False,False,512.0,en,False,en|PHILIPS
1.2.826.0.1.3680043.8.498.81651455914141365028015556083080638757,CANON/TOSHIBA,Titan,1.5,7,228,0.18711022,False,False,640.0,tr,False,tr|CANON/TOSHIBA
1.2.826.0.1.3680043.8.498.81692996137620934043276253858381812472,PHILIPS,Achieva dStream,3.0,9,273,0.222246046,False,False,640.0,en,False,en|PHILIPS
1.2.826.0.1.3680043.8.498.81698411330214788362326470979160431674,CANON/TOSHIBA,Vantage,,6,175,0.111479564,True,False,512.0,en,False,en|CANON/TOSHIBA
1.2.826.0.1.3680043.8.498.81738571920712657790861120957086010772,SIEMENS,SonataVision,1.5,5,96,0.042115048,False,False,384.0,greek,False,greek|SIEMENS
1.2.826.0.1.3680043.8.498.81740348974208459068937862799489495782,SIEMENS,MAGNETOM Sempra,1.5,5,158,0.039256176,False,False,320.0,es,False,es|SIEMENS
1.2.826.0.1.3680043.8.498.81790990482142045640192729399175106255,SIEMENS,MAGNETOM Vida,3.0,6,191,0.053303148,False,False,384.0,hr/bs/sr,False,hr/bs/sr|SIEMENS
1.2.826.0.1.3680043.8.498.81793454171031578492222004629265937656,SIEMENS,MAGNETOM Avanto fit,1.5,5,286,0.43809445,False,True,800.0,de,False,de|SIEMENS
1.2.826.0.1.3680043.8.498.81796385087779065457668769443782458844,GE,Optima MR450w,1.5,5,160,0.131321484,False,False,640.0,en,False,en|GE
1.2.826.0.1.3680043.8.498.81797437102217585216278133168092577952,SIEMENS,Skyra,3.0,5,158,0.038355328,False,False,320.0,es,False,es|SIEMENS
1.2.826.0.1.3680043.8.498.81819209302731920404237374320026807282,SIEMENS,MAGNETOM Avanto fit,1.5,5,288,0.437650712,False,True,800.0,de,False,de|SIEMENS
1.2.826.0.1.3680043.8.498.81822709772232914298414700148454511661,PHILIPS,MR 5300,1.5,5,97,0.075615908,False,False,560.0,es,False,es|PHILIPS
1.2.826.0.1.3680043.8.498.81832287065207835637503039077685315236,PHILIPS,Ingenia,3.0,5,164,0.128648106,False,False,640.0,cyrillic,False,cyrillic|PHILIPS
1.2.826.0.1.3680043.8.498.81892104897856100357169774214718573167,PHILIPS,Ingenia,1.5,5,156,0.081962012,False,False,512.0,hr/bs/sr,False,hr/bs/sr|PHILIPS
1.2.826.0.1.3680043.8.498.81927409938015158663782061022054347955,SIEMENS,MAGNETOM Vida,3.0,7,223,0.061903234,False,False,384.0,hr/bs/sr,False,hr/bs/sr|SIEMENS
1.2.826.0.1.3680043.8.498.81957447654112577010261210572986132211,SIEMENS,Aera,1.5,5,162,0.033906268,False,False,320.0,hr/bs/sr,False,hr/bs/sr|SIEMENS
1.2.826.0.1.3680043.8.498.81964000393640770822199916465038759069,SIEMENS,MAGNETOM Vida,3.0,6,191,0.053296064,False,False,384.0,hr/bs/sr,False,hr/bs/sr|SIEMENS
1.2.826.0.1.3680043.8.498.81974732979506931694079719601760393277,GE,SIGNA EXCITE,1.5,7,180,0.094613922,False,False,512.0,en,False,en|GE
1.2.826.0.1.3680043.8.498.81981151447274200345866874172324295172,SIEMENS,MAGNETOM Vida,3.0,6,191,0.053296512,False,False,384.0,hr/bs/sr,False,hr/bs/sr|SIEMENS
1.2.826.0.1.3680043.8.498.81984200870681776955493738987078746894,SIEMENS,MAGNETOM Prisma,3.0,4,125,0.100000026,False,False,588.0,greek,False,greek|SIEMENS
1.2.826.0.1.3680043.8.498.82012532783011843175172575198326783678,GE,SIGNA Explorer,1.5,5,128,0.048435464,False,False,512.0,tr,False,tr|GE
1.2.826.0.1.3680043.8.498.82053853036886620816821481139413594407,SIEMENS,MAGNETOM Vida,3.0,5,176,0.047080644,False,False,384.0,hr/bs/sr,False,hr/bs/sr|SIEMENS
1.2.826.0.1.3680043.8.498.82074883987134049971242727164506046476,SIEMENS,Skyra,3.0,5,154,0.040362968,False,False,320.0,es,False,es|SIEMENS
1.2.826.0.1.3680043.8.498.82143276307898132314496735515204481508,GE,SIGNA Explorer,1.5,5,132,0.069410436,False,False,512.0,tr,False,tr|GE
1.2.826.0.1.3680043.8.498.82144602300666174450721045102799681426,PHILIPS,Ingenia,1.5,5,101,0.066542132,False,False,560.0,es,False,es|PHILIPS
1.2.826.0.1.3680043.8.498.82157293611630605740641187215639204974,SIEMENS,SonataVision,1.5,5,95,0.042178184,False,False,384.0,greek,False,greek|SIEMENS
1.2.826.0.1.3680043.8.498.82166943552764439138333504456139890254,PHILIPS,Achieva dStream,3.0,8,257,0.21484876,False,False,640.0,en,True,en|PHILIPS
1.2.826.0.1.3680043.8.498.82169173362972793731001247413129649263,PHILIPS,Ingenia,1.5,6,174,0.091930588,False,False,520.0,hr/bs/sr,False,hr/bs/sr|PHILIPS
1.2.826.0.1.3680043.8.498.82272793832748838882752586678639564181,GE,SIGNA Artist,1.5,5,145,0.076236526,False,False,512.0,en,False,en|GE
1.2.826.0.1.3680043.8.498.82355456395534835058857499033494900716,PHILIPS,Ingenia,3.0,6,174,0.131191268,False,False,640.0,cyrillic,False,cyrillic|PHILIPS
1.2.826.0.1.3680043.8.498.82414828460683289235183375457850096746,PHILIPS,Ingenia,3.0,5,154,0.122073096,False,False,640.0,cyrillic,False,cyrillic|PHILIPS
1.2.826.0.1.3680043.8.498.82440268452598207215458064865523988222,GE,SIGNA Artist,1.5,5,195,0.229928128,False,False,512.0,es,False,es|GE
1.2.826.0.1.3680043.8.498.82447100001417065190678617013741085481,PHILIPS,Ingenia,3.0,4,118,0.05835345,False,False,512.0,en,False,en|PHILIPS
1.2.826.0.1.3680043.8.498.82481056562260046738834822905709207128,PHILIPS,Achieva dStream,1.5,4,402,0.308576406,False,True,536.0,en,False,en|PHILIPS
1.2.826.0.1.3680043.8.498.82498616123349854719801627024073383874,GE,SIGNA Explorer,1.5,6,178,0.093597466,False,True,512.0,tr,False,tr|GE
1.2.826.0.1.3680043.8.498.82523073559792523830827952754346276051,SIEMENS,SonataVision,1.5,5,102,0.03924708,False,False,384.0,greek,False,greek|SIEMENS
1.2.826.0.1.3680043.8.498.82548251499640077572026404183402934330,SIEMENS,Aera,1.5,5,130,0.029062328,False,False,320.0,tr,False,tr|SIEMENS
1.2.826.0.1.3680043.8.498.82548952153746644951736669119607083230,SIEMENS,MAGNETOM Avanto fit,1.5,5,274,0.418007132,False,True,800.0,de,False,de|SIEMENS
1.2.826.0.1.3680043.8.498.82579118531566493365068788437906656162,PHILIPS,Ingenia,3.0,11,337,0.274262744,False,False,640.0,cyrillic,False,cyrillic|PHILIPS
1.2.826.0.1.3680043.8.498.82582558624896662901163827145277490232,PHILIPS,Ingenia,3.0,4,116,0.060994156,False,False,512.0,en,False,en|PHILIPS
1.2.826.0.1.3680043.8.498.82587763533601760002619014353812074700,CANON/TOSHIBA,Vantage,,5,122,0.080265988,True,False,512.0,en,False,en|CANON/TOSHIBA
1.2.826.0.1.3680043.8.498.82591599611540849522609405219902904134,SIEMENS,SonataVision,1.5,5,97,0.042932708,False,False,384.0,greek,False,greek|SIEMENS
1.2.826.0.1.3680043.8.498.82655005222804459605894403147145992714,PHILIPS,Ingenia,3.0,4,130,0.068355518,False,False,512.0,en,False,en|PHILIPS
1.2.826.0.1.3680043.8.498.82731606763525898032678680051515732914,SIEMENS,MAGNETOM Avanto fit,1.5,5,277,0.446137272,False,True,896.0,de,False,de|SIEMENS
1.2.826.0.1.3680043.8.498.82744514729782879778828512295184306538,SIEMENS,MAGNETOM Vida,3.0,6,191,0.053302464,False,False,384.0,hr/bs/sr,False,hr/bs/sr|SIEMENS
1.2.826.0.1.3680043.8.498.82757616216788919181323176147396770758,GE,SIGNA Explorer,1.5,5,117,0.052874658,False,False,512.0,tr,False,tr|GE
1.2.826.0.1.3680043.8.498.82858981777405241601610241542173548956,GE,SIGNA EXCITE,1.5,7,180,0.09461625,False,False,512.0,en,False,en|GE
1.2.826.0.1.3680043.8.498.82902769135373284012762237744774967400,GE,SIGNA Explorer,1.5,6,181,0.269754174,False,True,1024.0,tr,False,tr|GE
1.2.826.0.1.3680043.8.498.82925474533853765570570726554869886925,SIEMENS,MAGNETOM Sola,1.5,5,146,0.110733372,False,False,640.0,nl,False,nl|SIEMENS
1.2.826.0.1.3680043.8.498.82967086493280898295669930903240677729,PHILIPS,Ingenia,1.5,5,94,0.072499258,False,False,672.0,es,False,es|PHILIPS
1.2.826.0.1.3680043.8.498.83000639623679673469640458882929412717,PHILIPS,Intera,1.5,5,173,0.14376577,False,False,672.0,en,False,en|PHILIPS
1.2.826.0.1.3680043.8.498.83028939839767027342482365275441078777,SIEMENS,MAGNETOM Vida,3.0,5,166,0.156906052,False,False,640.0,nl,False,nl|SIEMENS
1.2.826.0.1.3680043.8.498.83030371526667747898709613600825477966,PHILIPS,Ingenia,1.5,6,171,0.093443656,False,False,528.0,hr/bs/sr,False,hr/bs/sr|PHILIPS
1.2.826.0.1.3680043.8.498.83054899303871276184985881638619543362,SIEMENS,MAGNETOM Vida,3.0,6,191,0.05329636,False,False,384.0,hr/bs/sr,False,hr/bs/sr|SIEMENS
1.2.826.0.1.3680043.8.498.83055401642066749019091368358783700783,SIEMENS,Aera,1.5,6,250,0.042509988,False,True,320.0,tr,False,tr|SIEMENS
1.2.826.0.1.3680043.8.498.83061811791652434833797599835671351097,SIEMENS,SonataVision,1.5,5,98,0.043755436,False,False,384.0,greek,False,greek|SIEMENS
1.2.826.0.1.3680043.8.498.83108474538388106770920972885900596508,SIEMENS,MAGNETOM Vida,3.0,5,166,0.153065768,False,False,640.0,nl,False,nl|SIEMENS
1.2.826.0.1.3680043.8.498.83121378128521985713113311344685112825,SIEMENS,MAGNETOM Vida,3.0,7,253,0.071101528,False,False,384.0,hr/bs/sr,False,hr/bs/sr|SIEMENS
1.2.826.0.1.3680043.8.498.83152040259754415849193046299744699239,SIEMENS,MAGNETOM Prisma,3.0,4,128,0.107819616,False,False,596.0,greek,False,greek|SIEMENS
1.2.826.0.1.3680043.8.498.83220896521302064187926748035734200732,SIEMENS,SonataVision,1.5,5,98,0.043751588,False,False,384.0,greek,False,greek|SIEMENS
1.2.826.0.1.3680043.8.498.83235374118671754689663732057314083332,SIEMENS,MAGNETOM Vida,3.0,5,166,0.153065934,False,False,640.0,nl,False,nl|SIEMENS
1.2.826.0.1.3680043.8.498.83237706274929081175032033288272528919,PHILIPS,Multiva,1.5,6,128,0.06935532,False,False,520.0,es,False,es|PHILIPS
1.2.826.0.1.3680043.8.498.83253778356746892201320443660102495790,PHILIPS,Ingenia Ambition X,1.5,9,274,0.174734104,False,False,528.0,en,False,en|PHILIPS
1.2.826.0.1.3680043.8.498.83271280040777227673434567660749430744,SIEMENS,MAGNETOM Vida,3.0,6,191,0.053303336,False,False,384.0,hr/bs/sr,False,hr/bs/sr|SIEMENS
1.2.826.0.1.3680043.8.498.83376388091077619281568190257019735638,SIEMENS,MAGNETOM Avanto fit,1.5,5,244,0.363981926,False,True,800.0,de,False,de|SIEMENS
1.2.826.0.1.3680043.8.498.83384018761005700404957421316476952190,SIEMENS,MAGNETOM Skyra,3.0,4,219,0.030348436,False,True,352.0,en,False,en|SIEMENS
1.2.826.0.1.3680043.8.498.83456649088980869429062498344457162631,SIEMENS,MAGNETOM Prisma,3.0,4,136,0.112094834,False,False,588.0,greek,False,greek|SIEMENS
1.2.826.0.1.3680043.8.498.83465081013175989426506371406463660936,SIEMENS,MAGNETOM Prisma,3.0,5,148,0.046319946,False,False,384.0,greek,False,greek|SIEMENS
1.2.826.0.1.3680043.8.498.83495448827553002152296206085110883602,GE,SIGNA Explorer,1.5,5,136,0.061291436,False,False,512.0,tr,False,tr|GE
1.2.826.0.1.3680043.8.498.83509478059288902959149676250911654986,SIEMENS,MAGNETOM Vida,3.0,4,130,0.05919392,False,False,480.0,en,False,en|SIEMENS
1.2.826.0.1.3680043.8.498.83569065014916050100714967945484998462,GE,SIGNA Artist,1.5,5,197,0.23255406,False,False,512.0,es,False,es|GE
1.2.826.0.1.3680043.8.498.83602205818477323486169938182117122488,SIEMENS,MAGNETOM Aera,1.5,4,138,0.038196214,False,False,384.0,fr,False,fr|SIEMENS
1.2.826.0.1.3680043.8.498.83691358175810149975084604975065122220,PHILIPS,Achieva dStream,3.0,10,329,0.251691372,False,True,640.0,en,False,en|PHILIPS
1.2.826.0.1.3680043.8.498.83740112248863750162633901687556705057,SIEMENS,MAGNETOM Avanto fit,1.5,5,290,0.444819352,False,True,800.0,de,False,de|SIEMENS
1.2.826.0.1.3680043.8.498.83747418172021065605877274971789603771,PHILIPS,Ingenia,1.5,6,118,0.109859728,False,False,560.0,es,False,es|PHILIPS
1.2.826.0.1.3680043.8.498.83847285247209768917850605454140194088,SIEMENS,MAGNETOM Vida,3.0,5,166,0.153065716,False,False,640.0,nl,False,nl|SIEMENS
1.2.826.0.1.3680043.8.498.83956129905762530953192730040209719910,SIEMENS,MAGNETOM Vida,3.0,5,166,0.044607074,False,False,384.0,hr/bs/sr,False,hr/bs/sr|SIEMENS
1.2.826.0.1.3680043.8.498.84007436672323587547274248257117331532,GE,SIGNA EXCITE,1.5,7,180,0.094618806,False,False,512.0,en,False,en|GE
1.2.826.0.1.3680043.8.498.84047134932018909998648460546980598926,GE,SIGNA Voyager,1.5,5,153,0.04229996,False,False,256.0,en,False,en|GE
1.2.826.0.1.3680043.8.498.84059077072076289248966490696872414783,SIEMENS,Aera,1.5,8,243,0.135456574,False,False,512.0,en,False,en|SIEMENS
1.2.826.0.1.3680043.8.498.84062602050757262792437893691591415560,GE,SIGNA Artist,1.5,5,209,0.248298268,False,False,512.0,es,False,es|GE
1.2.826.0.1.3680043.8.498.84062980592611347665739105270731842220,PHILIPS,Ingenia Ambition X,1.5,9,292,0.185274574,False,False,528.0,en,False,en|PHILIPS
1.2.826.0.1.3680043.8.498.84069767112794890061709127671908414399,GE,SIGNA Explorer,1.5,5,108,0.05679047,False,False,512.0,tr,False,tr|GE
1.2.826.0.1.3680043.8.498.84123495463663584148839831457665741488,PHILIPS,Ingenia,3.0,7,197,0.158840914,False,False,640.0,cyrillic,False,cyrillic|PHILIPS
1.2.826.0.1.3680043.8.498.84230432137191939390680841389370206819,SIEMENS,Aera,1.5,8,223,0.136868506,False,False,640.0,en,False,en|SIEMENS
1.2.826.0.1.3680043.8.498.84238814030979264404768702945290704724,SIEMENS,MAGNETOM Sempra,1.5,5,154,0.037348668,False,False,320.0,es,False,es|SIEMENS
1.2.826.0.1.3680043.8.498.84292569246911697141902796190329671261,PHILIPS,Ingenia,1.5,5,151,0.08661396,False,False,528.0,hr/bs/sr,False,hr/bs/sr|PHILIPS
1.2.826.0.1.3680043.8.498.84347051904829814300575579670995018991,PHILIPS,Ingenia,3.0,4,130,0.06835597,False,False,512.0,en,False,en|PHILIPS
1.2.826.0.1.3680043.8.498.84419297518873367123595080276985526259,SIEMENS,MAGNETOM Avanto fit,1.5,6,296,0.4310725,False,True,720.0,de,False,de|SIEMENS
1.2.826.0.1.3680043.8.498.84477198486144701928775090913243250655,GE,SIGNA Architect,3.0,7,378,0.42837653,False,True,1024.0,tr,False,tr|GE
1.2.826.0.1.3680043.8.498.84483080389344581106129884869678629612,GE,SIGNA Explorer,1.5,5,117,0.061522678,False,False,512.0,tr,False,tr|GE
1.2.826.0.1.3680043.8.498.84486787871353595019134028899317143475,PHILIPS,Ingenia Ambition X,1.5,9,252,0.151162298,False,False,512.0,en,False,en|PHILIPS
1.2.826.0.1.3680043.8.498.84612593835203397696029057940345763682,SIEMENS,MAGNETOM Prisma,3.0,4,132,0.107008812,False,False,596.0,greek,False,greek|SIEMENS
1.2.826.0.1.3680043.8.498.84630493975910180537831353884518764364,SIEMENS,MAGNETOM Avanto fit,1.5,6,300,0.432754614,False,True,720.0,de,False,de|SIEMENS
1.2.826.0.1.3680043.8.498.84646554968523210021448483220679710652,SIEMENS,Aera,1.5,5,143,0.018950704,False,False,256.0,tr,False,tr|SIEMENS
1.2.826.0.1.3680043.8.498.84661341697154104963062177064495044195,GE,SIGNA Voyager,1.5,6,206,0.051291152,False,False,256.0,en,False,en|GE
1.2.826.0.1.3680043.8.498.84709539128629951937294117586370340042,SIEMENS,MAGNETOM Prisma,3.0,6,186,0.192054402,False,False,656.0,greek,False,greek|SIEMENS
1.2.826.0.1.3680043.8.498.84720476187201404764508451536959273676,PHILIPS,Ingenia,3.0,4,118,0.058357976,False,False,512.0,en,False,en|PHILIPS
1.2.826.0.1.3680043.8.498.84748479740284893375192048321707057482,CANON/TOSHIBA,Titan,1.5,7,180,0.147719312,False,False,640.0,tr,False,tr|CANON/TOSHIBA
1.2.826.0.1.3680043.8.498.84827027113422423894439539536275453132,PHILIPS,Ingenia,3.0,5,154,0.122071588,False,False,640.0,cyrillic,False,cyrillic|PHILIPS
1.2.826.0.1.3680043.8.498.84855341377363129926967387137216814518,SIEMENS,MAGNETOM Vida,3.0,6,374,0.150154118,False,True,384.0,hr/bs/sr,False,hr/bs/sr|SIEMENS
1.2.826.0.1.3680043.8.498.84857368518703570476541203284655412396,GE,SIGNA Artist,1.5,5,185,0.215232468,False,False,512.0,es,False,es|GE
1.2.826.0.1.3680043.8.498.84896756080952941537556818257863912066,PHILIPS,Ingenia Ambition X,1.5,8,245,0.16326331,False,False,544.0,en,False,en|PHILIPS
1.2.826.0.1.3680043.8.498.84982310626395569925821771375535259394,PHILIPS,Ingenia,3.0,4,126,0.066251376,False,False,512.0,en,False,en|PHILIPS
1.2.826.0.1.3680043.8.498.85004373913191467860228868467924401547,GE,SIGNA Artist,1.5,5,180,0.211030352,False,False,512.0,es,False,es|GE
1.2.826.0.1.3680043.8.498.85031127696558971105465423134104223548,PHILIPS,Ingenia Ambition X,1.5,9,266,0.168343994,False,False,528.0,en,False,en|PHILIPS
1.2.826.0.1.3680043.8.498.85036616529391787087213173897728060798,SIEMENS,SonataVision,1.5,5,96,0.042114688,False,False,384.0,greek,False,greek|SIEMENS
1.2.826.0.1.3680043.8.498.85095389649021071892478435298763928925,CANON/TOSHIBA,Vantage,,6,118,0.09956423,True,False,640.0,en,False,en|CANON/TOSHIBA
1.2.826.0.1.3680043.8.498.85108719393967663738580518985514195538,GE,SIGNA EXCITE,1.5,7,194,0.10197312,False,False,512.0,en,False,en|GE
1.2.826.0.1.3680043.8.498.85137704768728261642637391657270006448,PHILIPS,Achieva dStream,1.5,4,394,0.304163406,False,True,536.0,en,False,en|PHILIPS
1.2.826.0.1.3680043.8.498.85194002080793317087210934629814349622,GE,Optima MR450w,1.5,5,182,0.149361726,False,False,640.0,en,False,en|GE
1.2.826.0.1.3680043.8.498.85212353344613461454490252928274988058,GE,SIGNA Artist,1.5,5,144,0.075711048,False,False,512.0,en,False,en|GE
1.2.826.0.1.3680043.8.498.85294435004325211584698794441083866921,SIEMENS,MAGNETOM Lumina,3.0,5,178,0.061874238,False,False,416.0,es,False,es|SIEMENS
1.2.826.0.1.3680043.8.498.85326542895076582985200613540648336047,PHILIPS,Ingenia,1.5,5,109,0.099973248,False,False,512.0,es,False,es|PHILIPS
1.2.826.0.1.3680043.8.498.85333821516157983299252782678788406019,SIEMENS,MAGNETOM Prisma,3.0,4,130,0.109641718,False,False,588.0,greek,False,greek|SIEMENS
1.2.826.0.1.3680043.8.498.85341019006931436802294963713199308935,SIEMENS,SonataVision,1.5,5,95,0.04217454,False,False,384.0,greek,False,greek|SIEMENS
1.2.826.0.1.3680043.8.498.85347263026430684291021533170619978114,GE,SIGNA Explorer,1.5,6,187,0.276053482,False,True,1024.0,tr,False,tr|GE
1.2.826.0.1.3680043.8.498.85391052076760686301971262244561025345,GE,Optima MR450w,1.5,6,160,0.074692508,False,False,512.0,en,False,en|GE
1.2.826.0.1.3680043.8.498.85397267100597758920280635204297906286,GE,SIGNA Explorer,1.5,5,108,0.04735486,False,False,512.0,tr,False,tr|GE
1.2.826.0.1.3680043.8.498.85416107585703628549041626609272707431,SIEMENS,MAGNETOM Sempra,1.5,5,162,0.039447876,False,False,320.0,es,False,es|SIEMENS
1.2.826.0.1.3680043.8.498.85431902914673414035492907270636012892,SIEMENS,MAGNETOM Vida,3.0,6,191,0.053302862,False,False,384.0,hr/bs/sr,False,hr/bs/sr|SIEMENS
1.2.826.0.1.3680043.8.498.85454884397223412543050876117416146750,SIEMENS,Aera,1.5,5,144,0.025498816,False,False,320.0,tr,False,tr|SIEMENS
1.2.826.0.1.3680043.8.498.85464150757448712711832350617010924327,SIEMENS,Aera,1.5,5,150,0.026514168,False,False,320.0,tr,False,tr|SIEMENS
1.2.826.0.1.3680043.8.498.85475892602877115812059264719695919613,SIEMENS,MAGNETOM Vida,3.0,5,166,0.153065564,False,False,640.0,nl,False,nl|SIEMENS
1.2.826.0.1.3680043.8.498.85499036441349866810703945289793057098,GE,SIGNA Artist,1.5,4,136,0.121837534,False,False,512.0,en,False,en|GE
1.2.826.0.1.3680043.8.498.85545102350084131396266710667808696561,SIEMENS,SonataVision,1.5,5,96,0.042700596,False,False,384.0,greek,False,greek|SIEMENS
1.2.826.0.1.3680043.8.498.85566900782101872452970957532250214590,SIEMENS,SonataVision,1.5,5,98,0.04375306,False,False,384.0,greek,False,greek|SIEMENS
1.2.826.0.1.3680043.8.498.85602291032341007550376696695283794665,SIEMENS,SonataVision,1.5,5,97,0.041751558,False,False,384.0,greek,False,greek|SIEMENS
1.2.826.0.1.3680043.8.498.85624441072689653093363046226467141762,FUJI/HITACHI,OASIS_Velocity,1.16,5,150,0.060826548,False,False,512.0,en,False,en|FUJI/HITACHI
1.2.826.0.1.3680043.8.498.85646781189339988389190891868001374533,GE,Optima MR450w,1.5,5,164,0.031961844,False,False,256.0,en,False,en|GE
1.2.826.0.1.3680043.8.498.85649172620970194090967653766415467836,SIEMENS,Aera,1.5,4,113,0.0227308,False,False,320.0,tr,False,tr|SIEMENS
1.2.826.0.1.3680043.8.498.85663162480758065951465617999516770647,GE,SIGNA Architect,3.0,9,577,0.606950086,False,True,1024.0,tr,False,tr|GE
1.2.826.0.1.3680043.8.498.85687351346612079711706269264454944647,GE,SIGNA EXCITE,1.5,7,199,0.104606182,False,False,512.0,en,False,en|GE
1.2.826.0.1.3680043.8.498.85715956158218184426400151797364834203,PHILIPS,Achieva dStream,1.5,7,225,0.098788978,False,True,432.0,tr,False,tr|PHILIPS
1.2.826.0.1.3680043.8.498.85719235937472088594405415004352845221,PHILIPS,Ingenia,3.0,5,98,0.098737626,False,False,560.0,es,False,es|PHILIPS
1.2.826.0.1.3680043.8.498.85728170022176096748897349447671687164,GE,SIGNA Artist,1.5,5,184,0.217855432,False,False,512.0,es,False,es|GE
1.2.826.0.1.3680043.8.498.85735729179216019275685564112535593988,SIEMENS,MAGNETOM Vida,3.0,5,166,0.153066244,False,False,640.0,nl,False,nl|SIEMENS
1.2.826.0.1.3680043.8.498.85748882309364598407865143890978767674,SIEMENS,Skyra,3.0,5,168,0.040777728,False,False,320.0,es,False,es|SIEMENS
1.2.826.0.1.3680043.8.498.85760360279564672425828346507309104394,SIEMENS,MAGNETOM Avanto fit,1.5,5,300,0.458815938,False,True,800.0,de,False,de|SIEMENS
1.2.826.0.1.3680043.8.498.85849908712977285006159496192673293501,PHILIPS,Achieva dStream,1.5,5,122,0.053960852,False,False,480.0,es,False,es|PHILIPS
1.2.826.0.1.3680043.8.498.85870577082315172424837183881210532800,GE,SIGNA Artist,1.5,5,209,0.248299212,False,False,512.0,es,False,es|GE
1.2.826.0.1.3680043.8.498.85879572979834912642178551098379145607,SIEMENS,MAGNETOM Avanto fit,1.5,6,304,0.465154964,False,True,800.0,de,False,de|SIEMENS
1.2.826.0.1.3680043.8.498.85882078780717905717989373451578844863,PHILIPS,Ingenia,3.0,6,203,0.143920606,False,False,640.0,cyrillic,False,cyrillic|PHILIPS
1.2.826.0.1.3680043.8.498.85883562680953255833567595509408888410,SIEMENS,MAGNETOM Prisma,3.0,4,140,0.135543146,False,False,588.0,greek,False,greek|SIEMENS
1.2.826.0.1.3680043.8.498.85890890545815190189345870912381925290,PHILIPS,Ingenia,1.5,5,94,0.065105706,False,False,576.0,es,False,es|PHILIPS
1.2.826.0.1.3680043.8.498.85932495800565018166769303205378781707,SIEMENS,Skyra,3.0,5,156,0.0378528,False,False,320.0,es,False,es|SIEMENS
1.2.826.0.1.3680043.8.498.85943737587102032370951456635167782343,SIEMENS,MAGNETOM Avanto fit,1.5,6,298,0.446540544,False,True,800.0,de,False,de|SIEMENS
1.2.826.0.1.3680043.8.498.85970222049966384156120176704985355996,SIEMENS,Aera,1.5,5,144,0.025497952,False,False,320.0,tr,False,tr|SIEMENS
1.2.826.0.1.3680043.8.498.85976668143927055109184433855426232055,CANON/TOSHIBA,Galan 3T,3.0,7,210,0.27879073,False,False,920.0,en,False,en|CANON/TOSHIBA
1.2.826.0.1.3680043.8.498.85992037603186775437749979929724514304,GE,SIGNA Explorer,1.5,5,140,0.052778694,False,False,512.0,tr,False,tr|GE
1.2.826.0.1.3680043.8.498.85992651772359515416050249463715355943,PHILIPS,MR 7700,3.0,4,135,0.11924482,False,False,512.0,en,False,en|PHILIPS
1.2.826.0.1.3680043.8.498.86020966816754359840982061252012700091,GE,SIGNA EXCITE,1.5,7,168,0.08830795,False,False,512.0,en,False,en|GE
1.2.826.0.1.3680043.8.498.86029947807373604003071651721618330827,GE,SIGNA Artist,1.5,5,132,0.069401564,False,False,512.0,en,False,en|GE
1.2.826.0.1.3680043.8.498.86042942187650835661744645315369706668,SIEMENS,MAGNETOM Skyra,3.0,4,111,0.02289064,False,False,320.0,en,False,en|SIEMENS
1.2.826.0.1.3680043.8.498.86067849233330188988240710585112183308,SIEMENS,MAGNETOM Avanto fit,1.5,5,304,0.46729605,False,True,800.0,de,False,de|SIEMENS
1.2.826.0.1.3680043.8.498.86082522186055358984181640226529351801,SIEMENS,MAGNETOM Avanto fit,1.5,5,284,0.433884704,False,True,800.0,de,False,de|SIEMENS
1.2.826.0.1.3680043.8.498.86117639434986594266345773277419881144,PHILIPS,Ingenia,3.0,5,138,0.108021966,False,False,560.0,en,False,en|PHILIPS
1.2.826.0.1.3680043.8.498.86142930956005716169649168306759482915,GE,Optima MR450w,1.5,5,158,0.031166694,False,False,256.0,en,False,en|GE
1.2.826.0.1.3680043.8.498.86216155858324761845740646421500394797,CANON/TOSHIBA,Vantage,,5,158,0.100527234,True,False,512.0,en,False,en|CANON/TOSHIBA
1.2.826.0.1.3680043.8.498.86239793008693746155478763153154040128,CANON/TOSHIBA,Vantage,,5,111,0.073139764,True,False,512.0,en,False,en|CANON/TOSHIBA
1.2.826.0.1.3680043.8.498.86251314013737658351649446042801810374,GE,Optima MR450w,1.5,5,155,0.127203424,False,False,640.0,en,False,en|GE
1.2.826.0.1.3680043.8.498.86263264208309369957750915520115390972,PHILIPS,Achieva dStream,3.0,10,346,0.26274346,False,True,640.0,en,False,en|PHILIPS
1.2.826.0.1.3680043.8.498.86273853115722509980053190345047859057,FUJI/HITACHI,OASIS_Velocity,1.16,6,204,0.069552808,False,False,384.0,en,False,en|FUJI/HITACHI
1.2.826.0.1.3680043.8.498.86280033511814602594654628677479528508,SIEMENS,Espree,1.5,5,135,0.01957855,False,False,256.0,en,False,en|SIEMENS
1.2.826.0.1.3680043.8.498.86285715293767810771609523819042157072,SIEMENS,MAGNETOM Aera,1.5,4,148,0.040710388,False,False,384.0,fr,False,fr|SIEMENS
1.2.826.0.1.3680043.8.498.86315835011470465506843590014408831373,PHILIPS,Ingenia,3.0,6,233,0.168622546,False,False,640.0,cyrillic,False,cyrillic|PHILIPS
1.2.826.0.1.3680043.8.498.86332035495941070455209594003499488889,GE,SIGNA Architect,3.0,7,366,0.35443362,False,True,1024.0,tr,False,tr|GE
1.2.826.0.1.3680043.8.498.86341139705884690862568425859303870601,SIEMENS,Aera,1.5,5,143,0.029494806,False,False,320.0,tr,False,tr|SIEMENS
1.2.826.0.1.3680043.8.498.86351141114604781108401133410934252655,SIEMENS,MAGNETOM Sempra,1.5,5,171,0.068900396,False,False,400.0,es,False,es|SIEMENS
1.2.826.0.1.3680043.8.498.86405969333062807387894608315897106350,PHILIPS,Ingenia,1.5,5,96,0.066747544,False,False,576.0,es,False,es|PHILIPS
1.2.826.0.1.3680043.8.498.86409878732405036646840908998274047391,GE,SIGNA Explorer,1.5,5,108,0.056791802,False,False,512.0,tr,False,tr|GE
1.2.826.0.1.3680043.8.498.86416984885007871128151024515780322767,SIEMENS,MAGNETOM Vida,3.0,6,191,0.053303154,False,False,384.0,hr/bs/sr,False,hr/bs/sr|SIEMENS
1.2.826.0.1.3680043.8.498.86422343639522250286002195622435564347,GE,Optima MR450w,,5,128,0.067244374,True,False,512.0,en,False,en|GE
1.2.826.0.1.3680043.8.498.86435271359723045834079326733478538148,PHILIPS,Ingenia,1.5,6,113,0.114433016,False,False,480.0,es,False,es|PHILIPS
1.2.826.0.1.3680043.8.498.86435890312227285216810145658548164773,SIEMENS,MAGNETOM Avanto fit,1.5,5,266,0.40805333,False,True,800.0,de,False,de|SIEMENS
1.2.826.0.1.3680043.8.498.86516555757334047240474191101770683543,GE,SIGNA EXCITE,1.5,7,168,0.088308096,False,False,512.0,tr,False,tr|GE
1.2.826.0.1.3680043.8.498.86532643576908316499388520854820002133,SIEMENS,MAGNETOM Vida,3.0,5,166,0.15306604,False,False,640.0,nl,False,nl|SIEMENS
1.2.826.0.1.3680043.8.498.86566584776908143877603164704838586097,SIEMENS,MAGNETOM Avanto fit,1.5,5,344,0.525533394,False,True,800.0,de,False,de|SIEMENS
1.2.826.0.1.3680043.8.498.86583531066383395270546012510184348251,GE,SIGNA Explorer,1.5,7,256,0.071696968,False,True,512.0,tr,False,tr|GE
1.2.826.0.1.3680043.8.498.86625876521226465945114246972542881955,PHILIPS,Ingenia,3.0,4,118,0.058359612,False,False,512.0,en,False,en|PHILIPS
1.2.826.0.1.3680043.8.498.86651345701812229172985086531423369421,GE,SIGNA Artist,1.5,5,170,0.139718004,False,False,512.0,en,False,en|GE
1.2.826.0.1.3680043.8.498.86715997235054599024919893656486735623,SIEMENS,MAGNETOM Sola,1.5,6,176,0.151643874,False,False,724.0,nl,False,nl|SIEMENS
1.2.826.0.1.3680043.8.498.86733565200815744326667230375642936291,SIEMENS,Aera,1.5,11,501,0.223975476,False,True,640.0,en,False,en|SIEMENS
1.2.826.0.1.3680043.8.498.86876540394528304678398111135600894869,FUJI/HITACHI,OASIS_Velocity,1.16,5,138,0.056714868,False,False,512.0,en,False,en|FUJI/HITACHI
1.2.826.0.1.3680043.8.498.86881633316011036335786865282908198831,GE,SIGNA Explorer,1.5,5,137,0.051988654,False,False,512.0,tr,False,tr|GE
1.2.826.0.1.3680043.8.498.86968600239724310678905311244945464037,GE,SIGNA EXCITE,,5,75,0.033502682,True,False,512.0,en,True,en|GE
1.2.826.0.1.3680043.8.498.86974853023888933977090539174537083409,SIEMENS,Aera,1.5,5,143,0.029494642,False,False,320.0,tr,False,tr|SIEMENS
1.2.826.0.1.3680043.8.498.87009029107490862793898457518597022930,GE,SIGNA Architect,3.0,7,349,0.398989378,False,True,1024.0,tr,False,tr|GE
1.2.826.0.1.3680043.8.498.87018440624359538250658207994111333051,SIEMENS,SonataVision,1.5,5,104,0.040323768,False,False,384.0,greek,False,greek|SIEMENS
1.2.826.0.1.3680043.8.498.87046380372347615219261898797043742937,PHILIPS,Ingenia,1.5,5,112,0.077160746,False,False,560.0,es,False,es|PHILIPS
1.2.826.0.1.3680043.8.498.87064372531225943854092598173945043861,GE,Optima MR450w,,6,148,0.07775155,True,False,512.0,en,False,en|GE
1.2.826.0.1.3680043.8.498.87101276883427329522365304528449003589,SIEMENS,MAGNETOM Aera,1.5,4,155,0.04269493,False,False,384.0,fr,False,fr|SIEMENS
1.2.826.0.1.3680043.8.498.87102698749288269439517333660896096520,SIEMENS,MAGNETOM Vida,3.0,6,209,0.058210616,False,False,384.0,hr/bs/sr,False,hr/bs/sr|SIEMENS
1.2.826.0.1.3680043.8.498.87185817772180109135714642184874643715,PHILIPS,Ingenia,3.0,4,130,0.068355146,False,False,512.0,en,False,en|PHILIPS
1.2.826.0.1.3680043.8.498.87198191797585172912979594638355685739,SIEMENS,MAGNETOM Vida,3.0,5,166,0.153065962,False,False,640.0,nl,False,nl|SIEMENS
1.2.826.0.1.3680043.8.498.87208714421237491643915928765740747633,SIEMENS,Aera,1.5,9,253,0.145750014,False,False,640.0,en,False,en|SIEMENS
1.2.826.0.1.3680043.8.498.87214831397290763080243320084625847148,SIEMENS,MAGNETOM Avanto fit,1.5,5,257,0.391301264,False,True,800.0,de,False,de|SIEMENS
1.2.826.0.1.3680043.8.498.87222653734797522858506220026427900177,PHILIPS,Ingenia,1.5,5,156,0.081962564,False,False,512.0,hr/bs/sr,False,hr/bs/sr|PHILIPS
1.2.826.0.1.3680043.8.498.87223930502803944549504594723314220105,SIEMENS,MAGNETOM Skyra,3.0,4,223,0.031533514,False,True,352.0,en,False,en|SIEMENS
1.2.826.0.1.3680043.8.498.87241650441242408799533998101943024283,PHILIPS,Ingenia,3.0,5,150,0.12011354,False,False,640.0,cyrillic,False,cyrillic|PHILIPS
1.2.826.0.1.3680043.8.498.87253761427012478584873622994909841751,GE,SIGNA EXCITE,1.5,7,202,0.106181506,False,False,512.0,en,False,en|GE
1.2.826.0.1.3680043.8.498.87262205711949358943515326577886508585,SIEMENS,MAGNETOM Avanto fit,1.5,5,276,0.421174418,False,True,800.0,de,False,de|SIEMENS
1.2.826.0.1.3680043.8.498.87267658933515453963224923798100651549,PHILIPS,MR 7700,3.0,4,128,0.115563714,False,False,512.0,en,False,en|PHILIPS
1.2.826.0.1.3680043.8.498.87338030934656808032044071206920470285,SIEMENS,MAGNETOM Avanto fit,1.5,5,261,0.398252066,False,True,800.0,de,False,de|SIEMENS
1.2.826.0.1.3680043.8.498.87404730020015145302086817782843205171,GE,SIGNA EXCITE,1.5,7,196,0.103025658,False,False,512.0,en,False,en|GE
1.2.826.0.1.3680043.8.498.87413924318793242918916384453755054267,GE,Optima MR450w,1.5,5,168,0.033278258,False,False,256.0,en,False,en|GE
1.2.826.0.1.3680043.8.498.87415625824966124550466651648244553892,PHILIPS,Ingenia,3.0,4,130,0.06835551,False,False,512.0,en,False,en|PHILIPS
1.2.826.0.1.3680043.8.498.87465202523430400780596885230492167155,PHILIPS,Ingenia Elition X,3.0,6,357,0.108134398,False,True,512.0,en,False,en|PHILIPS
1.2.826.0.1.3680043.8.498.87476514600989622078259281213313867927,SIEMENS,MAGNETOM Skyra,3.0,4,223,0.031533654,False,True,352.0,en,False,en|SIEMENS
1.2.826.0.1.3680043.8.498.87516159856486535118712846576943170757,PHILIPS,Ingenia,1.5,6,171,0.090351922,False,False,520.0,hr/bs/sr,False,hr/bs/sr|PHILIPS
1.2.826.0.1.3680043.8.498.87550037046735743504446944390018580426,SIEMENS,MAGNETOM Avanto fit,1.5,5,246,0.37479467,False,True,800.0,de,False,de|SIEMENS
1.2.826.0.1.3680043.8.498.87560916423885591029120178291827033868,FUJI/HITACHI,OASIS,1.16,5,113,0.032394214,False,False,320.0,en,False,en|FUJI/HITACHI
1.2.826.0.1.3680043.8.498.87563449504927531224663601218159863518,PHILIPS,Ingenia Ambition X,1.5,9,280,0.186594584,False,False,560.0,en,False,en|PHILIPS
1.2.826.0.1.3680043.8.498.87645071186049036230936726742129446188,PHILIPS,Ingenia,1.5,6,113,0.080709382,False,False,544.0,unknown,False,unknown|PHILIPS
1.2.826.0.1.3680043.8.498.87650297321648368205324227429768256110,SIEMENS,MAGNETOM Vida,3.0,7,227,0.060260904,False,False,384.0,hr/bs/sr,False,hr/bs/sr|SIEMENS
1.2.826.0.1.3680043.8.498.87679606849449562627719676100773778015,PHILIPS,Ingenia,3.0,6,117,0.094270978,False,False,512.0,es,False,es|PHILIPS
1.2.826.0.1.3680043.8.498.87680825247567493080163504511649789348,SIEMENS,MAGNETOM Sempra,1.5,5,162,0.04026107,False,False,320.0,es,False,es|SIEMENS
1.2.826.0.1.3680043.8.498.87742737485142445536023876862256284839,GE,SIGNA EXCITE,1.5,7,204,0.107234464,False,False,512.0,en,False,en|GE
1.2.826.0.1.3680043.8.498.87761573479019057997334508266888503487,SIEMENS,Espree,1.5,5,154,0.126380232,False,False,640.0,en,False,en|SIEMENS
1.2.826.0.1.3680043.8.498.87769640167791104899516835133527936885,PHILIPS,Multiva,1.5,5,108,0.060258172,False,False,528.0,es,False,es|PHILIPS
1.2.826.0.1.3680043.8.498.87797202230328868466634480198668365648,PHILIPS,Ingenia,1.5,5,94,0.067964984,False,False,640.0,es,False,es|PHILIPS
1.2.826.0.1.3680043.8.498.87799106106199445436621174506197684035,SIEMENS,MAGNETOM Vida,3.0,6,191,0.053296726,False,False,384.0,hr/bs/sr,False,hr/bs/sr|SIEMENS
1.2.826.0.1.3680043.8.498.87845297884497964690686366000533570840,SIEMENS,MAGNETOM Sempra,1.5,5,174,0.04257924,False,False,320.0,es,False,es|SIEMENS
1.2.826.0.1.3680043.8.498.87876800169766592603600598167358214111,PHILIPS,Ingenia,3.0,6,184,0.146698352,False,False,640.0,cyrillic,False,cyrillic|PHILIPS
1.2.826.0.1.3680043.8.498.87900330305833722536121052961334699743,SIEMENS,MAGNETOM Vida,3.0,7,224,0.06307356,False,False,384.0,hr/bs/sr,False,hr/bs/sr|SIEMENS
1.2.826.0.1.3680043.8.498.87998832540756872371878613339628615880,SIEMENS,Aera,1.5,5,144,0.029700328,False,False,320.0,tr,False,tr|SIEMENS
1.2.826.0.1.3680043.8.498.88022456207467042544403752144674777523,SIEMENS,Aera,1.5,5,144,0.021296664,False,False,256.0,tr,False,tr|SIEMENS
1.2.826.0.1.3680043.8.498.88064086448060280325724227239585797761,SIEMENS,Aera,1.5,5,144,0.025497938,False,False,320.0,tr,False,tr|SIEMENS
1.2.826.0.1.3680043.8.498.88070896604159829163161019117970440189,GE,Optima MR450w,,5,105,0.055160942,True,False,512.0,en,False,en|GE
1.2.826.0.1.3680043.8.498.88074618626471004030644935418777151905,GE,Signa HDxt,1.5,5,135,0.070975466,False,False,512.0,en,False,en|GE
1.2.826.0.1.3680043.8.498.88077418639301174409926781329613570435,SIEMENS,MAGNETOM Vida,3.0,6,213,0.058272712,False,False,384.0,hr/bs/sr,True,hr/bs/sr|SIEMENS
1.2.826.0.1.3680043.8.498.88114918358665488269761388157480523350,SIEMENS,MAGNETOM Sempra,1.5,5,173,0.138084422,False,False,576.0,es,False,es|SIEMENS
1.2.826.0.1.3680043.8.498.88189503151202366936330411627291827689,SIEMENS,Aera,1.5,5,120,0.026552568,False,False,320.0,tr,False,tr|SIEMENS
1.2.826.0.1.3680043.8.498.88211355128040927831407007101167868685,GE,SIGNA Architect,3.0,7,398,0.43889211,False,True,1024.0,tr,False,tr|GE
1.2.826.0.1.3680043.8.498.88274753211076645976496220746740420894,PHILIPS,Ingenia,1.5,6,120,0.194303644,False,False,984.0,es,False,es|PHILIPS
1.2.826.0.1.3680043.8.498.88368930449171804348215887291291274615,SIEMENS,MAGNETOM Vida,3.0,5,166,0.153065524,False,False,640.0,nl,False,nl|SIEMENS
1.2.826.0.1.3680043.8.498.88439732365857773633852840383740478214,PHILIPS,MR 7700,3.0,4,129,0.116089682,False,False,512.0,en,False,en|PHILIPS
1.2.826.0.1.3680043.8.498.88457076333783710706782784856816112502,SIEMENS,MAGNETOM Avanto fit,1.5,5,248,0.378122956,False,True,800.0,de,False,de|SIEMENS
1.2.826.0.1.3680043.8.498.88466268868654468582661984391239692466,GE,SIGNA EXCITE,1.5,7,214,0.11249054,False,False,512.0,en,False,en|GE
1.2.826.0.1.3680043.8.498.88480827968231439729532202780922145132,GE,Optima MR450w,1.5,5,181,0.14854102,False,False,640.0,en,False,en|GE
1.2.826.0.1.3680043.8.498.88505044370271842163477475980178015566,GE,Optima MR450w,,5,117,0.061468414,True,False,512.0,en,False,en|GE
1.2.826.0.1.3680043.8.498.88523737187772411911621088333701306485,GE,Optima MR450w,,5,121,0.063572182,True,False,512.0,en,False,en|GE
1.2.826.0.1.3680043.8.498.88565389747258713872180859306907392080,SIEMENS,MAGNETOM Vida,3.0,6,191,0.05329634,False,False,384.0,hr/bs/sr,False,hr/bs/sr|SIEMENS
1.2.826.0.1.3680043.8.498.88570871026022705696415758052703394453,CANON/TOSHIBA,Vantage,,5,129,0.085582504,True,False,576.0,en,False,en|CANON/TOSHIBA
1.2.826.0.1.3680043.8.498.88571985843649843469694556575325271560,SIEMENS,MAGNETOM Vida,3.0,6,191,0.053296408,False,False,384.0,hr/bs/sr,False,hr/bs/sr|SIEMENS
1.2.826.0.1.3680043.8.498.88574487918084130981335189023288704909,GE,SIGNA Artist,1.5,5,171,0.20315293,False,False,512.0,es,False,es|GE
1.2.826.0.1.3680043.8.498.88609906210780568637209291182572648571,PHILIPS,Ingenia,3.0,6,173,0.131285002,False,False,640.0,cyrillic,False,cyrillic|PHILIPS
1.2.826.0.1.3680043.8.498.88620225126852321191690360547272730103,SIEMENS,SonataVision,1.5,6,112,0.044856134,False,False,384.0,greek,False,greek|SIEMENS
1.2.826.0.1.3680043.8.498.88653085234639096911379842849193874077,PHILIPS,Ingenia,1.5,5,94,0.065105654,False,False,576.0,es,False,es|PHILIPS
1.2.826.0.1.3680043.8.498.88655485247489827200671636011965281184,SIEMENS,Aera,1.5,5,144,0.025498784,False,False,320.0,tr,False,tr|SIEMENS
1.2.826.0.1.3680043.8.498.88679328523895187500714090963655363787,SIEMENS,SonataVision,1.5,5,99,0.043000064,False,False,384.0,greek,False,greek|SIEMENS
1.2.826.0.1.3680043.8.498.88682169866098509464628948503453852928,PHILIPS,Ingenia,1.5,5,170,0.096336568,False,False,512.0,hr/bs/sr,False,hr/bs/sr|PHILIPS
1.2.826.0.1.3680043.8.498.88687994744258163246685527273559741656,SIEMENS,Skyra,3.0,4,124,0.02827916,False,False,320.0,es,False,es|SIEMENS
1.2.826.0.1.3680043.8.498.88711356400820562340756013729440417015,SIEMENS,MAGNETOM Vida,3.0,6,237,0.065782102,False,False,384.0,hr/bs/sr,False,hr/bs/sr|SIEMENS
1.2.826.0.1.3680043.8.498.88726804476694411363564819498296119763,SIEMENS,Aera,1.5,5,148,0.026175336,False,False,320.0,tr,False,tr|SIEMENS
1.2.826.0.1.3680043.8.498.88752039058074948027322975455607258941,PHILIPS,Ingenia,1.5,5,111,0.198247256,False,False,1008.0,es,False,es|PHILIPS
1.2.826.0.1.3680043.8.498.88753415430913291809543943690942744997,SIEMENS,MAGNETOM Avanto fit,1.5,6,330,0.509039656,False,True,800.0,de,False,de|SIEMENS
1.2.826.0.1.3680043.8.498.88801151487634957068752641200383474212,SIEMENS,SonataVision,1.5,5,111,0.042530876,False,False,384.0,greek,False,greek|SIEMENS
1.2.826.0.1.3680043.8.498.88827276474694165071267273766912871459,SIEMENS,MAGNETOM Prisma,3.0,4,140,0.13554194,False,False,588.0,greek,False,greek|SIEMENS
1.2.826.0.1.3680043.8.498.88845193477394064535233691626377077328,GE,SIGNA EXCITE,1.5,7,186,0.097772264,False,False,512.0,en,False,en|GE
1.2.826.0.1.3680043.8.498.88872155446935518174304990308380906112,SIEMENS,MAGNETOM Vida,3.0,6,223,0.061811006,False,False,384.0,hr/bs/sr,False,hr/bs/sr|SIEMENS
1.2.826.0.1.3680043.8.498.88874647535130028956725641820977918615,SIEMENS,MAGNETOM Sempra,1.5,5,165,0.04081536,False,False,320.0,es,False,es|SIEMENS
1.2.826.0.1.3680043.8.498.88896246957673838955012057210098034177,SIEMENS,MAGNETOM Vida,3.0,6,191,0.053296326,False,False,384.0,hr/bs/sr,False,hr/bs/sr|SIEMENS
1.2.826.0.1.3680043.8.498.88899519473612920868099376939780201067,PHILIPS,Achieva dStream,3.0,8,263,0.220116506,False,False,640.0,en,False,en|PHILIPS
1.2.826.0.1.3680043.8.498.88962401400598535739494671683916272476,GE,SIGNA EXCITE,,5,89,0.046755212,True,False,512.0,en,False,en|GE
1.2.826.0.1.3680043.8.498.88964371740619947193957393682095448256,PHILIPS,Ingenia,3.0,4,124,0.06151373,False,False,512.0,en,False,en|PHILIPS
1.2.826.0.1.3680043.8.498.89026102874017923932934673207699042800,SIEMENS,Aera,1.5,9,251,0.153299724,False,False,640.0,en,False,en|SIEMENS
1.2.826.0.1.3680043.8.498.89045629523485194086986785222960864883,SIEMENS,SonataVision,1.5,5,99,0.044281022,False,False,384.0,greek,False,greek|SIEMENS
1.2.826.0.1.3680043.8.498.89048907638162719840222508855779172366,CANON/TOSHIBA,Titan,1.5,7,210,0.172339092,False,False,640.0,en,False,en|CANON/TOSHIBA
1.2.826.0.1.3680043.8.498.89074359486713340585710357399403393294,SIEMENS,Verio,3.0,5,166,0.032611226,False,False,256.0,en,False,en|SIEMENS
1.2.826.0.1.3680043.8.498.89110271437785174288044757208973128908,PHILIPS,Achieva dStream,3.0,10,323,0.248536564,False,True,640.0,en,False,en|PHILIPS
1.2.826.0.1.3680043.8.498.89123035099342878362576960682354791116,GE,SIGNA Architect,3.0,7,410,0.445200126,False,True,1024.0,tr,False,tr|GE
1.2.826.0.1.3680043.8.498.89190511197564127079697151213577962649,PHILIPS,Ingenia,1.5,5,103,0.081453714,False,False,640.0,es,False,es|PHILIPS
1.2.826.0.1.3680043.8.498.89204062904097086723738217311755833877,GE,SIGNA Explorer,1.5,5,109,0.048272828,False,False,512.0,tr,False,tr|GE
1.2.826.0.1.3680043.8.498.89240184178186399632216878563608101260,GE,SIGNA HDx,,5,97,0.050958228,True,False,512.0,en,False,en|GE
1.2.826.0.1.3680043.8.498.89247482662611898098489676481780144186,PHILIPS,Ingenia,1.5,5,96,0.081504628,False,False,640.0,es,False,es|PHILIPS
1.2.826.0.1.3680043.8.498.89302191571937190529967168726521003428,PHILIPS,Achieva dStream,1.5,5,116,0.051340724,False,False,480.0,es,False,es|PHILIPS
1.2.826.0.1.3680043.8.498.89307235192406983202868051697765144920,GE,SIGNA Architect,3.0,7,442,0.46204606,False,True,1024.0,tr,False,tr|GE
1.2.826.0.1.3680043.8.498.89326347774248795083360112232993521530,SIEMENS,MAGNETOM Sempra,1.5,5,170,0.042256942,False,False,320.0,es,False,es|SIEMENS
1.2.826.0.1.3680043.8.498.89332108074590559691047812196991368746,PHILIPS,Achieva dStream,1.5,4,394,0.308963692,False,True,576.0,en,False,en|PHILIPS
1.2.826.0.1.3680043.8.498.89346975863478164334871204856160071946,PHILIPS,MR 5300,1.5,5,103,0.06675191,False,False,528.0,es,False,es|PHILIPS
1.2.826.0.1.3680043.8.498.89350648596674998203116057439419132072,GE,SIGNA EXCITE,1.5,7,202,0.106183602,False,False,512.0,en,False,en|GE
1.2.826.0.1.3680043.8.498.89357823844365374776758395347764601030,FUJI/HITACHI,OASIS_Velocity,1.16,5,140,0.05443209,False,False,448.0,en,False,en|FUJI/HITACHI
1.2.826.0.1.3680043.8.498.89416235692252764852783739140428958560,SIEMENS,MAGNETOM Vida,3.0,5,160,0.073818748,False,False,496.0,en,False,en|SIEMENS
1.2.826.0.1.3680043.8.498.89423600201830685256510321877396547497,PHILIPS,Achieva dStream,3.0,10,293,0.231493132,False,False,640.0,en,False,en|PHILIPS
1.2.826.0.1.3680043.8.498.89445342796957655182687412965056270903,SIEMENS,Aera,1.5,5,127,0.020664626,False,False,256.0,tr,False,tr|SIEMENS
1.2.826.0.1.3680043.8.498.89464179959474561696319051639748844244,SIEMENS,MAGNETOM Sempra,1.5,5,170,0.042205974,False,False,320.0,es,False,es|SIEMENS
1.2.826.0.1.3680043.8.498.89569762088162031469299314053759758927,SIEMENS,MAGNETOM Vida,3.0,6,191,0.053295688,False,False,384.0,hr/bs/sr,False,hr/bs/sr|SIEMENS
1.2.826.0.1.3680043.8.498.89576499383950909889665633610791093334,PHILIPS,MR 5300,1.5,6,113,0.06293807,False,False,480.0,unknown,False,unknown|PHILIPS
1.2.826.0.1.3680043.8.498.89584627944947813918297925813120247226,PHILIPS,Achieva dStream,1.5,6,173,0.094996132,False,False,480.0,tr,False,tr|PHILIPS
1.2.826.0.1.3680043.8.498.89590880980421560369495600204866789646,PHILIPS,Achieva dStream,1.5,5,116,0.051083494,False,False,480.0,es,False,es|PHILIPS
1.2.826.0.1.3680043.8.498.89720428711655200442262503508409163392,SIEMENS,MAGNETOM Avanto fit,1.5,5,246,0.372388424,False,True,800.0,de,False,de|SIEMENS
1.2.826.0.1.3680043.8.498.89729486637365590877469535082675069395,SIEMENS,SonataVision,1.5,5,101,0.041039818,False,False,384.0,greek,False,greek|SIEMENS
1.2.826.0.1.3680043.8.498.89746004948304570186940283501211828475,GE,SIGNA Architect,3.0,6,230,0.350584676,False,True,1024.0,tr,False,tr|GE
1.2.826.0.1.3680043.8.498.89829843399218627892046362324057240535,SIEMENS,Espree,1.5,5,156,0.128022066,False,False,640.0,en,False,en|SIEMENS
1.2.826.0.1.3680043.8.498.89842390998700046088751402253903762827,GE,SIGNA Artist,1.5,5,197,0.232552688,False,False,512.0,es,False,es|GE
1.2.826.0.1.3680043.8.498.89857801102910604766959864464865910585,PHILIPS,Achieva dStream,3.0,10,305,0.24236565,False,False,640.0,en,False,en|PHILIPS
1.2.826.0.1.3680043.8.498.89935384074170571164295050203650829722,SIEMENS,MAGNETOM Vida,3.0,5,166,0.044613286,False,False,384.0,hr/bs/sr,False,hr/bs/sr|SIEMENS
1.2.826.0.1.3680043.8.498.89943815722422273305517145510644432987,GE,SIGNA EXCITE,,5,87,0.045705054,True,False,512.0,en,False,en|GE
1.2.826.0.1.3680043.8.498.89953731420879076053772747816096629231,SIEMENS,SonataVision,1.5,5,104,0.044550644,False,False,384.0,greek,False,greek|SIEMENS
1.2.826.0.1.3680043.8.498.89967772422936726289461201791871771011,SIEMENS,Espree,1.5,5,146,0.119814048,False,False,640.0,en,False,en|SIEMENS
1.2.826.0.1.3680043.8.498.89987866402625167201267936974120824712,SIEMENS,MAGNETOM Prisma,3.0,4,142,0.1203859,False,False,592.0,greek,False,greek|SIEMENS
1.2.826.0.1.3680043.8.498.90003472003278237920648198243464374280,SIEMENS,Aera,1.5,5,143,0.029491782,False,False,320.0,tr,False,tr|SIEMENS
1.2.826.0.1.3680043.8.498.90037507233074511524602897439257102032,GE,SIGNA Artist,1.5,5,132,0.069401432,False,False,512.0,en,False,en|GE
1.2.826.0.1.3680043.8.498.90057130466053377217652879986591534745,PHILIPS,Ingenia,1.5,6,185,0.10472249,False,False,512.0,hr/bs/sr,False,hr/bs/sr|PHILIPS
1.2.826.0.1.3680043.8.498.90103210546658057701715546323552886913,FUJI/HITACHI,OASIS_Velocity,1.16,5,140,0.054432216,False,False,448.0,en,False,en|FUJI/HITACHI
1.2.826.0.1.3680043.8.498.90159195278632080234412316065469499332,PHILIPS,Ingenia,3.0,4,126,0.066252276,False,False,512.0,en,False,en|PHILIPS
1.2.826.0.1.3680043.8.498.90170179734833731758923964833173536172,SIEMENS,MAGNETOM Vida,3.0,4,141,0.064123592,False,False,480.0,en,False,en|SIEMENS
1.2.826.0.1.3680043.8.498.90172333170788218623219231170360850947,GE,Signa HDxt,1.5,5,133,0.046723578,False,False,512.0,en,False,en|GE
1.2.826.0.1.3680043.8.498.90193654806390401129887447441469319421,GE,SIGNA Artist,1.5,5,214,0.25407311,False,False,512.0,es,False,es|GE
1.2.826.0.1.3680043.8.498.90206716031776606956011363950625953310,CANON/TOSHIBA,Vantage,,5,114,0.073073088,True,False,512.0,en,False,en|CANON/TOSHIBA
1.2.826.0.1.3680043.8.498.90223492515368389331845681759355261030,SIEMENS,SonataVision,1.5,5,98,0.043752088,False,False,384.0,greek,False,greek|SIEMENS
1.2.826.0.1.3680043.8.498.90227414485305096825508911050013279704,PHILIPS,Ingenia,1.5,6,170,0.097519744,False,False,528.0,hr/bs/sr,False,hr/bs/sr|PHILIPS
1.2.826.0.1.3680043.8.498.90251533154603802045666102095577144628,SIEMENS,MAGNETOM Sola,1.5,6,180,0.138636452,False,False,640.0,nl,False,nl|SIEMENS
1.2.826.0.1.3680043.8.498.90264300606047579088362539636050224478,SIEMENS,MAGNETOM Vida,3.0,7,388,0.155208078,False,True,384.0,hr/bs/sr,False,hr/bs/sr|SIEMENS
1.2.826.0.1.3680043.8.498.90268709354762000249148795667759483876,GE,Optima MR450w,,5,112,0.05884399,True,False,512.0,en,False,en|GE
1.2.826.0.1.3680043.8.498.90274711315692820326973277297753398634,PHILIPS,Ingenia,3.0,5,154,0.122074812,False,False,640.0,cyrillic,False,cyrillic|PHILIPS
1.2.826.0.1.3680043.8.498.90283565381042081768587894596970552767,PHILIPS,Ingenia,1.5,6,115,0.068303296,False,False,536.0,es,True,es|PHILIPS
1.2.826.0.1.3680043.8.498.90288598546566291188788375261370919222,SIEMENS,SonataVision,1.5,5,99,0.044048136,False,False,384.0,greek,False,greek|SIEMENS
1.2.826.0.1.3680043.8.498.90299615112155255774026824400461236845,SIEMENS,MAGNETOM Avanto fit,1.5,5,267,0.40727181,False,True,800.0,de,False,de|SIEMENS
1.2.826.0.1.3680043.8.498.90313529150165069133283531436628039942,SIEMENS,MAGNETOM Vida,3.0,6,191,0.053295968,False,False,384.0,hr/bs/sr,False,hr/bs/sr|SIEMENS
1.2.826.0.1.3680043.8.498.90331082101665002495739626395247831768,CANON/TOSHIBA,Vantage,,5,121,0.07974102,True,False,512.0,en,False,en|CANON/TOSHIBA
1.2.826.0.1.3680043.8.498.90340114291852810896219650388952790164,GE,Optima MR450w,1.5,5,152,0.124741054,False,False,640.0,en,False,en|GE
1.2.826.0.1.3680043.8.498.90342120331229511020327052213821820086,CANON/TOSHIBA,Vantage,,5,112,0.073664952,True,False,512.0,en,False,en|CANON/TOSHIBA
1.2.826.0.1.3680043.8.498.90433488790413321102007716267340900056,SIEMENS,SonataVision,1.5,5,103,0.045761334,False,False,384.0,greek,False,greek|SIEMENS
1.2.826.0.1.3680043.8.498.90446842983860370183814559926724769347,SIEMENS,Aera,1.5,5,162,0.033906222,False,False,320.0,hr/bs/sr,False,hr/bs/sr|SIEMENS
1.2.826.0.1.3680043.8.498.90466423642678253933409966898120881010,GE,SIGNA Architect,3.0,7,401,0.451480164,False,True,1024.0,tr,False,tr|GE
1.2.826.0.1.3680043.8.498.90483774039833567637730989859822082272,SIEMENS,Aera,1.5,5,124,0.01643251,False,False,256.0,tr,False,tr|SIEMENS
1.2.826.0.1.3680043.8.498.90490891782778285565462083536468192410,SIEMENS,MAGNETOM Sempra,1.5,5,158,0.039256546,False,False,320.0,es,False,es|SIEMENS
1.2.826.0.1.3680043.8.498.90508461713737190527021531642732695353,GE,SIGNA Explorer,1.5,5,127,0.057740004,False,False,512.0,tr,False,tr|GE
1.2.826.0.1.3680043.8.498.90514150380296346197442897381548735293,PHILIPS,Achieva dStream,3.0,8,257,0.19912047,False,False,640.0,en,False,en|PHILIPS
1.2.826.0.1.3680043.8.498.90551187439998209641370107095424494085,PHILIPS,Ingenia,3.0,5,178,0.150234638,False,False,672.0,cyrillic,False,cyrillic|PHILIPS
1.2.826.0.1.3680043.8.498.90573769367031841574114648773801425781,SIEMENS,MAGNETOM Vida,3.0,5,166,0.156905716,False,False,640.0,nl,False,nl|SIEMENS
1.2.826.0.1.3680043.8.498.90629760164319310375909187696899268080,PHILIPS,Achieva dStream,1.5,5,128,0.067723836,False,False,512.0,es,False,es|PHILIPS
1.2.826.0.1.3680043.8.498.90668646188784648688693620159738574680,PHILIPS,Achieva dStream,3.0,9,273,0.230204954,False,False,640.0,en,False,en|PHILIPS
1.2.826.0.1.3680043.8.498.90679199017361780574384378857945322240,SIEMENS,MAGNETOM Avanto fit,1.5,6,342,0.51808542,False,True,800.0,de,False,de|SIEMENS
1.2.826.0.1.3680043.8.498.90751504670572401790063555695835439317,PHILIPS,MR 5300,1.5,6,105,0.057373668,False,False,464.0,es,False,es|PHILIPS
1.2.826.0.1.3680043.8.498.90758414832541790868268922794274257839,GE,SIGNA EXCITE,1.5,7,181,0.09513826,False,False,512.0,en,False,en|GE
1.2.826.0.1.3680043.8.498.90764713690393618577990540005126771712,SIEMENS,Skyra,3.0,5,160,0.03885716,False,False,320.0,es,False,es|SIEMENS
1.2.826.0.1.3680043.8.498.90771070773751767226565553195436971014,PHILIPS,Ingenia,3.0,4,113,0.059416358,False,False,512.0,en,False,en|PHILIPS
1.2.826.0.1.3680043.8.498.90858397443821905121918628339486070979,SIEMENS,MAGNETOM Vida,3.0,4,130,0.059193032,False,False,480.0,en,False,en|SIEMENS
1.2.826.0.1.3680043.8.498.90893882071188409362296099956462540506,PHILIPS,Achieva dStream,3.0,10,342,0.263687106,False,True,640.0,en,False,en|PHILIPS
1.2.826.0.1.3680043.8.498.90976227335921831531105845602655777296,GE,SIGNA Artist,1.5,5,127,0.066772942,False,False,512.0,en,False,en|GE
1.2.826.0.1.3680043.8.498.90985037792656682958281230441654772668,SIEMENS,SonataVision,1.5,5,97,0.042407962,False,False,384.0,greek,False,greek|SIEMENS
1.2.826.0.1.3680043.8.498.91064647744940506223536204418057554573,GE,SIGNA Voyager,1.5,5,154,0.042825824,False,False,256.0,en,False,en|GE
1.2.826.0.1.3680043.8.498.91106275065657355304239097295699332135,PHILIPS,Ingenia Ambition X,1.5,8,246,0.157129084,False,False,520.0,en,False,en|PHILIPS
1.2.826.0.1.3680043.8.498.91122873808284731048016330734204992698,GE,SIGNA Voyager,1.5,6,189,0.048253046,False,False,256.0,en,False,en|GE
1.2.826.0.1.3680043.8.498.91124979914013108948829704350601987380,SIEMENS,SonataVision,1.5,5,95,0.041294096,False,False,384.0,greek,False,greek|SIEMENS
1.2.826.0.1.3680043.8.498.91125742927944703615970502025043944089,PHILIPS,Ingenia,1.5,6,124,0.200896118,False,False,960.0,es,False,es|PHILIPS
1.2.826.0.1.3680043.8.498.91139126799820974665417903552066103454,PHILIPS,Ingenia Ambition X,1.5,9,274,0.174734292,False,False,528.0,en,False,en|PHILIPS
1.2.826.0.1.3680043.8.498.91168270990167204047014161851340054645,PHILIPS,MR 5300,1.5,6,115,0.056493666,False,False,480.0,unknown,False,unknown|PHILIPS
1.2.826.0.1.3680043.8.498.91206973544724011503639050238118945528,PHILIPS,Achieva dStream,1.5,5,104,0.051428626,False,False,512.0,unknown,False,unknown|PHILIPS
1.2.826.0.1.3680043.8.498.91220255464004258635083940797356822178,SIEMENS,MAGNETOM Prisma,3.0,5,152,0.048356414,False,False,384.0,greek,False,greek|SIEMENS
1.2.826.0.1.3680043.8.498.91230059913252604666971822137553690811,SIEMENS,MAGNETOM Vida,3.0,5,166,0.153066364,False,False,640.0,nl,False,nl|SIEMENS
1.2.826.0.1.3680043.8.498.91237082716839283641165609666644466929,GE,SIGNA Artist,1.5,4,149,0.13339427,False,False,512.0,en,False,en|GE
1.2.826.0.1.3680043.8.498.91262503278090288446189575519187653125,GE,Signa HDxt,,5,101,0.053059188,True,False,512.0,en,False,en|GE
1.2.826.0.1.3680043.8.498.91323765268136520804399328350809179765,GE,SIGNA Artist,1.5,5,179,0.20893224,False,False,512.0,es,False,es|GE
1.2.826.0.1.3680043.8.498.91328985601265188961626433080766431089,CANON/TOSHIBA,Galan 3T,3.0,7,210,0.239376596,False,False,768.0,en,False,en|CANON/TOSHIBA
1.2.826.0.1.3680043.8.498.91346221361264140052760282748336176394,SIEMENS,Aera,1.5,5,127,0.026193902,False,False,320.0,tr,False,tr|SIEMENS
1.2.826.0.1.3680043.8.498.91361379904133499492465873800011777365,SIEMENS,MAGNETOM Sola,1.5,5,146,0.11073331,False,False,640.0,nl,False,nl|SIEMENS
1.2.826.0.1.3680043.8.498.91380337141071062166571333367919885984,PHILIPS,Multiva,1.5,5,106,0.063358344,False,False,560.0,es,False,es|PHILIPS
1.2.826.0.1.3680043.8.498.91385694666101904780012335954322545042,SIEMENS,Espree,1.5,5,146,0.119814834,False,False,640.0,en,False,en|SIEMENS
1.2.826.0.1.3680043.8.498.91391446167553025113367459399831345295,SIEMENS,Aera,1.5,6,187,0.043978322,False,False,320.0,hr/bs/sr,False,hr/bs/sr|SIEMENS
1.2.826.0.1.3680043.8.498.91431012289716035498822977054491790785,GE,SIGNA Artist,1.5,5,187,0.219432564,False,False,512.0,es,False,es|GE
1.2.826.0.1.3680043.8.498.91468214041781427810665883790357021637,PHILIPS,Achieva dStream,3.0,9,301,0.247426062,False,False,640.0,en,False,en|PHILIPS
1.2.826.0.1.3680043.8.498.91497176426480836856097456438014037999,PHILIPS,Ingenia,3.0,4,118,0.058352618,False,False,512.0,en,False,en|PHILIPS
1.2.826.0.1.3680043.8.498.91499489440453244654238202136675083579,PHILIPS,MR 5300,1.5,6,107,0.068869066,False,False,520.0,es,False,es|PHILIPS
1.2.826.0.1.3680043.8.498.91581717063042044543371480238854954692,SIEMENS,MAGNETOM Avanto fit,1.5,5,290,0.4417498,False,True,800.0,de,False,de|SIEMENS
1.2.826.0.1.3680043.8.498.91606395836371290680039618164703651751,SIEMENS,MAGNETOM Skyra,3.0,4,221,0.030580224,False,True,352.0,en,False,en|SIEMENS
1.2.826.0.1.3680043.8.498.91611403539216247154562810076063878924,SIEMENS,MAGNETOM Skyra,3.0,4,219,0.030347756,False,True,352.0,en,False,en|SIEMENS
1.2.826.0.1.3680043.8.498.91660278231317256353374962767408532443,PHILIPS,Ingenia,3.0,5,163,0.136248444,False,False,672.0,cyrillic,False,cyrillic|PHILIPS
1.2.826.0.1.3680043.8.498.91686669332744972709173289374472094988,CANON/TOSHIBA,Vantage,,5,104,0.068114304,True,False,512.0,en,False,en|CANON/TOSHIBA
1.2.826.0.1.3680043.8.498.91727248305411866145131034915485728037,PHILIPS,Ingenia,1.5,6,120,0.1016599,False,False,496.0,es,False,es|PHILIPS
1.2.826.0.1.3680043.8.498.91742054227008690570256869200116133922,SIEMENS,MAGNETOM Vida,3.0,4,130,0.05919415,False,False,480.0,en,False,en|SIEMENS
1.2.826.0.1.3680043.8.498.91744384920314309659802891351055961910,GE,Optima MR450w,,5,112,0.058838982,True,False,512.0,en,False,en|GE
1.2.826.0.1.3680043.8.498.91839696756303525362262251587171486273,GE,SIGNA EXCITE,1.5,7,180,0.094617532,False,False,512.0,en,False,en|GE
1.2.826.0.1.3680043.8.498.91860013313252950044036077977399321593,SIEMENS,MAGNETOM Aera,1.5,5,179,0.044983832,False,False,384.0,fr,False,fr|SIEMENS
1.2.826.0.1.3680043.8.498.91883829404782805058767342767479130421,SIEMENS,MAGNETOM Aera,1.5,4,151,0.041605124,False,False,384.0,en,False,en|SIEMENS
1.2.826.0.1.3680043.8.498.91897419008563027309752122760214275182,SIEMENS,Skyra,3.0,5,166,0.040365854,False,False,320.0,es,False,es|SIEMENS
1.2.826.0.1.3680043.8.498.91910585599088493175245713843727208369,GE,SIGNA Artist,1.5,5,185,0.216807454,False,False,512.0,es,False,es|GE
1.2.826.0.1.3680043.8.498.91913894091933783677568170210064807665,PHILIPS,Ingenia,1.5,5,94,0.052870244,False,False,560.0,es,False,es|PHILIPS
1.2.826.0.1.3680043.8.498.91940000162714863613139612302783091395,SIEMENS,MAGNETOM Sempra,1.5,5,154,0.038201774,False,False,320.0,es,False,es|SIEMENS
1.2.826.0.1.3680043.8.498.91979363712708769014277114061159398016,PHILIPS,Ingenia Ambition X,1.5,9,316,0.18239819,False,True,528.0,en,False,en|PHILIPS
1.2.826.0.1.3680043.8.498.91991985280680856830060431668414014465,SIEMENS,MAGNETOM Prisma,3.0,4,146,0.137642342,False,False,640.0,greek,False,greek|SIEMENS
1.2.826.0.1.3680043.8.498.92030581934838097812004394123949263069,SIEMENS,MAGNETOM Aera,1.5,4,148,0.040715728,False,False,384.0,fr,False,fr|SIEMENS
1.2.826.0.1.3680043.8.498.92063841381005962285592592672311044745,SIEMENS,MAGNETOM Skyra,3.0,4,219,0.030349368,False,True,352.0,en,False,en|SIEMENS
1.2.826.0.1.3680043.8.498.92071199603599654827155753204585082303,SIEMENS,Skyra,3.0,5,168,0.080803838,False,False,384.0,es,False,es|SIEMENS
1.2.826.0.1.3680043.8.498.92126358259118823397932994812520542494,SIEMENS,Aera,1.5,5,144,0.025498192,False,False,320.0,tr,False,tr|SIEMENS
1.2.826.0.1.3680043.8.498.92127426417720107708158713612888411025,GE,Signa HDxt,1.5,5,172,0.033413252,False,False,256.0,en,False,en|GE
1.2.826.0.1.3680043.8.498.92222956609345084635188178384706987675,PHILIPS,Ingenia,3.0,5,198,0.159776008,False,False,640.0,cyrillic,False,cyrillic|PHILIPS
1.2.826.0.1.3680043.8.498.92249560662718438332916289759028859881,GE,SIGNA Explorer,1.5,4,120,0.063088228,False,False,512.0,en,False,en|GE
1.2.826.0.1.3680043.8.498.92285140961160393284537044926797259671,GE,SIGNA EXCITE,1.5,7,194,0.101976842,False,False,512.0,en,False,en|GE
1.2.826.0.1.3680043.8.498.92301915122994899889226415477164044164,SIEMENS,SonataVision,1.5,5,97,0.042407326,False,False,384.0,greek,False,greek|SIEMENS
1.2.826.0.1.3680043.8.498.92326467051364762529119362944559591665,SIEMENS,MAGNETOM Avanto fit,1.5,5,261,0.39218279,False,True,800.0,de,False,de|SIEMENS
1.2.826.0.1.3680043.8.498.92386519544130078776672685639580497728,SIEMENS,Aera,1.5,5,158,0.023152304,False,False,256.0,tr,False,tr|SIEMENS
1.2.826.0.1.3680043.8.498.92407834172018110142589158281575319154,CANON/TOSHIBA,Galan 3T,3.0,7,224,0.24657212,False,False,768.0,en,False,en|CANON/TOSHIBA
1.2.826.0.1.3680043.8.498.92410537691481397330646029810090178745,CANON/TOSHIBA,Galan 3T,3.0,7,210,0.232559022,False,False,768.0,en,False,en|CANON/TOSHIBA
1.2.826.0.1.3680043.8.498.92445779773398371452908052305534240654,SIEMENS,MAGNETOM Avanto fit,1.5,5,262,0.393449076,False,True,800.0,de,False,de|SIEMENS
1.2.826.0.1.3680043.8.498.92449204325697143336618138322280397765,SIEMENS,MAGNETOM Vida,3.0,8,260,0.118388748,False,False,480.0,en,False,en|SIEMENS
1.2.826.0.1.3680043.8.498.92455257597708674644536154732642099964,PHILIPS,Achieva dStream,1.5,6,133,0.062313938,False,False,496.0,es,False,es|PHILIPS
1.2.826.0.1.3680043.8.498.92581137608969847756039955144478716506,SIEMENS,MAGNETOM Vida,3.0,5,172,0.157990484,False,False,640.0,nl,False,nl|SIEMENS
1.2.826.0.1.3680043.8.498.92597065276819676534178545455668171085,SIEMENS,MAGNETOM Prisma,3.0,4,146,0.137642294,False,False,640.0,greek,False,greek|SIEMENS
1.2.826.0.1.3680043.8.498.92602515666185999130675702469977883616,PHILIPS,Ingenia,3.0,4,130,0.068355982,False,False,512.0,en,False,en|PHILIPS
1.2.826.0.1.3680043.8.498.92621720172216795135762712303124932801,PHILIPS,MR 5300,1.5,5,92,0.072483184,False,False,528.0,es,False,es|PHILIPS
1.2.826.0.1.3680043.8.498.92626490033376759309712417622692944095,SIEMENS,MAGNETOM Vida,3.0,6,200,0.05556966,False,False,384.0,hr/bs/sr,False,hr/bs/sr|SIEMENS
1.2.826.0.1.3680043.8.498.92650426727723557280117118587545413917,PHILIPS,MR 5300,1.5,5,91,0.053039226,False,False,480.0,es,False,es|PHILIPS
1.2.826.0.1.3680043.8.498.92655291659311409459093330375014445330,PHILIPS,Ingenia,1.5,5,94,0.054722666,False,False,560.0,es,False,es|PHILIPS
1.2.826.0.1.3680043.8.498.92682287574388138675492893420192905780,PHILIPS,Ingenia,1.5,6,170,0.09751977,False,False,528.0,hr/bs/sr,False,hr/bs/sr|PHILIPS
1.2.826.0.1.3680043.8.498.92715232057122971236003034574127234433,SIEMENS,SonataVision,1.5,5,98,0.043753146,False,False,384.0,greek,False,greek|SIEMENS
1.2.826.0.1.3680043.8.498.92722393862174380736027353110424417588,SIEMENS,MAGNETOM Prisma,3.0,4,140,0.117848522,False,False,588.0,greek,False,greek|SIEMENS
1.2.826.0.1.3680043.8.498.92758635328468215409701857842011454608,GE,SIGNA Explorer,1.5,5,132,0.049358314,False,False,512.0,tr,False,tr|GE
1.2.826.0.1.3680043.8.498.92839397144213404004277739877191283401,SIEMENS,SonataVision,1.5,5,99,0.04405236,False,False,384.0,greek,False,greek|SIEMENS
1.2.826.0.1.3680043.8.498.92854445271746966212168817610305595078,SIEMENS,SonataVision,1.5,5,91,0.039945784,False,False,384.0,greek,False,greek|SIEMENS
1.2.826.0.1.3680043.8.498.92902692647544828045768164058889405369,PHILIPS,Ingenia,1.5,5,94,0.05742612,False,False,560.0,es,False,es|PHILIPS
1.2.826.0.1.3680043.8.498.92925901047699000727725798824992891055,PHILIPS,Ingenia,1.5,6,120,0.092564192,False,False,480.0,es,False,es|PHILIPS
1.2.826.0.1.3680043.8.498.93026010065162534828966791702007067882,SIEMENS,MAGNETOM Prisma,3.0,4,136,0.114041352,False,False,588.0,greek,False,greek|SIEMENS
1.2.826.0.1.3680043.8.498.93054327536380380487760790221613186305,SIEMENS,MAGNETOM Avanto fit,1.5,5,290,0.443797346,False,True,800.0,de,False,de|SIEMENS
1.2.826.0.1.3680043.8.498.93062749017302143105207135454940053142,SIEMENS,SonataVision,1.5,5,97,0.042411022,False,False,384.0,greek,False,greek|SIEMENS
1.2.826.0.1.3680043.8.498.93096918345463865518663434763610016449,CANON/TOSHIBA,Vantage,,5,124,0.081316754,True,False,512.0,en,False,en|CANON/TOSHIBA
1.2.826.0.1.3680043.8.498.93104685852024334015651558514195715956,GE,Optima MR450w,1.5,5,144,0.118175946,False,False,640.0,en,False,en|GE
1.2.826.0.1.3680043.8.498.93141871723058796160969424330424882014,SIEMENS,MAGNETOM Sempra,1.5,5,172,0.042669446,False,False,320.0,es,False,es|SIEMENS
1.2.826.0.1.3680043.8.498.93177444420568709574758402836371200945,GE,SIGNA Artist,1.5,4,140,0.125514102,False,False,512.0,en,False,en|GE
1.2.826.0.1.3680043.8.498.93182602591865019295859776146674822677,SIEMENS,MAGNETOM Vida,3.0,5,166,0.153065836,False,False,640.0,nl,False,nl|SIEMENS
1.2.826.0.1.3680043.8.498.93188773180403601524488403580611534053,CANON/TOSHIBA,Galan 3T,3.0,8,245,0.276262588,False,False,768.0,en,False,en|CANON/TOSHIBA
1.2.826.0.1.3680043.8.498.93222021909191248270818335069738080963,GE,SIGNA Artist,1.5,5,183,0.214183054,False,False,512.0,es,False,es|GE
1.2.826.0.1.3680043.8.498.93230313557251171119475173996942942855,GE,Optima MR430s 1.5T,1.5,5,144,0.0756871,False,False,512.0,en,False,en|GE
1.2.826.0.1.3680043.8.498.93301337627536436086612556500687157032,PHILIPS,Ingenia Elition X,3.0,5,323,0.087065942,False,True,480.0,en,False,en|PHILIPS
1.2.826.0.1.3680043.8.498.93318293884671598055223778443354732793,PHILIPS,Achieva dStream,3.0,8,261,0.219833696,False,False,672.0,en,False,en|PHILIPS
1.2.826.0.1.3680043.8.498.93344237572402384894445814841725878706,SIEMENS,Aera,1.5,5,144,0.025498162,False,False,320.0,tr,False,tr|SIEMENS
1.2.826.0.1.3680043.8.498.93359387652821116106937882388838959209,SIEMENS,SonataVision,1.5,5,95,0.041294038,False,False,384.0,greek,False,greek|SIEMENS
1.2.826.0.1.3680043.8.498.93385433312281352893457225415812880948,PHILIPS,Ingenia,3.0,5,102,0.09176626,False,False,640.0,es,False,es|PHILIPS
1.2.826.0.1.3680043.8.498.93478919245462741704531324128061533679,SIEMENS,Skyra,3.0,5,158,0.075219028,False,False,384.0,es,False,es|SIEMENS
1.2.826.0.1.3680043.8.498.93555726419626687118723083838655757151,SIEMENS,MAGNETOM Avanto fit,1.5,6,345,0.431906056,False,True,720.0,de,False,de|SIEMENS
1.2.826.0.1.3680043.8.498.93623421864452751381778712192879121271,GE,Optima MR450w,,5,112,0.058838434,True,False,512.0,en,False,en|GE
1.2.826.0.1.3680043.8.498.93653421810951484288813767943453706233,PHILIPS,Ingenia,3.0,5,105,0.092271422,False,False,512.0,es,False,es|PHILIPS
1.2.826.0.1.3680043.8.498.93655619137163635289231840294252859840,CANON/TOSHIBA,Vantage,,5,129,0.083943866,True,False,512.0,en,False,en|CANON/TOSHIBA
1.2.826.0.1.3680043.8.498.93718451128867963123946970296603639068,SIEMENS,MAGNETOM Skyra,3.0,4,221,0.030940836,False,True,352.0,en,False,en|SIEMENS
1.2.826.0.1.3680043.8.498.93719148934772792523193842156217224487,CANON/TOSHIBA,Vantage,,5,140,0.089723038,True,False,512.0,en,False,en|CANON/TOSHIBA
1.2.826.0.1.3680043.8.498.93722352425168280299901366261374293722,PHILIPS,Ingenia,1.5,5,99,0.097115196,False,False,528.0,es,False,es|PHILIPS
1.2.826.0.1.3680043.8.498.93728117237268000947508816107096388086,SIEMENS,MAGNETOM Avanto fit,1.5,5,262,0.399073254,False,True,800.0,de,False,de|SIEMENS
1.2.826.0.1.3680043.8.498.93747304211180517979657679136059719120,PHILIPS,Ingenia,1.5,6,106,0.06372762,False,False,560.0,es,False,es|PHILIPS
1.2.826.0.1.3680043.8.498.93774667493652492119129601342627338680,PHILIPS,Ingenia,3.0,4,112,0.07221446,False,False,512.0,en,False,en|PHILIPS
1.2.826.0.1.3680043.8.498.93848205752465320137433228658870667418,GE,Signa HDxt,1.5,5,168,0.03209566,False,False,256.0,en,False,en|GE
1.2.826.0.1.3680043.8.498.93902628119199416703899320994283313812,SIEMENS,MAGNETOM Vida,3.0,4,130,0.059193988,False,False,480.0,en,False,en|SIEMENS
1.2.826.0.1.3680043.8.498.93921993164883084178408030385007465064,SIEMENS,Aera,1.5,5,144,0.025498976,False,False,320.0,tr,False,tr|SIEMENS
1.2.826.0.1.3680043.8.498.93976819306514730278115540117878688308,SIEMENS,SonataVision,1.5,5,105,0.041338514,False,False,384.0,greek,False,greek|SIEMENS
1.2.826.0.1.3680043.8.498.93985093305024344873337249433396141838,SIEMENS,MAGNETOM Vida,3.0,5,166,0.153065822,False,False,640.0,nl,False,nl|SIEMENS
1.2.826.0.1.3680043.8.498.94002633501154835018549300667479350401,SIEMENS,Aera,1.5,5,162,0.033906486,False,False,320.0,hr/bs/sr,False,hr/bs/sr|SIEMENS
1.2.826.0.1.3680043.8.498.94027547274004055924993074754507802303,SIEMENS,Aera,1.5,5,156,0.0375688,False,False,320.0,en,False,en|SIEMENS
1.2.826.0.1.3680043.8.498.94030816415316308210133175314873817171,PHILIPS,Ingenia,3.0,4,130,0.068357334,False,False,512.0,en,False,en|PHILIPS
1.2.826.0.1.3680043.8.498.94069670011071682445520414370532541612,SIEMENS,SonataVision,1.5,6,117,0.049385314,False,False,384.0,greek,False,greek|SIEMENS
1.2.826.0.1.3680043.8.498.94117540970936035429846288243624086693,CANON/TOSHIBA,Vantage,,5,120,0.079215428,True,False,512.0,en,False,en|CANON/TOSHIBA
1.2.826.0.1.3680043.8.498.94244885518758327449236878653096161475,SIEMENS,MAGNETOM Avanto fit,1.5,5,248,0.381684898,False,True,800.0,de,False,de|SIEMENS
1.2.826.0.1.3680043.8.498.94252884278314596961426629318911909075,GE,SIGNA Artist,1.5,6,209,0.219989376,False,False,512.0,es,False,es|GE
1.2.826.0.1.3680043.8.498.94255124739558547668304022649099251744,SIEMENS,MAGNETOM Vida,3.0,4,130,0.059193636,False,False,480.0,en,False,en|SIEMENS
1.2.826.0.1.3680043.8.498.94274898137310893945218731717226819541,PHILIPS,Ingenia,3.0,5,154,0.122074886,False,False,640.0,cyrillic,False,cyrillic|PHILIPS
1.2.826.0.1.3680043.8.498.94296943940827583101208235208463322140,GE,SIGNA Explorer,1.5,5,122,0.064151998,False,False,512.0,tr,False,tr|GE
1.2.826.0.1.3680043.8.498.94328216642444410827846344286227627425,PHILIPS,Ingenia,3.0,5,154,0.122074144,False,False,640.0,cyrillic,False,cyrillic|PHILIPS
1.2.826.0.1.3680043.8.498.94335780236370744781443631231792792083,SIEMENS,Espree,1.5,5,157,0.128839958,False,False,640.0,en,False,en|SIEMENS
1.2.826.0.1.3680043.8.498.94381282809153270156987123429739805206,SIEMENS,MAGNETOM Vida,3.0,5,166,0.044612652,False,False,384.0,hr/bs/sr,False,hr/bs/sr|SIEMENS
1.2.826.0.1.3680043.8.498.94393348753936295687030819683853459606,SIEMENS,Skyra,3.0,5,170,0.0450242,False,False,320.0,es,False,es|SIEMENS
1.2.826.0.1.3680043.8.498.94433753471890306108089557761231739312,PHILIPS,Ingenia,3.0,4,135,0.070984284,False,False,512.0,en,True,en|PHILIPS
1.2.826.0.1.3680043.8.498.94447683257072169359896104855962933413,SIEMENS,MAGNETOM Vida,3.0,4,130,0.059193814,False,False,480.0,en,False,en|SIEMENS
1.2.826.0.1.3680043.8.498.94448720962054029575571654250994769402,SIEMENS,MAGNETOM Vida,3.0,4,130,0.059193332,False,False,480.0,en,False,en|SIEMENS
1.2.826.0.1.3680043.8.498.94553664348118184200007654265863262684,SIEMENS,Aera,1.5,8,231,0.143434024,False,False,640.0,en,False,en|SIEMENS
1.2.826.0.1.3680043.8.498.94590838906158914501563687877014778914,PHILIPS,Ingenia,3.0,4,130,0.072539114,False,False,512.0,en,False,en|PHILIPS
1.2.826.0.1.3680043.8.498.94594009911808653224418094594012527944,PHILIPS,Achieva dStream,1.5,4,392,0.303111654,False,True,536.0,en,False,en|PHILIPS
1.2.826.0.1.3680043.8.498.94601583997736688762302974573903982304,SIEMENS,Aera,1.5,5,136,0.020236528,False,False,256.0,tr,False,tr|SIEMENS
1.2.826.0.1.3680043.8.498.94607524665407029611795868588964734480,GE,Optima MR450w,1.5,5,180,0.03565883,False,False,256.0,en,False,en|GE
1.2.826.0.1.3680043.8.498.94625454484290996254750481989036812516,SIEMENS,MAGNETOM Lumina,3.0,5,174,0.060483106,False,False,416.0,es,False,es|SIEMENS
1.2.826.0.1.3680043.8.498.94635110520016467882028406590905441740,SIEMENS,MAGNETOM Avanto fit,1.5,5,313,0.476301928,False,True,800.0,de,False,de|SIEMENS
1.2.826.0.1.3680043.8.498.94658317716039594639343437780115140531,SIEMENS,SonataVision,1.5,5,98,0.043753542,False,False,384.0,greek,False,greek|SIEMENS
1.2.826.0.1.3680043.8.498.94677297888135961827159679484207792618,GE,Signa HDxt,1.5,9,310,0.06311222,False,False,256.0,en,False,en|GE
1.2.826.0.1.3680043.8.498.94722363227977785887442194094888460046,SIEMENS,MAGNETOM Vida,3.0,5,166,0.153066,False,False,640.0,nl,False,nl|SIEMENS
1.2.826.0.1.3680043.8.498.94729634553835820944505159643192054175,SIEMENS,Skyra,3.0,5,158,0.038354338,False,False,320.0,es,False,es|SIEMENS
1.2.826.0.1.3680043.8.498.94747403767627336827372096100476526821,PHILIPS,Ingenia,3.0,4,118,0.058361398,False,False,512.0,en,False,en|PHILIPS
1.2.826.0.1.3680043.8.498.94753144127920558221268610279343359449,CANON/TOSHIBA,Vantage,,5,125,0.081842592,True,False,512.0,en,False,en|CANON/TOSHIBA
1.2.826.0.1.3680043.8.498.94761755148413531477206243804832613511,PHILIPS,Ingenia Ambition X,1.5,9,274,0.185860514,False,False,560.0,en,False,en|PHILIPS
1.2.826.0.1.3680043.8.498.94774472240035721003264951868030913589,SIEMENS,MAGNETOM Avanto fit,1.5,5,276,0.419647466,False,True,800.0,de,False,de|SIEMENS
1.2.826.0.1.3680043.8.498.94798723424795346945893598929864335472,GE,SIGNA Explorer,1.5,5,130,0.058530222,False,False,512.0,tr,False,tr|GE
1.2.826.0.1.3680043.8.498.94822220672465914426995315295921716764,PHILIPS,Ingenia,1.5,5,94,0.054176902,False,False,560.0,es,False,es|PHILIPS
1.2.826.0.1.3680043.8.498.94921929374845793599006362190119159537,PHILIPS,Ingenia,3.0,6,179,0.150227436,False,False,672.0,cyrillic,False,cyrillic|PHILIPS
1.2.826.0.1.3680043.8.498.94944218313788305917509271079443871442,CANON/TOSHIBA,Galan 3T,3.0,7,235,0.26471687,False,False,768.0,en,False,en|CANON/TOSHIBA
1.2.826.0.1.3680043.8.498.94945670991495145462605178471390637325,SIEMENS,MAGNETOM Vida,3.0,6,191,0.053303548,False,False,384.0,hr/bs/sr,False,hr/bs/sr|SIEMENS
1.2.826.0.1.3680043.8.498.94954489705497211843190734684710878341,SIEMENS,MAGNETOM Avanto fit,1.5,5,258,0.39336889,False,True,800.0,de,False,de|SIEMENS
1.2.826.0.1.3680043.8.498.94955017957653373798729896600270551224,PHILIPS,Multiva,1.5,7,132,0.075950346,False,False,512.0,es,False,es|PHILIPS
1.2.826.0.1.3680043.8.498.95026524886584356226576936309513335214,PHILIPS,Ingenia,3.0,4,130,0.068355514,False,False,512.0,en,False,en|PHILIPS
1.2.826.0.1.3680043.8.498.95030266788619257057351879256576338162,SIEMENS,Espree,1.5,5,156,0.128019286,False,False,640.0,en,False,en|SIEMENS
1.2.826.0.1.3680043.8.498.95060380238431209646600378585422128745,GE,Optima MR450w,1.5,6,216,0.04042932,False,False,256.0,en,False,en|GE
1.2.826.0.1.3680043.8.498.95080449640993916851075185393444497308,PHILIPS,Ingenia Ambition X,1.5,10,360,0.213693988,False,True,536.0,en,False,en|PHILIPS
1.2.826.0.1.3680043.8.498.95091624999382167943525022414631622532,PHILIPS,Ingenia,3.0,4,130,0.068355978,False,False,512.0,en,False,en|PHILIPS
1.2.826.0.1.3680043.8.498.95113114010658169441709314948308683982,GE,Optima MR430s 1.5T,1.5,6,166,0.087250438,False,False,512.0,en,False,en|GE
1.2.826.0.1.3680043.8.498.95142886737239438773421088967802136318,SIEMENS,Espree,1.5,5,134,0.019444666,False,False,256.0,en,False,en|SIEMENS
1.2.826.0.1.3680043.8.498.95193282490279394602564266574551123732,PHILIPS,Ingenia,1.5,5,102,0.0880746,False,False,480.0,es,False,es|PHILIPS
1.2.826.0.1.3680043.8.498.95196756237527666678816095708949563380,SIEMENS,Skyra,3.0,5,154,0.135817726,False,False,640.0,es,False,es|SIEMENS
1.2.826.0.1.3680043.8.498.95223549428749744711279985897241419512,GE,SIGNA Artist,1.5,5,199,0.2351792,False,False,512.0,es,False,es|GE
1.2.826.0.1.3680043.8.498.95256518245659249144569318023469597946,SIEMENS,MAGNETOM Avanto fit,1.5,6,400,0.62377511,False,True,720.0,de,False,de|SIEMENS
1.2.826.0.1.3680043.8.498.95262231945171099723559613554350591139,GE,Optima MR450w,1.5,5,156,0.128038302,False,False,640.0,en,False,en|GE
1.2.826.0.1.3680043.8.498.95321750682026667237717880394536750835,SIEMENS,MAGNETOM Sempra,1.5,5,168,0.041729382,False,False,320.0,es,False,es|SIEMENS
1.2.826.0.1.3680043.8.498.95324318295506605557933083155792587297,SIEMENS,MAGNETOM Sempra,1.5,5,165,0.04087984,False,False,320.0,es,False,es|SIEMENS
1.2.826.0.1.3680043.8.498.95334149193711661424105715330320414755,PHILIPS,Achieva dStream,1.5,4,559,0.44606046,False,True,600.0,en,False,en|PHILIPS
1.2.826.0.1.3680043.8.498.95351925765761617117057799846763403963,PHILIPS,Ingenia Elition X,3.0,6,385,0.1641102,False,True,600.0,en,False,en|PHILIPS
1.2.826.0.1.3680043.8.498.95376417067109020835342111882595126109,PHILIPS,Ingenia,3.0,5,154,0.122074138,False,False,640.0,cyrillic,False,cyrillic|PHILIPS
1.2.826.0.1.3680043.8.498.95433650759419050864053270236035947981,SIEMENS,Skyra,3.0,5,174,0.08520408,False,False,384.0,es,False,es|SIEMENS
1.2.826.0.1.3680043.8.498.95464807346156547985763374990661923815,SIEMENS,MAGNETOM Avanto fit,1.5,5,259,0.392941222,False,True,800.0,de,False,de|SIEMENS
1.2.826.0.1.3680043.8.498.95490888360439852685783476266753304657,PHILIPS,Ingenia,3.0,4,118,0.058358748,False,False,512.0,en,False,en|PHILIPS
1.2.826.0.1.3680043.8.498.95497572581157858069692837655072209020,SIEMENS,MAGNETOM Vida,3.0,4,130,0.059194238,False,False,480.0,en,False,en|SIEMENS
1.2.826.0.1.3680043.8.498.95500234888498554736637315199668317948,PHILIPS,Ingenia,3.0,6,186,0.153845422,False,False,672.0,cyrillic,False,cyrillic|PHILIPS
1.2.826.0.1.3680043.8.498.95555755747044090477918262640906805885,SIEMENS,MAGNETOM Vida,3.0,5,166,0.153065584,False,False,640.0,nl,False,nl|SIEMENS
1.2.826.0.1.3680043.8.498.95560861705581165570145459410262387310,GE,SIGNA EXCITE,1.5,7,200,0.105131328,False,False,512.0,en,False,en|GE
1.2.826.0.1.3680043.8.498.95570207430778332247200880037915693375,SIEMENS,MAGNETOM Lumina,3.0,5,186,0.06465512,False,False,416.0,es,False,es|SIEMENS
1.2.826.0.1.3680043.8.498.95586477246200285088746818821808017494,SIEMENS,Aera,1.5,5,154,0.02719188,False,False,320.0,tr,False,tr|SIEMENS
1.2.826.0.1.3680043.8.498.95588576819758266413765165887081039863,PHILIPS,Ingenia,3.0,8,238,0.187979298,False,False,640.0,cyrillic,False,cyrillic|PHILIPS
1.2.826.0.1.3680043.8.498.95601371640669355936785637162110963091,PHILIPS,Ingenia Elition X,3.0,6,362,0.10659885,False,True,480.0,en,False,en|PHILIPS
1.2.826.0.1.3680043.8.498.95621693348567815920675804584086926261,CANON/TOSHIBA,Vantage,,5,120,0.07921548,True,False,512.0,en,False,en|CANON/TOSHIBA
1.2.826.0.1.3680043.8.498.95638601079527306640829424921455011698,PHILIPS,Ingenia,3.0,5,164,0.129915106,False,False,640.0,cyrillic,False,cyrillic|PHILIPS
1.2.826.0.1.3680043.8.498.95653228095828585867177997067051877351,SIEMENS,MAGNETOM Aera,1.5,4,148,0.04071086,False,False,384.0,fr,False,fr|SIEMENS
1.2.826.0.1.3680043.8.498.95694598580744163428934772566469311180,SIEMENS,MAGNETOM Skyra,3.0,4,144,0.050140094,False,False,416.0,en,False,en|SIEMENS
1.2.826.0.1.3680043.8.498.95705755527332814775935856896567782522,SIEMENS,MAGNETOM Vida,3.0,6,191,0.053302916,False,False,384.0,hr/bs/sr,False,hr/bs/sr|SIEMENS
1.2.826.0.1.3680043.8.498.95720534093121754146413060811354489247,SIEMENS,Aera,1.5,5,141,0.02288642,False,False,256.0,tr,False,tr|SIEMENS
1.2.826.0.1.3680043.8.498.95727100148189624148200652225439854460,GE,Optima MR430s 1.5T,1.5,6,172,0.090403696,False,False,512.0,en,False,en|GE
1.2.826.0.1.3680043.8.498.95728724960383464194568391302477328450,CANON/TOSHIBA,Galan 3T,3.0,8,350,0.376976454,False,True,768.0,en,False,en|CANON/TOSHIBA
1.2.826.0.1.3680043.8.498.95777611643095956714301310992151723603,GE,Signa HDxt,1.5,5,112,0.058883454,False,False,512.0,en,False,en|GE
1.2.826.0.1.3680043.8.498.95796009319232592137564145023096016872,PHILIPS,Ingenia,3.0,5,168,0.132916964,False,False,640.0,cyrillic,False,cyrillic|PHILIPS
1.2.826.0.1.3680043.8.498.95850844945129153291759207212815927078,SIEMENS,MAGNETOM Vida,3.0,5,166,0.153065658,False,False,640.0,nl,False,nl|SIEMENS
1.2.826.0.1.3680043.8.498.95864678405973312042815189771902289608,PHILIPS,Ingenia,1.5,6,106,0.073076724,False,False,568.0,unknown,False,unknown|PHILIPS
1.2.826.0.1.3680043.8.498.95882731821729917461275694847968503951,PHILIPS,Achieva dStream,1.5,5,576,0.454690482,False,True,560.0,en,False,en|PHILIPS
1.2.826.0.1.3680043.8.498.95912798959818676102590029534562878721,PHILIPS,Achieva dStream,1.5,6,116,0.065544804,False,False,536.0,es,False,es|PHILIPS
1.2.826.0.1.3680043.8.498.95918254432056542701730614049432316728,SIEMENS,MAGNETOM Avanto fit,1.5,5,252,0.385757238,False,True,800.0,de,False,de|SIEMENS
1.2.826.0.1.3680043.8.498.95984406324600336713471618620285270466,PHILIPS,Achieva dStream,1.5,5,577,0.455319088,False,True,560.0,en,False,en|PHILIPS
1.2.826.0.1.3680043.8.498.96051765028927322365509303222455708654,PHILIPS,Ingenia,3.0,5,165,0.086758012,False,False,512.0,en,False,en|PHILIPS
1.2.826.0.1.3680043.8.498.96054287426681123062488435620352206601,GE,SIGNA EXCITE,1.5,7,210,0.11038621,False,False,512.0,en,False,en|GE
1.2.826.0.1.3680043.8.498.96094001324999448553107805455529187871,PHILIPS,Ingenia,3.0,4,118,0.058358734,False,False,512.0,en,False,en|PHILIPS
1.2.826.0.1.3680043.8.498.96117880374445894729658092255088269716,GE,SIGNA Explorer,1.5,5,110,0.048406464,False,False,512.0,tr,False,tr|GE
1.2.826.0.1.3680043.8.498.96146854841734718524530740965296119916,PHILIPS,Achieva dStream,3.0,10,313,0.261956772,False,False,640.0,en,False,en|PHILIPS
1.2.826.0.1.3680043.8.498.96152894373838410779390571000523933753,PHILIPS,MR 5300,1.5,6,114,0.055828892,False,False,480.0,es,False,es|PHILIPS
1.2.826.0.1.3680043.8.498.96158169859491339496094295508194547199,CANON/TOSHIBA,Galan 3T,3.0,7,210,0.232556738,False,False,768.0,en,False,en|CANON/TOSHIBA
1.2.826.0.1.3680043.8.498.96174494699876332875347380499122120925,GE,Optima MR450w,,5,120,0.063044492,True,False,512.0,en,False,en|GE
1.2.826.0.1.3680043.8.498.96293531288862652713666056362328893428,SIEMENS,SonataVision,1.5,6,113,0.047152756,False,False,384.0,greek,False,greek|SIEMENS
1.2.826.0.1.3680043.8.498.96316229168827165128604998083731481211,SIEMENS,MAGNETOM Vida,3.0,6,191,0.053303676,False,False,384.0,hr/bs/sr,False,hr/bs/sr|SIEMENS
1.2.826.0.1.3680043.8.498.96323485839061204012967074568679195142,PHILIPS,Ingenia,3.0,4,130,0.068354662,False,False,512.0,en,False,en|PHILIPS
1.2.826.0.1.3680043.8.498.96425049974772570897047688166336162674,PHILIPS,Achieva dStream,1.5,6,621,0.474935102,False,True,536.0,en,False,en|PHILIPS
1.2.826.0.1.3680043.8.498.96448229695053562621553132798380456420,SIEMENS,Aera,1.5,5,152,0.026853902,False,False,320.0,tr,False,tr|SIEMENS
1.2.826.0.1.3680043.8.498.96483513352751590579274577125356217169,SIEMENS,MAGNETOM Vida,3.0,5,166,0.153065396,False,False,640.0,nl,False,nl|SIEMENS
1.2.826.0.1.3680043.8.498.96510621665552630060821422211995212854,SIEMENS,MAGNETOM Vida,3.0,4,134,0.061143352,False,False,480.0,en,False,en|SIEMENS
1.2.826.0.1.3680043.8.498.96559819562317669526803257835398470484,SIEMENS,SonataVision,1.5,5,102,0.032841012,False,False,384.0,greek,False,greek|SIEMENS
1.2.826.0.1.3680043.8.498.96561978771090020509310535265236331946,CANON/TOSHIBA,Titan,1.5,7,169,0.138692032,False,False,640.0,en,False,en|CANON/TOSHIBA
1.2.826.0.1.3680043.8.498.96562865861483086790615358719391771217,PHILIPS,Ingenia,1.5,5,156,0.081962026,False,False,512.0,hr/bs/sr,False,hr/bs/sr|PHILIPS
1.2.826.0.1.3680043.8.498.96564709711765982786409987515735443801,SIEMENS,Skyra,3.0,5,154,0.074213904,False,False,384.0,es,False,es|SIEMENS
1.2.826.0.1.3680043.8.498.96587029379314618196381307882235433083,SIEMENS,Aera,1.5,5,144,0.021296564,False,False,256.0,tr,False,tr|SIEMENS
1.2.826.0.1.3680043.8.498.96614828054790815108190478795539254570,GE,SIGNA Explorer,1.5,5,141,0.064314476,False,False,512.0,tr,False,tr|GE
1.2.826.0.1.3680043.8.498.96621557839848412555023112236627663339,SIEMENS,MAGNETOM Aera,1.5,4,150,0.041212738,False,False,384.0,fr,False,fr|SIEMENS
1.2.826.0.1.3680043.8.498.96657465815875587552665111166265086308,SIEMENS,MAGNETOM Avanto fit,1.5,5,264,0.40231595,False,True,800.0,de,False,de|SIEMENS
1.2.826.0.1.3680043.8.498.96791010280967772394523567484937888186,GE,SIGNA Explorer,1.5,5,124,0.04672347,False,False,512.0,tr,False,tr|GE
1.2.826.0.1.3680043.8.498.96818533353374094273022322108861564926,SIEMENS,MAGNETOM Vida,3.0,6,191,0.053302926,False,False,384.0,hr/bs/sr,False,hr/bs/sr|SIEMENS
1.2.826.0.1.3680043.8.498.96846796615932368166905347054245013501,SIEMENS,MAGNETOM Skyra,3.0,4,219,0.030348508,False,True,352.0,en,False,en|SIEMENS
1.2.826.0.1.3680043.8.498.96859317329616917022799512740280754327,PHILIPS,Achieva dStream,1.5,5,577,0.455319154,False,True,560.0,en,False,en|PHILIPS
1.2.826.0.1.3680043.8.498.96943946564115188893954628924857155670,SIEMENS,Aera,1.5,5,133,0.02558811,False,False,320.0,tr,False,tr|SIEMENS
1.2.826.0.1.3680043.8.498.96944926470854551064948200936284887742,GE,SIGNA Artist,1.5,6,227,0.253046798,False,False,512.0,es,False,es|GE
1.2.826.0.1.3680043.8.498.96947237995559790704304892745226362883,PHILIPS,Ingenia,1.5,5,155,0.08912974,False,False,528.0,hr/bs/sr,False,hr/bs/sr|PHILIPS
1.2.826.0.1.3680043.8.498.96950011369238410949579095568317214261,FUJI/HITACHI,OASIS_Velocity,1.16,5,140,0.054429512,False,False,448.0,en,False,en|FUJI/HITACHI
1.2.826.0.1.3680043.8.498.97003157807630958179276831877591411623,SIEMENS,MAGNETOM Vida,3.0,6,191,0.053296224,False,False,384.0,hr/bs/sr,False,hr/bs/sr|SIEMENS
1.2.826.0.1.3680043.8.498.97004483591331502283638578516018997228,GE,Optima MR450w,,5,100,0.052534094,True,False,512.0,en,False,en|GE
1.2.826.0.1.3680043.8.498.97020520267554584684160936968569132254,SIEMENS,MAGNETOM Avanto fit,1.5,5,288,0.440107612,False,True,800.0,de,False,de|SIEMENS
1.2.826.0.1.3680043.8.498.97042446513400958172996637321308032556,GE,SIGNA Explorer,1.5,5,116,0.0503822,False,False,512.0,tr,False,tr|GE
1.2.826.0.1.3680043.8.498.97055845147740306780908051236353219644,SIEMENS,SonataVision,1.5,5,97,0.042935244,False,False,384.0,greek,False,greek|SIEMENS
1.2.826.0.1.3680043.8.498.97087958215554026148585108910609248523,GE,Optima MR450w,1.5,5,160,0.13132147,False,False,640.0,en,False,en|GE
1.2.826.0.1.3680043.8.498.97107472223824971578324157203273471706,SIEMENS,MAGNETOM Lumina,3.0,5,186,0.064654752,False,False,416.0,es,False,es|SIEMENS
1.2.826.0.1.3680043.8.498.97135552871905937467775630206570358085,SIEMENS,MAGNETOM Avanto fit,1.5,5,288,0.440107772,False,True,800.0,de,False,de|SIEMENS
1.2.826.0.1.3680043.8.498.97156518925820521351080132062400795929,SIEMENS,MAGNETOM Avanto fit,1.5,5,279,0.42620479,False,True,800.0,de,False,de|SIEMENS
1.2.826.0.1.3680043.8.498.97220604868276521004168045790587997687,PHILIPS,Ingenia,3.0,6,165,0.125611698,False,False,640.0,cyrillic,False,cyrillic|PHILIPS
1.2.826.0.1.3680043.8.498.97234348688223610934999923021953923903,SIEMENS,Aera,1.5,5,144,0.025499048,False,False,320.0,tr,False,tr|SIEMENS
1.2.826.0.1.3680043.8.498.97248397528214121944398119979516268902,CANON/TOSHIBA,Galan 3T,3.0,7,210,0.24702612,False,False,768.0,en,False,en|CANON/TOSHIBA
1.2.826.0.1.3680043.8.498.97259766233250760343109933426776941754,SIEMENS,Skyra,3.0,5,175,0.04621928,False,False,320.0,es,False,es|SIEMENS
1.2.826.0.1.3680043.8.498.97259977321685658337087695233264517545,SIEMENS,MAGNETOM Aera,1.5,4,148,0.040710992,False,False,384.0,en,False,en|SIEMENS
1.2.826.0.1.3680043.8.498.97269744864161337523188705262974234442,PHILIPS,Ingenia,3.0,4,120,0.059404938,False,False,512.0,en,False,en|PHILIPS
1.2.826.0.1.3680043.8.498.97274720257634584071500649275217521662,SIEMENS,MAGNETOM Avanto fit,1.5,5,298,0.45534923,False,True,800.0,de,True,de|SIEMENS
1.2.826.0.1.3680043.8.498.97274847570547462056218828853253311223,PHILIPS,Ingenia,3.0,4,118,0.058353444,False,False,512.0,en,False,en|PHILIPS
1.2.826.0.1.3680043.8.498.97296323335289879687414244774227160450,PHILIPS,Ingenia,3.0,4,120,0.063096582,False,False,512.0,en,False,en|PHILIPS
1.2.826.0.1.3680043.8.498.97303893645051596044169857585815133097,PHILIPS,Ingenia,3.0,4,128,0.115554636,False,False,672.0,cyrillic,False,cyrillic|PHILIPS
1.2.826.0.1.3680043.8.498.97348112008590316355392924312704081684,SIEMENS,SonataVision,1.5,5,97,0.04293491,False,False,384.0,greek,False,greek|SIEMENS
1.2.826.0.1.3680043.8.498.97353980946516912216109392482235435606,SIEMENS,MAGNETOM Skyra,3.0,4,109,0.022477686,False,False,320.0,en,False,en|SIEMENS
1.2.826.0.1.3680043.8.498.97400307568415006244714024769069514497,CANON/TOSHIBA,Vantage,,5,110,0.07261452,True,False,512.0,en,False,en|CANON/TOSHIBA
1.2.826.0.1.3680043.8.498.97464332941382646555656038793589898504,SIEMENS,SonataVision,1.5,5,97,0.042931466,False,False,384.0,greek,False,greek|SIEMENS
1.2.826.0.1.3680043.8.498.97485476951995325021464683747847126869,SIEMENS,Aera,1.5,5,164,0.028886758,False,False,320.0,tr,False,tr|SIEMENS
1.2.826.0.1.3680043.8.498.97488501634729541923597957717971376373,GE,SIGNA Architect,3.0,8,416,0.495537662,False,True,1024.0,tr,False,tr|GE
1.2.826.0.1.3680043.8.498.97496319463700021339637597270948309369,PHILIPS,Achieva dStream,3.0,9,319,0.295815024,False,True,720.0,en,False,en|PHILIPS
1.2.826.0.1.3680043.8.498.97500632594529766269369977508352975364,PHILIPS,Ingenia,3.0,10,300,0.238906448,False,False,640.0,cyrillic,False,cyrillic|PHILIPS
1.2.826.0.1.3680043.8.498.97520184067825971918316082134210579391,PHILIPS,Achieva dStream,3.0,10,305,0.24236552,False,False,640.0,en,False,en|PHILIPS
1.2.826.0.1.3680043.8.498.97536230315600409983600607358927775480,PHILIPS,Ingenia,3.0,5,151,0.12370604,False,False,672.0,cyrillic,False,cyrillic|PHILIPS
1.2.826.0.1.3680043.8.498.97564564380731258764291146761742841527,PHILIPS,Ingenia,3.0,5,154,0.122075,False,False,640.0,cyrillic,False,cyrillic|PHILIPS
1.2.826.0.1.3680043.8.498.97579738268290461886850261405719501384,GE,Optima MR450w,1.5,5,169,0.138692082,False,False,640.0,en,False,en|GE
1.2.826.0.1.3680043.8.498.97600121574703193898619052529830275028,PHILIPS,Achieva dStream,1.5,5,423,0.319415284,False,True,512.0,en,False,en|PHILIPS
1.2.826.0.1.3680043.8.498.97658595748192892503053963872409769829,PHILIPS,MR 5300,1.5,5,91,0.06095531,False,False,560.0,es,False,es|PHILIPS
1.2.826.0.1.3680043.8.498.97689748704772735695349883980413529091,SIEMENS,SonataVision,1.5,5,99,0.044052334,False,False,384.0,greek,False,greek|SIEMENS
1.2.826.0.1.3680043.8.498.97694479664965569386338738579573728752,PHILIPS,Ingenia,3.0,4,122,0.061388104,False,False,512.0,en,False,en|PHILIPS
1.2.826.0.1.3680043.8.498.97696436660690920809826140686268769509,SIEMENS,MAGNETOM Vida,3.0,5,163,0.266125144,False,False,960.0,nl,False,nl|SIEMENS
1.2.826.0.1.3680043.8.498.97705920250069816684861966612302390614,SIEMENS,Aera,1.5,5,143,0.029492618,False,False,320.0,tr,False,tr|SIEMENS
1.2.826.0.1.3680043.8.498.97731968872354496470096174559789586056,PHILIPS,Achieva dStream,3.0,8,257,0.203683366,False,False,640.0,en,False,en|PHILIPS
1.2.826.0.1.3680043.8.498.97759980486481979519068526243106370997,SIEMENS,Aera,1.5,5,146,0.030110672,False,False,320.0,tr,False,tr|SIEMENS
1.2.826.0.1.3680043.8.498.97797693721516872008302328638374252668,SIEMENS,MAGNETOM Avanto fit,1.5,5,250,0.38021383,False,True,800.0,de,False,de|SIEMENS
1.2.826.0.1.3680043.8.498.97830923192341890652952842494018952920,PHILIPS,Multiva,1.5,6,145,0.0815653,False,False,528.0,es,False,es|PHILIPS
1.2.826.0.1.3680043.8.498.97849030682292314880463675622456900933,SIEMENS,Skyra,3.0,5,156,0.037852244,False,False,320.0,es,False,es|SIEMENS
1.2.826.0.1.3680043.8.498.97909881548577311929907613359449243075,SIEMENS,MAGNETOM Avanto fit,1.5,5,264,0.401364386,False,True,800.0,de,False,de|SIEMENS
1.2.826.0.1.3680043.8.498.97944261713902372188894456162512065499,CANON/TOSHIBA,Titan,1.5,7,232,0.219518484,False,False,640.0,en,False,en|CANON/TOSHIBA
1.2.826.0.1.3680043.8.498.97964867333695657200856428936254426086,PHILIPS,Achieva dStream,1.5,6,137,0.057560656,False,False,456.0,es,False,es|PHILIPS
1.2.826.0.1.3680043.8.498.98022738778461179495257509215244053198,PHILIPS,Ingenia,3.0,4,118,0.058358864,False,False,512.0,en,False,en|PHILIPS
1.2.826.0.1.3680043.8.498.98027050915885651900992366068887550187,PHILIPS,Intera,1.5,11,354,0.240795708,False,False,576.0,en,False,en|PHILIPS
1.2.826.0.1.3680043.8.498.98028018520101798863795620289151810642,SIEMENS,MAGNETOM Lumina,3.0,5,174,0.060483224,False,False,416.0,es,False,es|SIEMENS
1.2.826.0.1.3680043.8.498.98039072306618106705944452906395982381,SIEMENS,Aera,1.5,10,381,0.16002064,False,True,512.0,en,False,en|SIEMENS
1.2.826.0.1.3680043.8.498.98064941971367073978404461105852658265,PHILIPS,MR 5300,1.5,5,109,0.07174581,False,False,528.0,es,False,es|PHILIPS
1.2.826.0.1.3680043.8.498.98081486779628580946589119341754353354,PHILIPS,Achieva dStream,3.0,9,277,0.225528962,False,False,640.0,en,False,en|PHILIPS
1.2.826.0.1.3680043.8.498.98102475310924339032647376491442498974,PHILIPS,Ingenia,1.5,6,171,0.090351918,False,False,520.0,hr/bs/sr,False,hr/bs/sr|PHILIPS
1.2.826.0.1.3680043.8.498.98107112397588450345153336193341117589,SIEMENS,MAGNETOM Vida,3.0,6,216,0.05956494,False,False,384.0,hr/bs/sr,False,hr/bs/sr|SIEMENS
1.2.826.0.1.3680043.8.498.98112373403331748422888362310572528002,PHILIPS,Achieva dStream,1.5,5,589,0.461834724,False,True,560.0,en,False,en|PHILIPS
1.2.826.0.1.3680043.8.498.98143909986671737130865120569673002676,PHILIPS,Achieva dStream,1.5,5,581,0.457525486,False,True,560.0,en,False,en|PHILIPS
1.2.826.0.1.3680043.8.498.98146155044178593810385943365143374814,PHILIPS,Achieva,1.5,6,129,0.06894008,False,False,456.0,es,False,es|PHILIPS
1.2.826.0.1.3680043.8.498.98151095279541278201351784048265686573,SIEMENS,Aera,1.5,5,154,0.027191778,False,False,320.0,tr,False,tr|SIEMENS
1.2.826.0.1.3680043.8.498.98181040478767526925214101502401448074,GE,SIGNA Explorer,1.5,7,260,0.231069174,False,True,1024.0,tr,False,tr|GE
1.2.826.0.1.3680043.8.498.98239758242192048511912905088391835938,SIEMENS,Aera,1.5,8,237,0.114929942,False,False,448.0,en,False,en|SIEMENS
1.2.826.0.1.3680043.8.498.98255454187594895604610283922744869720,PHILIPS,Ingenia,3.0,4,118,0.058353456,False,False,512.0,en,False,en|PHILIPS
1.2.826.0.1.3680043.8.498.98315778542448798493600485116505234132,GE,Optima MR450w,,5,116,0.060940598,True,False,512.0,en,False,en|GE
1.2.826.0.1.3680043.8.498.98333658788330318335997032513277632526,PHILIPS,Achieva dStream,3.0,9,273,0.222246098,False,False,640.0,en,False,en|PHILIPS
1.2.826.0.1.3680043.8.498.98343185597651455245996667389303915779,SIEMENS,Aera,1.5,5,172,0.041591304,False,False,320.0,en,False,en|SIEMENS
1.2.826.0.1.3680043.8.498.98351891935507349137982199658103205287,PHILIPS,Ingenia,3.0,6,165,0.125736352,False,False,640.0,cyrillic,False,cyrillic|PHILIPS
1.2.826.0.1.3680043.8.498.98400072082366198211931728015692551635,GE,SIGNA Artist,1.5,5,191,0.224681644,False,False,512.0,es,False,es|GE
1.2.826.0.1.3680043.8.498.98454206323401382140655387224146512225,GE,SIGNA Explorer,1.5,6,163,0.24456096,False,True,1024.0,tr,False,tr|GE
1.2.826.0.1.3680043.8.498.98541661035340329000785741171799559104,SIEMENS,Aera,1.5,9,274,0.156697898,False,False,640.0,en,False,en|SIEMENS
1.2.826.0.1.3680043.8.498.98581537941208552065033680853629122764,SIEMENS,Aera,1.5,6,187,0.043978298,False,False,320.0,hr/bs/sr,False,hr/bs/sr|SIEMENS
1.2.826.0.1.3680043.8.498.98599322992880180540967962062521615070,PHILIPS,Ingenia,3.0,5,181,0.15269696,False,False,672.0,cyrillic,False,cyrillic|PHILIPS
1.2.826.0.1.3680043.8.498.98676079331571304021387833410440136393,SIEMENS,MAGNETOM Avanto fit,1.5,5,260,0.39903231,False,True,800.0,de,False,de|SIEMENS
1.2.826.0.1.3680043.8.498.98752901295449528283322564256444025625,PHILIPS,Achieva dStream,3.0,9,275,0.207110578,False,False,640.0,en,False,en|PHILIPS
1.2.826.0.1.3680043.8.498.98781117432577714521231232440503778261,PHILIPS,Ingenia Ambition X,1.5,9,274,0.174734156,False,False,528.0,en,False,en|PHILIPS
1.2.826.0.1.3680043.8.498.98795677271204502833293873138219040186,GE,SIGNA EXCITE,1.5,7,227,0.119324644,False,False,512.0,en,False,en|GE
1.2.826.0.1.3680043.8.498.98824066826946884510314135448574304233,PHILIPS,Achieva dStream,1.5,5,577,0.455318188,False,True,560.0,en,False,en|PHILIPS
1.2.826.0.1.3680043.8.498.98828753472895685940998888332947119084,SIEMENS,MAGNETOM Skyra,3.0,4,219,0.030348132,False,True,352.0,en,False,en|SIEMENS
1.2.826.0.1.3680043.8.498.98871650330162988912501872031191530068,GE,SIGNA Artist,1.5,5,181,0.211557184,False,False,512.0,es,False,es|GE
1.2.826.0.1.3680043.8.498.98883718766501717651651876978607853803,GE,SIGNA Artist,1.5,5,205,0.243049132,False,False,512.0,es,False,es|GE
1.2.826.0.1.3680043.8.498.98890851347757949328159691828768030366,SIEMENS,MAGNETOM Vida,3.0,5,166,0.15306595,False,False,640.0,nl,False,nl|SIEMENS
1.2.826.0.1.3680043.8.498.98914528123216365374152816424181510781,PHILIPS,Ingenia,3.0,5,156,0.125554266,False,False,640.0,cyrillic,False,cyrillic|PHILIPS
1.2.826.0.1.3680043.8.498.98958651320983196982606333548522846934,PHILIPS,Ingenia,1.5,5,94,0.054176986,False,False,560.0,es,False,es|PHILIPS
1.2.826.0.1.3680043.8.498.99052905406751383674032587504235261874,PHILIPS,Achieva dStream,1.5,5,111,0.075080888,False,False,576.0,es,False,es|PHILIPS
1.2.826.0.1.3680043.8.498.99077241529686301278201179461896593659,CANON/TOSHIBA,Titan,1.5,7,168,0.143277576,False,False,640.0,en,False,en|CANON/TOSHIBA
1.2.826.0.1.3680043.8.498.99088247184917460283293617180083591028,SIEMENS,MAGNETOM Avanto fit,1.5,5,274,0.417558904,False,True,800.0,de,False,de|SIEMENS
1.2.826.0.1.3680043.8.498.99108147913292332418681050058312852494,SIEMENS,Skyra,3.0,5,152,0.07484979,False,False,384.0,es,False,es|SIEMENS
1.2.826.0.1.3680043.8.498.99155175553749543768821558247962844052,SIEMENS,MAGNETOM Avanto fit,1.5,5,322,0.489830882,False,True,800.0,de,False,de|SIEMENS
1.2.826.0.1.3680043.8.498.99178010550062268668346041362629896201,PHILIPS,Achieva dStream,1.5,5,586,0.459948484,False,True,560.0,en,False,en|PHILIPS
1.2.826.0.1.3680043.8.498.99237666579371266866432031468578336182,SIEMENS,MAGNETOM Avanto fit,1.5,5,300,0.456545286,False,True,800.0,de,False,de|SIEMENS
1.2.826.0.1.3680043.8.498.99243902497374852166139435719549686908,PHILIPS,Multiva,1.5,5,102,0.05750081,False,False,528.0,es,False,es|PHILIPS
1.2.826.0.1.3680043.8.498.99257151613846084492342083136797222759,PHILIPS,Achieva dStream,1.5,6,165,0.09214212,False,False,480.0,tr,False,tr|PHILIPS
1.2.826.0.1.3680043.8.498.99303079292320085374389086609761974820,SIEMENS,SonataVision,1.5,5,103,0.045467214,False,False,384.0,greek,False,greek|SIEMENS
1.2.826.0.1.3680043.8.498.99309981642816644502709148844743995902,SIEMENS,Aera,1.5,5,133,0.021680748,False,False,256.0,tr,False,tr|SIEMENS
1.2.826.0.1.3680043.8.498.99413398303724030328059886749330413303,CANON/TOSHIBA,Vantage,,5,133,0.091955752,True,False,636.0,en,False,en|CANON/TOSHIBA
1.2.826.0.1.3680043.8.498.99414163787650487720542840540379270468,SIEMENS,MAGNETOM Avanto fit,1.5,5,246,0.372834976,False,True,800.0,de,False,de|SIEMENS
1.2.826.0.1.3680043.8.498.99438805806853675793560604625783460513,PHILIPS,Achieva dStream,3.0,8,243,0.197624332,False,False,640.0,en,False,en|PHILIPS
1.2.826.0.1.3680043.8.498.99441773159476751698123795913150660766,CANON/TOSHIBA,Vantage,,5,123,0.080791816,True,False,512.0,en,False,en|CANON/TOSHIBA
1.2.826.0.1.3680043.8.498.99444110025206148999881196086066868280,SIEMENS,Aera,1.5,5,150,0.026515356,False,False,320.0,tr,False,tr|SIEMENS
1.2.826.0.1.3680043.8.498.99448612525108835020450967944392129536,SIEMENS,MAGNETOM Aera,1.5,4,184,0.050478524,False,False,384.0,fr,False,fr|SIEMENS
1.2.826.0.1.3680043.8.498.99454657594216441037514296544803013407,SIEMENS,MAGNETOM Lumina,3.0,5,156,0.054226408,False,False,416.0,es,False,es|SIEMENS
1.2.826.0.1.3680043.8.498.99458163491875066451936719024359566928,PHILIPS,MR 5300,1.5,5,100,0.073516432,False,False,528.0,unknown,False,unknown|PHILIPS
1.2.826.0.1.3680043.8.498.99493257395588095270208592176887619190,SIEMENS,MAGNETOM Avanto fit,1.5,5,262,0.384677182,False,True,800.0,de,False,de|SIEMENS
1.2.826.0.1.3680043.8.498.99526998617163591447503530185291775961,SIEMENS,MAGNETOM Vida,3.0,4,135,0.061631778,False,False,480.0,en,False,en|SIEMENS
1.2.826.0.1.3680043.8.498.99577045720075471058329330051900767206,GE,SIGNA EXCITE,1.5,7,180,0.094619208,False,False,512.0,en,False,en|GE
1.2.826.0.1.3680043.8.498.99578894341571394220300473118855007095,GE,SIGNA EXCITE,1.5,7,168,0.088309598,False,False,512.0,en,False,en|GE
1.2.826.0.1.3680043.8.498.99635784824711754116112241806442235135,SIEMENS,MAGNETOM Avanto fit,1.5,5,257,0.385604306,False,True,800.0,de,False,de|SIEMENS
1.2.826.0.1.3680043.8.498.99651725851820083142440965238449655973,SIEMENS,MAGNETOM Vida,3.0,5,166,0.153066296,False,False,640.0,nl,False,nl|SIEMENS
1.2.826.0.1.3680043.8.498.99708702196778120583644711299950439036,SIEMENS,MAGNETOM Avanto fit,1.5,5,258,0.387672118,False,True,800.0,de,False,de|SIEMENS
1.2.826.0.1.3680043.8.498.99710592666731203419714499168506345263,GE,SIGNA Artist,1.5,4,146,0.133386634,False,False,512.0,en,False,en|GE
1.2.826.0.1.3680043.8.498.99725523560254732094432244556623376711,SIEMENS,Aera,1.5,5,144,0.025498186,False,False,320.0,tr,False,tr|SIEMENS
1.2.826.0.1.3680043.8.498.99726731706411379395165830480890405115,PHILIPS,MR 5300,1.5,5,95,0.053130574,False,False,512.0,es,False,es|PHILIPS
1.2.826.0.1.3680043.8.498.99768154649604643975127490783989114506,PHILIPS,Ingenia,1.5,6,185,0.104726956,False,False,512.0,hr/bs/sr,False,hr/bs/sr|PHILIPS
1.2.826.0.1.3680043.8.498.99813269006669714758887909212386431934,PHILIPS,Ingenia,3.0,5,150,0.120113708,False,False,640.0,cyrillic,False,cyrillic|PHILIPS
1.2.826.0.1.3680043.8.498.99826037216341310731701527407057049820,PHILIPS,Ingenia,3.0,4,118,0.058358496,False,False,512.0,en,False,en|PHILIPS
1.2.826.0.1.3680043.8.498.99827460918477409069820779642161448917,GE,SIGNA Artist,1.5,5,188,0.098843512,False,False,512.0,en,False,en|GE
1.2.826.0.1.3680043.8.498.99864345386635409953374818045984558970,SIEMENS,MAGNETOM Avanto fit,1.5,5,268,0.408317194,False,True,800.0,de,False,de|SIEMENS
1.2.826.0.1.3680043.8.498.99864558747514747686151806909794288262,SIEMENS,MAGNETOM Skyra,3.0,4,219,0.030348594,False,True,352.0,en,False,en|SIEMENS
1.2.826.0.1.3680043.8.498.99880021280666757817587834481314366555,GE,Optima MR450w,1.5,5,164,0.134605492,False,False,640.0,en,False,en|GE
1.2.826.0.1.3680043.8.498.99881620336512626242732899010111041290,SIEMENS,MAGNETOM Vida,3.0,5,166,0.153065812,False,False,640.0,nl,False,nl|SIEMENS
1.2.826.0.1.3680043.8.498.99926624968240681772735102303531613209,SIEMENS,Aera,1.5,5,144,0.025498186,False,False,320.0,tr,False,tr|SIEMENS
1.2.826.0.1.3680043.8.498.99939100657291954890286900729983287973,CANON/TOSHIBA,Vantage,,5,126,0.082367588,True,False,512.0,en,False,en|CANON/TOSHIBA
1.2.826.0.1.3680043.8.498.99957611207313098696146908027229590966,PHILIPS,MR 5300,1.5,6,134,0.088544708,False,False,560.0,es,False,es|PHILIPS
